/home/computer/popgen/projects/ashkenazi_reference_test/data/plink/modern_primary_audit.log	1252 bytes
/home/computer/popgen/projects/ashkenazi_reference_test/data/plink/modern_primary_ld.log	2567 bytes
/home/computer/popgen/projects/ashkenazi_reference_test/data/plink/modern_primary_ld.prune.out	1124716 bytes
/home/computer/popgen/projects/ashkenazi_reference_test/data/plink/modern_primary_pca_admixture.log	1366 bytes
/home/computer/popgen/projects/ashkenazi_reference_test/data/plink/modern_primary_qc_candidates.log	1394 bytes
/home/computer/popgen/projects/ashkenazi_reference_test/data/plink/modern_strict_pass_audit.log	1275 bytes
/home/computer/popgen/projects/ashkenazi_reference_test/data/plink/modern_strict_pass_ld.log	2584 bytes
/home/computer/popgen/projects/ashkenazi_reference_test/data/plink/modern_strict_pass_ld.prune.out	1122310 bytes
/home/computer/popgen/projects/ashkenazi_reference_test/data/plink/modern_strict_pass_pca_admixture.log	1388 bytes
/home/computer/popgen/projects/ashkenazi_reference_test/data/plink/modern_strict_pass_qc_candidates.log	1407 bytes
/home/computer/popgen/projects/ashkenazi_reference_test/logs/02_finalize_clean_manifest_20260718_064816.log	1274 bytes
/home/computer/popgen/projects/ashkenazi_reference_test/logs/02_finalize_clean_manifest_20260718_064900.log	1274 bytes
/home/computer/popgen/projects/ashkenazi_reference_test/logs/02_review_qc_and_build_manifest_20260718_063836.log	384 bytes
/home/computer/popgen/projects/ashkenazi_reference_test/logs/02_review_qc_and_build_manifest_20260718_064221.log	1524 bytes
/home/computer/popgen/projects/ashkenazi_reference_test/logs/03_subset_eigenstrat_panel_20260718_065623.log	1440 bytes
/home/computer/popgen/projects/ashkenazi_reference_test/logs/03_subset_eigenstrat_panel_20260718_075002.log	257 bytes
/home/computer/popgen/projects/ashkenazi_reference_test/logs/03a_transpose_aadr_genotype_20260718_070603.log	506 bytes
/home/computer/popgen/projects/ashkenazi_reference_test/logs/03a_transpose_aadr_genotype_20260718_070853.log	410 bytes
/home/computer/popgen/projects/ashkenazi_reference_test/logs/03a_transpose_aadr_genotype_20260718_071249.log	729 bytes
/home/computer/popgen/projects/ashkenazi_reference_test/logs/03b_build_exact_panel_subsets_20260718_071858.log	4126 bytes
/home/computer/popgen/projects/ashkenazi_reference_test/logs/03b_build_exact_panel_subsets_20260718_072201.log	4126 bytes
/home/computer/popgen/projects/ashkenazi_reference_test/logs/04a_convert_panels_to_plink_20260718_072957.log	6254 bytes
/home/computer/popgen/projects/ashkenazi_reference_test/results/admixture/runs/primary/K02/rep01/admixture.log	5463 bytes
/home/computer/popgen/projects/ashkenazi_reference_test/results/admixture/runs/primary/K02/rep01/admixture_attempt01_admixture_j8.log	5463 bytes
/home/computer/popgen/projects/ashkenazi_reference_test/results/admixture/runs/primary/K02/rep02/admixture.log	3365 bytes
/home/computer/popgen/projects/ashkenazi_reference_test/results/admixture/runs/primary/K02/rep02/admixture_attempt01_admixture_j8.log	3365 bytes
/home/computer/popgen/projects/ashkenazi_reference_test/results/admixture/runs/primary/K02/rep03/admixture.log	4656 bytes
/home/computer/popgen/projects/ashkenazi_reference_test/results/admixture/runs/primary/K02/rep03/admixture_attempt01_admixture_j8.log	4656 bytes
/home/computer/popgen/projects/ashkenazi_reference_test/results/admixture/runs/primary/K02/rep04/admixture.log	4207 bytes
/home/computer/popgen/projects/ashkenazi_reference_test/results/admixture/runs/primary/K02/rep04/admixture_attempt01_admixture_j8.log	4207 bytes
/home/computer/popgen/projects/ashkenazi_reference_test/results/admixture/runs/primary/K02/rep05/admixture.log	4276 bytes
/home/computer/popgen/projects/ashkenazi_reference_test/results/admixture/runs/primary/K02/rep05/admixture_attempt01_admixture_j8.log	4276 bytes
/home/computer/popgen/projects/ashkenazi_reference_test/results/admixture/runs/primary/K03/rep01/admixture.log	3549 bytes
/home/computer/popgen/projects/ashkenazi_reference_test/results/admixture/runs/primary/K03/rep01/admixture_attempt01_admixture_j8.log	3549 bytes
/home/computer/popgen/projects/ashkenazi_reference_test/results/admixture/runs/primary/K03/rep02/admixture.log	3775 bytes
/home/computer/popgen/projects/ashkenazi_reference_test/results/admixture/runs/primary/K03/rep02/admixture_attempt01_admixture_j8.log	3775 bytes
/home/computer/popgen/projects/ashkenazi_reference_test/results/admixture/runs/primary/K03/rep03/admixture.log	3918 bytes
/home/computer/popgen/projects/ashkenazi_reference_test/results/admixture/runs/primary/K03/rep03/admixture_attempt01_admixture_j8.log	3918 bytes
/home/computer/popgen/projects/ashkenazi_reference_test/results/admixture/runs/primary/K03/rep04/admixture.log	4150 bytes
/home/computer/popgen/projects/ashkenazi_reference_test/results/admixture/runs/primary/K03/rep04/admixture_attempt01_admixture_j8.log	4150 bytes
/home/computer/popgen/projects/ashkenazi_reference_test/results/admixture/runs/primary/K03/rep05/admixture.log	3624 bytes
/home/computer/popgen/projects/ashkenazi_reference_test/results/admixture/runs/primary/K03/rep05/admixture_attempt01_admixture_j8.log	3624 bytes
/home/computer/popgen/projects/ashkenazi_reference_test/results/admixture/runs/primary/K04/rep01/admixture.log	6123 bytes
/home/computer/popgen/projects/ashkenazi_reference_test/results/admixture/runs/primary/K04/rep01/admixture_attempt01_admixture_j8.log	6123 bytes
/home/computer/popgen/projects/ashkenazi_reference_test/results/admixture/runs/primary/K04/rep02/admixture.log	6121 bytes
/home/computer/popgen/projects/ashkenazi_reference_test/results/admixture/runs/primary/K04/rep02/admixture_attempt01_admixture_j8.log	6121 bytes
/home/computer/popgen/projects/ashkenazi_reference_test/results/admixture/runs/primary/K04/rep03/admixture.log	5228 bytes
/home/computer/popgen/projects/ashkenazi_reference_test/results/admixture/runs/primary/K04/rep03/admixture_attempt01_admixture_j8.log	5228 bytes
/home/computer/popgen/projects/ashkenazi_reference_test/results/admixture/runs/primary/K04/rep04/admixture.log	5540 bytes
/home/computer/popgen/projects/ashkenazi_reference_test/results/admixture/runs/primary/K04/rep04/admixture_attempt01_admixture_j8.log	5540 bytes
/home/computer/popgen/projects/ashkenazi_reference_test/results/admixture/runs/primary/K04/rep05/admixture.log	5066 bytes
/home/computer/popgen/projects/ashkenazi_reference_test/results/admixture/runs/primary/K04/rep05/admixture_attempt01_admixture_j8.log	5066 bytes
/home/computer/popgen/projects/ashkenazi_reference_test/results/admixture/runs/primary/K05/rep01/admixture.log	5410 bytes
/home/computer/popgen/projects/ashkenazi_reference_test/results/admixture/runs/primary/K05/rep01/admixture_attempt01_admixture_j8.log	5410 bytes
/home/computer/popgen/projects/ashkenazi_reference_test/results/admixture/runs/primary/K05/rep02/admixture.log	10173 bytes
/home/computer/popgen/projects/ashkenazi_reference_test/results/admixture/runs/primary/K05/rep02/admixture_attempt01_admixture_j8.log	10173 bytes
/home/computer/popgen/projects/ashkenazi_reference_test/results/admixture/runs/primary/K05/rep03/admixture.log	9273 bytes
/home/computer/popgen/projects/ashkenazi_reference_test/results/admixture/runs/primary/K05/rep03/admixture_attempt01_admixture_j8.log	9273 bytes
/home/computer/popgen/projects/ashkenazi_reference_test/results/admixture/runs/primary/K05/rep04/admixture.log	6899 bytes
/home/computer/popgen/projects/ashkenazi_reference_test/results/admixture/runs/primary/K05/rep04/admixture_attempt01_admixture_j8.log	6899 bytes
/home/computer/popgen/projects/ashkenazi_reference_test/results/admixture/runs/primary/K05/rep05/admixture.log	6481 bytes
/home/computer/popgen/projects/ashkenazi_reference_test/results/admixture/runs/primary/K05/rep05/admixture_attempt01_admixture_j8.log	6481 bytes
/home/computer/popgen/projects/ashkenazi_reference_test/results/admixture/runs/primary/K06/rep01/admixture.log	6953 bytes
/home/computer/popgen/projects/ashkenazi_reference_test/results/admixture/runs/primary/K06/rep01/admixture_attempt01_admixture_j8.log	6953 bytes
/home/computer/popgen/projects/ashkenazi_reference_test/results/admixture/runs/primary/K06/rep02/admixture.log	7457 bytes
/home/computer/popgen/projects/ashkenazi_reference_test/results/admixture/runs/primary/K06/rep02/admixture_attempt01_admixture_j8.log	7457 bytes
/home/computer/popgen/projects/ashkenazi_reference_test/results/admixture/runs/primary/K06/rep03/admixture.log	6649 bytes
/home/computer/popgen/projects/ashkenazi_reference_test/results/admixture/runs/primary/K06/rep03/admixture_attempt01_admixture_j8.log	6649 bytes
/home/computer/popgen/projects/ashkenazi_reference_test/results/admixture/runs/primary/K06/rep04/admixture.log	5526 bytes
/home/computer/popgen/projects/ashkenazi_reference_test/results/admixture/runs/primary/K06/rep04/admixture_attempt01_admixture_j8.log	5526 bytes
/home/computer/popgen/projects/ashkenazi_reference_test/results/admixture/runs/primary/K06/rep05/admixture.log	5913 bytes
/home/computer/popgen/projects/ashkenazi_reference_test/results/admixture/runs/primary/K06/rep05/admixture_attempt01_admixture_j8.log	5913 bytes
/home/computer/popgen/projects/ashkenazi_reference_test/results/admixture/runs/primary/K07/rep01/admixture.log	11241 bytes
/home/computer/popgen/projects/ashkenazi_reference_test/results/admixture/runs/primary/K07/rep01/admixture_attempt01_admixture_j8.log	11241 bytes
/home/computer/popgen/projects/ashkenazi_reference_test/results/admixture/runs/primary/K07/rep02/admixture.log	5804 bytes
/home/computer/popgen/projects/ashkenazi_reference_test/results/admixture/runs/primary/K07/rep02/admixture_attempt01_admixture_j8.log	5804 bytes
/home/computer/popgen/projects/ashkenazi_reference_test/results/admixture/runs/primary/K07/rep03/admixture.log	6173 bytes
/home/computer/popgen/projects/ashkenazi_reference_test/results/admixture/runs/primary/K07/rep03/admixture_attempt01_admixture_j8.log	6173 bytes
/home/computer/popgen/projects/ashkenazi_reference_test/results/admixture/runs/primary/K07/rep04/admixture.log	8258 bytes
/home/computer/popgen/projects/ashkenazi_reference_test/results/admixture/runs/primary/K07/rep04/admixture_attempt01_admixture_j8.log	8258 bytes
/home/computer/popgen/projects/ashkenazi_reference_test/results/admixture/runs/primary/K07/rep05/admixture.log	4757 bytes
/home/computer/popgen/projects/ashkenazi_reference_test/results/admixture/runs/primary/K07/rep05/admixture_attempt01_admixture_j8.log	4757 bytes
/home/computer/popgen/projects/ashkenazi_reference_test/results/admixture/runs/primary/K08/rep01/admixture.log	8251 bytes
/home/computer/popgen/projects/ashkenazi_reference_test/results/admixture/runs/primary/K08/rep01/admixture_attempt01_admixture_j8.log	8251 bytes
/home/computer/popgen/projects/ashkenazi_reference_test/results/admixture/runs/primary/K08/rep02/admixture.log	7231 bytes
/home/computer/popgen/projects/ashkenazi_reference_test/results/admixture/runs/primary/K08/rep02/admixture_attempt01_admixture_j8.log	7231 bytes
/home/computer/popgen/projects/ashkenazi_reference_test/results/admixture/runs/primary/K08/rep03/admixture.log	7824 bytes
/home/computer/popgen/projects/ashkenazi_reference_test/results/admixture/runs/primary/K08/rep03/admixture_attempt01_admixture_j8.log	7824 bytes
/home/computer/popgen/projects/ashkenazi_reference_test/results/admixture/runs/primary/K08/rep04/admixture.log	6006 bytes
/home/computer/popgen/projects/ashkenazi_reference_test/results/admixture/runs/primary/K08/rep04/admixture_attempt01_admixture_j8.log	6006 bytes
/home/computer/popgen/projects/ashkenazi_reference_test/results/admixture/runs/primary/K08/rep05/admixture.log	6896 bytes
/home/computer/popgen/projects/ashkenazi_reference_test/results/admixture/runs/primary/K08/rep05/admixture_attempt01_admixture_j8.log	6896 bytes
/home/computer/popgen/projects/ashkenazi_reference_test/results/admixture/runs/primary/K09/rep01/admixture.log	7123 bytes
/home/computer/popgen/projects/ashkenazi_reference_test/results/admixture/runs/primary/K09/rep01/admixture_attempt01_admixture_j8.log	7123 bytes
/home/computer/popgen/projects/ashkenazi_reference_test/results/admixture/runs/primary/K09/rep02/admixture.log	4944 bytes
/home/computer/popgen/projects/ashkenazi_reference_test/results/admixture/runs/primary/K09/rep02/admixture_attempt01_admixture_j8.log	4944 bytes
/home/computer/popgen/projects/ashkenazi_reference_test/results/admixture/runs/primary/K09/rep03/admixture.log	7656 bytes
/home/computer/popgen/projects/ashkenazi_reference_test/results/admixture/runs/primary/K09/rep03/admixture_attempt01_admixture_j8.log	7656 bytes
/home/computer/popgen/projects/ashkenazi_reference_test/results/admixture/runs/primary/K09/rep04/admixture.log	5071 bytes
/home/computer/popgen/projects/ashkenazi_reference_test/results/admixture/runs/primary/K09/rep04/admixture_attempt01_admixture_j8.log	5071 bytes
/home/computer/popgen/projects/ashkenazi_reference_test/results/admixture/runs/primary/K09/rep05/admixture.log	5233 bytes
/home/computer/popgen/projects/ashkenazi_reference_test/results/admixture/runs/primary/K09/rep05/admixture_attempt01_admixture_j8.log	5233 bytes
/home/computer/popgen/projects/ashkenazi_reference_test/results/admixture/runs/primary/K10/rep01/admixture.log	6143 bytes
/home/computer/popgen/projects/ashkenazi_reference_test/results/admixture/runs/primary/K10/rep01/admixture_attempt01_admixture_j8.log	6143 bytes
/home/computer/popgen/projects/ashkenazi_reference_test/results/admixture/runs/primary/K10/rep02/admixture.log	7295 bytes
/home/computer/popgen/projects/ashkenazi_reference_test/results/admixture/runs/primary/K10/rep02/admixture_attempt01_admixture_j8.log	7295 bytes
/home/computer/popgen/projects/ashkenazi_reference_test/results/admixture/runs/primary/K10/rep03/admixture.log	8035 bytes
/home/computer/popgen/projects/ashkenazi_reference_test/results/admixture/runs/primary/K10/rep03/admixture_attempt01_admixture_j8.log	8035 bytes
/home/computer/popgen/projects/ashkenazi_reference_test/results/admixture/runs/primary/K10/rep04/admixture.log	5303 bytes
/home/computer/popgen/projects/ashkenazi_reference_test/results/admixture/runs/primary/K10/rep04/admixture_attempt01_admixture_j8.log	5303 bytes
/home/computer/popgen/projects/ashkenazi_reference_test/results/admixture/runs/primary/K10/rep05/admixture.log	7188 bytes
/home/computer/popgen/projects/ashkenazi_reference_test/results/admixture/runs/primary/K10/rep05/admixture_attempt01_admixture_j8.log	7188 bytes
/home/computer/popgen/projects/ashkenazi_reference_test/results/admixture/runs/primary/K11/rep01/admixture.log	7115 bytes
/home/computer/popgen/projects/ashkenazi_reference_test/results/admixture/runs/primary/K11/rep01/admixture_attempt01_admixture_j8.log	7115 bytes
/home/computer/popgen/projects/ashkenazi_reference_test/results/admixture/runs/primary/K11/rep02/admixture.log	14599 bytes
/home/computer/popgen/projects/ashkenazi_reference_test/results/admixture/runs/primary/K11/rep02/admixture_attempt01_admixture_j8.log	14599 bytes
/home/computer/popgen/projects/ashkenazi_reference_test/results/admixture/runs/primary/K11/rep03/admixture.log	7041 bytes
/home/computer/popgen/projects/ashkenazi_reference_test/results/admixture/runs/primary/K11/rep03/admixture_attempt01_admixture_j8.log	7041 bytes
/home/computer/popgen/projects/ashkenazi_reference_test/results/admixture/runs/primary/K11/rep04/admixture.log	9139 bytes
/home/computer/popgen/projects/ashkenazi_reference_test/results/admixture/runs/primary/K11/rep04/admixture_attempt01_admixture_j8.log	9139 bytes
/home/computer/popgen/projects/ashkenazi_reference_test/results/admixture/runs/primary/K11/rep05/admixture.log	11612 bytes
/home/computer/popgen/projects/ashkenazi_reference_test/results/admixture/runs/primary/K11/rep05/admixture_attempt01_admixture_j8.log	11612 bytes
/home/computer/popgen/projects/ashkenazi_reference_test/results/admixture/runs/primary/K12/rep01/admixture.log	14392 bytes
/home/computer/popgen/projects/ashkenazi_reference_test/results/admixture/runs/primary/K12/rep01/admixture_attempt01_admixture_j8.log	14392 bytes
/home/computer/popgen/projects/ashkenazi_reference_test/results/admixture/runs/primary/K12/rep02/admixture.log	8399 bytes
/home/computer/popgen/projects/ashkenazi_reference_test/results/admixture/runs/primary/K12/rep02/admixture_attempt01_admixture_j8.log	8399 bytes
/home/computer/popgen/projects/ashkenazi_reference_test/results/admixture/runs/primary/K12/rep03/admixture.log	13359 bytes
/home/computer/popgen/projects/ashkenazi_reference_test/results/admixture/runs/primary/K12/rep03/admixture_attempt01_admixture_j8.log	13359 bytes
/home/computer/popgen/projects/ashkenazi_reference_test/results/admixture/runs/primary/K12/rep04/admixture.log	8739 bytes
/home/computer/popgen/projects/ashkenazi_reference_test/results/admixture/runs/primary/K12/rep04/admixture_attempt01_admixture_j8.log	8739 bytes
/home/computer/popgen/projects/ashkenazi_reference_test/results/admixture/runs/primary/K12/rep05/admixture.log	7989 bytes
/home/computer/popgen/projects/ashkenazi_reference_test/results/admixture/runs/primary/K12/rep05/admixture_attempt01_admixture_j8.log	7989 bytes
/home/computer/popgen/projects/ashkenazi_reference_test/results/admixture/runs/strict_pass/K02/rep01/admixture.log	3069 bytes
/home/computer/popgen/projects/ashkenazi_reference_test/results/admixture/runs/strict_pass/K02/rep01/admixture_attempt01_admixture_j8.log	3069 bytes
/home/computer/popgen/projects/ashkenazi_reference_test/results/admixture/runs/strict_pass/K02/rep02/admixture.log	3076 bytes
/home/computer/popgen/projects/ashkenazi_reference_test/results/admixture/runs/strict_pass/K02/rep02/admixture_attempt01_admixture_j8.log	3076 bytes
/home/computer/popgen/projects/ashkenazi_reference_test/results/admixture/runs/strict_pass/K02/rep03/admixture.log	3145 bytes
/home/computer/popgen/projects/ashkenazi_reference_test/results/admixture/runs/strict_pass/K02/rep03/admixture_attempt01_admixture_j8.log	3145 bytes
/home/computer/popgen/projects/ashkenazi_reference_test/results/admixture/runs/strict_pass/K02/rep04/admixture.log	3076 bytes
/home/computer/popgen/projects/ashkenazi_reference_test/results/admixture/runs/strict_pass/K02/rep04/admixture_attempt01_admixture_j8.log	3076 bytes
/home/computer/popgen/projects/ashkenazi_reference_test/results/admixture/runs/strict_pass/K02/rep05/admixture.log	3295 bytes
/home/computer/popgen/projects/ashkenazi_reference_test/results/admixture/runs/strict_pass/K02/rep05/admixture_attempt01_admixture_j8.log	3295 bytes
/home/computer/popgen/projects/ashkenazi_reference_test/results/admixture/runs/strict_pass/K03/rep01/admixture.log	3923 bytes
/home/computer/popgen/projects/ashkenazi_reference_test/results/admixture/runs/strict_pass/K03/rep01/admixture_attempt01_admixture_j8.log	3923 bytes
/home/computer/popgen/projects/ashkenazi_reference_test/results/admixture/runs/strict_pass/K03/rep02/admixture.log	3694 bytes
/home/computer/popgen/projects/ashkenazi_reference_test/results/admixture/runs/strict_pass/K03/rep02/admixture_attempt01_admixture_j8.log	3694 bytes
/home/computer/popgen/projects/ashkenazi_reference_test/results/admixture/runs/strict_pass/K03/rep03/admixture.log	3993 bytes
/home/computer/popgen/projects/ashkenazi_reference_test/results/admixture/runs/strict_pass/K03/rep03/admixture_attempt01_admixture_j8.log	3993 bytes
/home/computer/popgen/projects/ashkenazi_reference_test/results/admixture/runs/strict_pass/K03/rep04/admixture.log	3754 bytes
/home/computer/popgen/projects/ashkenazi_reference_test/results/admixture/runs/strict_pass/K03/rep04/admixture_attempt01_admixture_j8.log	3754 bytes
/home/computer/popgen/projects/ashkenazi_reference_test/results/admixture/runs/strict_pass/K03/rep05/admixture.log	4375 bytes
/home/computer/popgen/projects/ashkenazi_reference_test/results/admixture/runs/strict_pass/K03/rep05/admixture_attempt01_admixture_j8.log	4375 bytes
/home/computer/popgen/projects/ashkenazi_reference_test/results/admixture/runs/strict_pass/K04/rep01/admixture.log	5686 bytes
/home/computer/popgen/projects/ashkenazi_reference_test/results/admixture/runs/strict_pass/K04/rep01/admixture_attempt01_admixture_j8.log	5686 bytes
/home/computer/popgen/projects/ashkenazi_reference_test/results/admixture/runs/strict_pass/K04/rep02/admixture.log	5299 bytes
/home/computer/popgen/projects/ashkenazi_reference_test/results/admixture/runs/strict_pass/K04/rep02/admixture_attempt01_admixture_j8.log	5299 bytes
/home/computer/popgen/projects/ashkenazi_reference_test/results/admixture/runs/strict_pass/K04/rep03/admixture.log	7191 bytes
/home/computer/popgen/projects/ashkenazi_reference_test/results/admixture/runs/strict_pass/K04/rep03/admixture_attempt01_admixture_j8.log	7191 bytes
/home/computer/popgen/projects/ashkenazi_reference_test/results/admixture/runs/strict_pass/K04/rep04/admixture.log	4551 bytes
/home/computer/popgen/projects/ashkenazi_reference_test/results/admixture/runs/strict_pass/K04/rep04/admixture_attempt01_admixture_j8.log	4551 bytes
/home/computer/popgen/projects/ashkenazi_reference_test/results/admixture/runs/strict_pass/K04/rep05/admixture.log	5987 bytes
/home/computer/popgen/projects/ashkenazi_reference_test/results/admixture/runs/strict_pass/K04/rep05/admixture_attempt01_admixture_j8.log	5987 bytes
/home/computer/popgen/projects/ashkenazi_reference_test/results/admixture/runs/strict_pass/K05/rep01/admixture.log	5846 bytes
/home/computer/popgen/projects/ashkenazi_reference_test/results/admixture/runs/strict_pass/K05/rep01/admixture_attempt01_admixture_j8.log	5846 bytes
/home/computer/popgen/projects/ashkenazi_reference_test/results/admixture/runs/strict_pass/K05/rep02/admixture.log	5773 bytes
/home/computer/popgen/projects/ashkenazi_reference_test/results/admixture/runs/strict_pass/K05/rep02/admixture_attempt01_admixture_j8.log	5773 bytes
/home/computer/popgen/projects/ashkenazi_reference_test/results/admixture/runs/strict_pass/K05/rep03/admixture.log	6924 bytes
/home/computer/popgen/projects/ashkenazi_reference_test/results/admixture/runs/strict_pass/K05/rep03/admixture_attempt01_admixture_j8.log	6924 bytes
/home/computer/popgen/projects/ashkenazi_reference_test/results/admixture/runs/strict_pass/K05/rep04/admixture.log	8201 bytes
/home/computer/popgen/projects/ashkenazi_reference_test/results/admixture/runs/strict_pass/K05/rep04/admixture_attempt01_admixture_j8.log	8201 bytes
/home/computer/popgen/projects/ashkenazi_reference_test/results/admixture/runs/strict_pass/K05/rep05/admixture.log	10010 bytes
/home/computer/popgen/projects/ashkenazi_reference_test/results/admixture/runs/strict_pass/K05/rep05/admixture_attempt01_admixture_j8.log	10010 bytes
/home/computer/popgen/projects/ashkenazi_reference_test/results/admixture/runs/strict_pass/K06/rep01/admixture.log	6883 bytes
/home/computer/popgen/projects/ashkenazi_reference_test/results/admixture/runs/strict_pass/K06/rep01/admixture_attempt01_admixture_j8.log	6883 bytes
/home/computer/popgen/projects/ashkenazi_reference_test/results/admixture/runs/strict_pass/K06/rep02/admixture.log	7829 bytes
/home/computer/popgen/projects/ashkenazi_reference_test/results/admixture/runs/strict_pass/K06/rep02/admixture_attempt01_admixture_j8.log	7829 bytes
/home/computer/popgen/projects/ashkenazi_reference_test/results/admixture/runs/strict_pass/K06/rep03/admixture.log	7951 bytes
/home/computer/popgen/projects/ashkenazi_reference_test/results/admixture/runs/strict_pass/K06/rep03/admixture_attempt01_admixture_j8.log	7951 bytes
/home/computer/popgen/projects/ashkenazi_reference_test/results/admixture/runs/strict_pass/K06/rep04/admixture.log	7039 bytes
/home/computer/popgen/projects/ashkenazi_reference_test/results/admixture/runs/strict_pass/K06/rep04/admixture_attempt01_admixture_j8.log	7039 bytes
/home/computer/popgen/projects/ashkenazi_reference_test/results/admixture/runs/strict_pass/K06/rep05/admixture.log	11325 bytes
/home/computer/popgen/projects/ashkenazi_reference_test/results/admixture/runs/strict_pass/K06/rep05/admixture_attempt01_admixture_j8.log	11325 bytes
/home/computer/popgen/projects/ashkenazi_reference_test/results/admixture/runs/strict_pass/K07/rep01/admixture.log	6391 bytes
/home/computer/popgen/projects/ashkenazi_reference_test/results/admixture/runs/strict_pass/K07/rep01/admixture_attempt01_admixture_j8.log	6391 bytes
/home/computer/popgen/projects/ashkenazi_reference_test/results/admixture/runs/strict_pass/K07/rep02/admixture.log	13221 bytes
/home/computer/popgen/projects/ashkenazi_reference_test/results/admixture/runs/strict_pass/K07/rep02/admixture_attempt01_admixture_j8.log	13221 bytes
/home/computer/popgen/projects/ashkenazi_reference_test/results/admixture/runs/strict_pass/K07/rep03/admixture.log	13910 bytes
/home/computer/popgen/projects/ashkenazi_reference_test/results/admixture/runs/strict_pass/K07/rep03/admixture_attempt01_admixture_j8.log	13910 bytes
/home/computer/popgen/projects/ashkenazi_reference_test/results/admixture/runs/strict_pass/K07/rep04/admixture.log	7623 bytes
/home/computer/popgen/projects/ashkenazi_reference_test/results/admixture/runs/strict_pass/K07/rep04/admixture_attempt01_admixture_j8.log	7623 bytes
/home/computer/popgen/projects/ashkenazi_reference_test/results/admixture/runs/strict_pass/K07/rep05/admixture.log	13131 bytes
/home/computer/popgen/projects/ashkenazi_reference_test/results/admixture/runs/strict_pass/K07/rep05/admixture_attempt01_admixture_j8.log	13131 bytes
/home/computer/popgen/projects/ashkenazi_reference_test/results/admixture/runs/strict_pass/K08/rep01/admixture.log	11889 bytes
/home/computer/popgen/projects/ashkenazi_reference_test/results/admixture/runs/strict_pass/K08/rep01/admixture_attempt01_admixture_j8.log	11889 bytes
/home/computer/popgen/projects/ashkenazi_reference_test/results/admixture/runs/strict_pass/K08/rep02/admixture.log	10880 bytes
/home/computer/popgen/projects/ashkenazi_reference_test/results/admixture/runs/strict_pass/K08/rep02/admixture_attempt01_admixture_j8.log	10880 bytes
/home/computer/popgen/projects/ashkenazi_reference_test/results/admixture/runs/strict_pass/K08/rep03/admixture.log	8867 bytes
/home/computer/popgen/projects/ashkenazi_reference_test/results/admixture/runs/strict_pass/K08/rep03/admixture_attempt01_admixture_j8.log	8867 bytes
/home/computer/popgen/projects/ashkenazi_reference_test/results/admixture/runs/strict_pass/K08/rep04/admixture.log	17267 bytes
/home/computer/popgen/projects/ashkenazi_reference_test/results/admixture/runs/strict_pass/K08/rep04/admixture_attempt01_admixture_j8.log	17267 bytes
/home/computer/popgen/projects/ashkenazi_reference_test/results/admixture/runs/strict_pass/K08/rep05/admixture.log	13513 bytes
/home/computer/popgen/projects/ashkenazi_reference_test/results/admixture/runs/strict_pass/K08/rep05/admixture_attempt01_admixture_j8.log	13513 bytes
/home/computer/popgen/projects/ashkenazi_reference_test/results/admixture/runs/strict_pass/K09/rep01/admixture.log	24030 bytes
/home/computer/popgen/projects/ashkenazi_reference_test/results/admixture/runs/strict_pass/K09/rep01/admixture_attempt01_admixture_j8.log	24030 bytes
/home/computer/popgen/projects/ashkenazi_reference_test/results/admixture/runs/strict_pass/K09/rep02/admixture.log	15719 bytes
/home/computer/popgen/projects/ashkenazi_reference_test/results/admixture/runs/strict_pass/K09/rep02/admixture_attempt01_admixture_j8.log	15719 bytes
/home/computer/popgen/projects/ashkenazi_reference_test/results/admixture/runs/strict_pass/K09/rep03/admixture.log	13760 bytes
/home/computer/popgen/projects/ashkenazi_reference_test/results/admixture/runs/strict_pass/K09/rep03/admixture_attempt01_admixture_j8.log	13760 bytes
/home/computer/popgen/projects/ashkenazi_reference_test/results/admixture/runs/strict_pass/K09/rep04/admixture.log	18297 bytes
/home/computer/popgen/projects/ashkenazi_reference_test/results/admixture/runs/strict_pass/K09/rep04/admixture_attempt01_admixture_j8.log	18297 bytes
/home/computer/popgen/projects/ashkenazi_reference_test/results/admixture/runs/strict_pass/K09/rep05/admixture.log	17362 bytes
/home/computer/popgen/projects/ashkenazi_reference_test/results/admixture/runs/strict_pass/K09/rep05/admixture_attempt01_admixture_j8.log	17362 bytes
/home/computer/popgen/projects/ashkenazi_reference_test/results/admixture/runs/strict_pass/K10/rep01/admixture.log	21957 bytes
/home/computer/popgen/projects/ashkenazi_reference_test/results/admixture/runs/strict_pass/K10/rep01/admixture_attempt01_admixture_j8.log	21957 bytes
/home/computer/popgen/projects/ashkenazi_reference_test/results/admixture/runs/strict_pass/K10/rep02/admixture.log	17686 bytes
/home/computer/popgen/projects/ashkenazi_reference_test/results/admixture/runs/strict_pass/K10/rep02/admixture_attempt01_admixture_j8.log	17686 bytes
/home/computer/popgen/projects/ashkenazi_reference_test/results/admixture/runs/strict_pass/K10/rep03/admixture.log	16685 bytes
/home/computer/popgen/projects/ashkenazi_reference_test/results/admixture/runs/strict_pass/K10/rep03/admixture_attempt01_admixture_j8.log	16685 bytes
/home/computer/popgen/projects/ashkenazi_reference_test/results/admixture/runs/strict_pass/K10/rep04/admixture.log	11522 bytes
/home/computer/popgen/projects/ashkenazi_reference_test/results/admixture/runs/strict_pass/K10/rep04/admixture_attempt01_admixture_j8.log	11522 bytes
/home/computer/popgen/projects/ashkenazi_reference_test/results/admixture/runs/strict_pass/K10/rep05/admixture.log	14674 bytes
/home/computer/popgen/projects/ashkenazi_reference_test/results/admixture/runs/strict_pass/K10/rep05/admixture_attempt01_admixture_j8.log	14674 bytes
/home/computer/popgen/projects/ashkenazi_reference_test/results/admixture/runs/strict_pass/K11/rep01/admixture.log	19328 bytes
/home/computer/popgen/projects/ashkenazi_reference_test/results/admixture/runs/strict_pass/K11/rep01/admixture_attempt01_admixture_j8.log	19328 bytes
/home/computer/popgen/projects/ashkenazi_reference_test/results/admixture/runs/strict_pass/K11/rep02/admixture.log	16296 bytes
/home/computer/popgen/projects/ashkenazi_reference_test/results/admixture/runs/strict_pass/K11/rep02/admixture_attempt01_admixture_j8.log	16296 bytes
/home/computer/popgen/projects/ashkenazi_reference_test/results/admixture/runs/strict_pass/K11/rep03/admixture.log	19569 bytes
/home/computer/popgen/projects/ashkenazi_reference_test/results/admixture/runs/strict_pass/K11/rep03/admixture_attempt01_admixture_j8.log	19569 bytes
/home/computer/popgen/projects/ashkenazi_reference_test/results/admixture/runs/strict_pass/K11/rep04/admixture.log	16803 bytes
/home/computer/popgen/projects/ashkenazi_reference_test/results/admixture/runs/strict_pass/K11/rep04/admixture_attempt01_admixture_j8.log	16803 bytes
/home/computer/popgen/projects/ashkenazi_reference_test/results/admixture/runs/strict_pass/K11/rep05/admixture.log	18240 bytes
/home/computer/popgen/projects/ashkenazi_reference_test/results/admixture/runs/strict_pass/K11/rep05/admixture_attempt01_admixture_j8.log	18240 bytes
/home/computer/popgen/projects/ashkenazi_reference_test/results/admixture/runs/strict_pass/K12/rep01/admixture.log	13645 bytes
/home/computer/popgen/projects/ashkenazi_reference_test/results/admixture/runs/strict_pass/K12/rep01/admixture_attempt01_admixture_j8.log	13645 bytes
/home/computer/popgen/projects/ashkenazi_reference_test/results/admixture/runs/strict_pass/K12/rep02/admixture.log	13271 bytes
/home/computer/popgen/projects/ashkenazi_reference_test/results/admixture/runs/strict_pass/K12/rep02/admixture_attempt01_admixture_j8.log	13271 bytes
/home/computer/popgen/projects/ashkenazi_reference_test/results/admixture/runs/strict_pass/K12/rep03/admixture.log	22570 bytes
/home/computer/popgen/projects/ashkenazi_reference_test/results/admixture/runs/strict_pass/K12/rep03/admixture_attempt01_admixture_j8.log	22570 bytes
/home/computer/popgen/projects/ashkenazi_reference_test/results/admixture/runs/strict_pass/K12/rep04/admixture.log	23380 bytes
/home/computer/popgen/projects/ashkenazi_reference_test/results/admixture/runs/strict_pass/K12/rep04/admixture_attempt01_admixture_j8.log	23380 bytes
/home/computer/popgen/projects/ashkenazi_reference_test/results/admixture/runs/strict_pass/K12/rep05/admixture.log	20522 bytes
/home/computer/popgen/projects/ashkenazi_reference_test/results/admixture/runs/strict_pass/K12/rep05/admixture_attempt01_admixture_j8.log	20522 bytes
/home/computer/popgen/projects/ashkenazi_reference_test/results/fst/stage06_master_console.log	12704 bytes
/home/computer/popgen/projects/ashkenazi_reference_test/results/fst/stratified_frequencies/primary_shared_qc.log	1680 bytes
/home/computer/popgen/projects/ashkenazi_reference_test/results/fst/stratified_frequencies/strict_pass_shared_qc.log	1698 bytes
/home/computer/popgen/projects/ashkenazi_reference_test/results/fst/weir_cockerham_validation/primary/Jew_Ashkenazi__Cypriot.log	2144 bytes
/home/computer/popgen/projects/ashkenazi_reference_test/results/fst/weir_cockerham_validation/primary/Jew_Ashkenazi__Druze.log	2157 bytes
/home/computer/popgen/projects/ashkenazi_reference_test/results/fst/weir_cockerham_validation/primary/Jew_Ashkenazi__Greek.log	2132 bytes
/home/computer/popgen/projects/ashkenazi_reference_test/results/fst/weir_cockerham_validation/primary/Jew_Ashkenazi__Italian_Bergamo.log	2209 bytes
/home/computer/popgen/projects/ashkenazi_reference_test/results/fst/weir_cockerham_validation/primary/Jew_Ashkenazi__Italian_Central.log	2211 bytes
/home/computer/popgen/projects/ashkenazi_reference_test/results/fst/weir_cockerham_validation/primary/Jew_Ashkenazi__Italian_North.log	2172 bytes
/home/computer/popgen/projects/ashkenazi_reference_test/results/fst/weir_cockerham_validation/primary/Jew_Ashkenazi__Italian_South.log	2200 bytes
/home/computer/popgen/projects/ashkenazi_reference_test/results/fst/weir_cockerham_validation/primary/Jew_Ashkenazi__Italian_Tuscan.log	2175 bytes
/home/computer/popgen/projects/ashkenazi_reference_test/results/fst/weir_cockerham_validation/primary/Jew_Ashkenazi__Jew_Iraqi.log	2149 bytes
/home/computer/popgen/projects/ashkenazi_reference_test/results/fst/weir_cockerham_validation/primary/Jew_Ashkenazi__Jew_Turkish.log	2163 bytes
/home/computer/popgen/projects/ashkenazi_reference_test/results/fst/weir_cockerham_validation/primary/Jew_Ashkenazi__Jew_Yemenite.log	2165 bytes
/home/computer/popgen/projects/ashkenazi_reference_test/results/fst/weir_cockerham_validation/primary/Jew_Ashkenazi__Lebanese.log	2148 bytes
/home/computer/popgen/projects/ashkenazi_reference_test/results/fst/weir_cockerham_validation/primary/Jew_Ashkenazi__Lebanese_Christian.log	2197 bytes
/home/computer/popgen/projects/ashkenazi_reference_test/results/fst/weir_cockerham_validation/primary/Jew_Ashkenazi__Lebanese_Muslim.log	2182 bytes
/home/computer/popgen/projects/ashkenazi_reference_test/results/fst/weir_cockerham_validation/primary/Jew_Ashkenazi__Maltese.log	2142 bytes
/home/computer/popgen/projects/ashkenazi_reference_test/results/fst/weir_cockerham_validation/primary/Jew_Ashkenazi__Palestinian.log	2186 bytes
/home/computer/popgen/projects/ashkenazi_reference_test/results/fst/weir_cockerham_validation/primary/Jew_Ashkenazi__Sicilian.log	2147 bytes
/home/computer/popgen/projects/ashkenazi_reference_test/results/fst/weir_cockerham_validation/strict_pass/Jew_Ashkenazi__Cypriot.log	2166 bytes
/home/computer/popgen/projects/ashkenazi_reference_test/results/fst/weir_cockerham_validation/strict_pass/Jew_Ashkenazi__Druze.log	2177 bytes
/home/computer/popgen/projects/ashkenazi_reference_test/results/fst/weir_cockerham_validation/strict_pass/Jew_Ashkenazi__Greek.log	2154 bytes
/home/computer/popgen/projects/ashkenazi_reference_test/results/fst/weir_cockerham_validation/strict_pass/Jew_Ashkenazi__Italian_Bergamo.log	2231 bytes
/home/computer/popgen/projects/ashkenazi_reference_test/results/fst/weir_cockerham_validation/strict_pass/Jew_Ashkenazi__Italian_Central.log	2233 bytes
/home/computer/popgen/projects/ashkenazi_reference_test/results/fst/weir_cockerham_validation/strict_pass/Jew_Ashkenazi__Italian_North.log	2194 bytes
/home/computer/popgen/projects/ashkenazi_reference_test/results/fst/weir_cockerham_validation/strict_pass/Jew_Ashkenazi__Italian_South.log	2222 bytes
/home/computer/popgen/projects/ashkenazi_reference_test/results/fst/weir_cockerham_validation/strict_pass/Jew_Ashkenazi__Italian_Tuscan.log	2200 bytes
/home/computer/popgen/projects/ashkenazi_reference_test/results/fst/weir_cockerham_validation/strict_pass/Jew_Ashkenazi__Jew_Iraqi.log	2173 bytes
/home/computer/popgen/projects/ashkenazi_reference_test/results/fst/weir_cockerham_validation/strict_pass/Jew_Ashkenazi__Jew_Turkish.log	2185 bytes
/home/computer/popgen/projects/ashkenazi_reference_test/results/fst/weir_cockerham_validation/strict_pass/Jew_Ashkenazi__Jew_Yemenite.log	2188 bytes
/home/computer/popgen/projects/ashkenazi_reference_test/results/fst/weir_cockerham_validation/strict_pass/Jew_Ashkenazi__Lebanese.log	2170 bytes
/home/computer/popgen/projects/ashkenazi_reference_test/results/fst/weir_cockerham_validation/strict_pass/Jew_Ashkenazi__Lebanese_Christian.log	2219 bytes
/home/computer/popgen/projects/ashkenazi_reference_test/results/fst/weir_cockerham_validation/strict_pass/Jew_Ashkenazi__Lebanese_Muslim.log	2204 bytes
/home/computer/popgen/projects/ashkenazi_reference_test/results/fst/weir_cockerham_validation/strict_pass/Jew_Ashkenazi__Maltese.log	2164 bytes
/home/computer/popgen/projects/ashkenazi_reference_test/results/fst/weir_cockerham_validation/strict_pass/Jew_Ashkenazi__Palestinian.log	2183 bytes
/home/computer/popgen/projects/ashkenazi_reference_test/results/fst/weir_cockerham_validation/strict_pass/Jew_Ashkenazi__Sicilian.log	2169 bytes
/home/computer/popgen/projects/ashkenazi_reference_test/results/pca/modern_primary.log	1253 bytes
/home/computer/popgen/projects/ashkenazi_reference_test/results/pca/modern_strict_pass.log	1270 bytes
