Genetic_ID	Original_Group	Clean_Group	Locality	Suffix	Data_Type	Assessment	Assessment_Warning	Assessment_Basis	Relabel_Basis	Family_Relations
CYP19.HO	Cypriot	Cypriot	Nicosia	HO	HumanOrigins	Pass	..	AADR Pass	Original exact AADR group retained	..
CYP2.HO	Cypriot	Cypriot	Nicosia	HO	HumanOrigins	Pass	..	AADR Pass	Original exact AADR group retained	..
CYP5.HO	Cypriot	Cypriot	Nicosia	HO	HumanOrigins	Pass	..	AADR Pass	Original exact AADR group retained	..
Cyprus22AJ19.HO	Cypriot	Cypriot	Nicosia	HO	HumanOrigins	Pass	..	AADR Pass	Original exact AADR group retained	..
Cyprus24AJ19.HO	Cypriot	Cypriot	Nicosia	HO	HumanOrigins	Pass	..	AADR Pass	Original exact AADR group retained	..
HGDP00557.DG	Druze	Druze	Israel, modern 1	DG	Shotgun.diploid	PROVISIONAL_PASS	..	AADR PROVISIONAL_PASS; DG Shotgun.diploid; no specific warning	Original exact AADR group retained	..
HGDP00557.HO	Druze	Druze	Israel, modern 1	HO	HumanOrigins	Pass	..	AADR Pass	Original exact AADR group retained	..
HGDP00558.DG	Druze	Druze	Israel, modern 1	DG	Shotgun.diploid	PROVISIONAL_PASS	..	AADR PROVISIONAL_PASS; DG Shotgun.diploid; no specific warning	Original exact AADR group retained	..
HGDP00558.HO	Druze	Druze	Israel, modern 1	HO	HumanOrigins	Pass	..	AADR Pass	Original exact AADR group retained	..
HGDP00559.DG	Druze	Druze	Israel, modern 1	DG	Shotgun.diploid	PROVISIONAL_PASS	..	AADR PROVISIONAL_PASS; DG Shotgun.diploid; no specific warning	Original exact AADR group retained	..
HGDP00559.HO	Druze	Druze	Israel, modern 1	HO	HumanOrigins	Pass	..	AADR Pass	Original exact AADR group retained	..
HGDP00560.DG	Druze	Druze	Israel, modern 1	DG	Shotgun.diploid	PROVISIONAL_PASS	..	AADR PROVISIONAL_PASS; DG Shotgun.diploid; no specific warning	Original exact AADR group retained	..
HGDP00560.HO	Druze	Druze	Israel, modern 1	HO	HumanOrigins	Pass	..	AADR Pass	Original exact AADR group retained	..
HGDP00561.DG	Druze	Druze	Israel, modern 1	DG	Shotgun.diploid	PROVISIONAL_PASS	..	AADR PROVISIONAL_PASS; DG Shotgun.diploid; no specific warning	Original exact AADR group retained	..
HGDP00561.HO	Druze	Druze	Israel, modern 1	HO	HumanOrigins	Pass	..	AADR Pass	Original exact AADR group retained	..
HGDP00562.DG	Druze	Druze	Israel, modern 1	DG	Shotgun.diploid	PROVISIONAL_PASS	..	AADR PROVISIONAL_PASS; DG Shotgun.diploid; no specific warning	Original exact AADR group retained	..
HGDP00562.HO	Druze	Druze	Israel, modern 1	HO	HumanOrigins	Pass	..	AADR Pass	Original exact AADR group retained	..
HGDP00563.DG	Druze	Druze	Israel, modern 1	DG	Shotgun.diploid	PROVISIONAL_PASS	..	AADR PROVISIONAL_PASS; DG Shotgun.diploid; no specific warning	Original exact AADR group retained	..
HGDP00563.HO	Druze	Druze	Israel, modern 1	HO	HumanOrigins	Pass	..	AADR Pass	Original exact AADR group retained	..
HGDP00564.DG	Druze	Druze	Israel, modern 1	DG	Shotgun.diploid	PROVISIONAL_PASS	..	AADR PROVISIONAL_PASS; DG Shotgun.diploid; no specific warning	Original exact AADR group retained	..
HGDP00564.HO	Druze	Druze	Israel, modern 1	HO	HumanOrigins	Pass	..	AADR Pass	Original exact AADR group retained	..
HGDP00565.DG	Druze	Druze	Israel, modern 1	DG	Shotgun.diploid	PROVISIONAL_PASS	..	AADR PROVISIONAL_PASS; DG Shotgun.diploid; no specific warning	Original exact AADR group retained	..
HGDP00565.HO	Druze	Druze	Israel, modern 1	HO	HumanOrigins	Pass	..	AADR Pass	Original exact AADR group retained	..
HGDP00566.DG	Druze	Druze	Israel, modern 1	DG	Shotgun.diploid	PROVISIONAL_PASS	..	AADR PROVISIONAL_PASS; DG Shotgun.diploid; no specific warning	Original exact AADR group retained	..
HGDP00566.HO	Druze	Druze	Israel, modern 1	HO	HumanOrigins	Pass	..	AADR Pass	Original exact AADR group retained	..
HGDP00567.DG	Druze	Druze	Israel, modern 1	DG	Shotgun.diploid	PROVISIONAL_PASS	..	AADR PROVISIONAL_PASS; DG Shotgun.diploid; no specific warning	Original exact AADR group retained	..
HGDP00567.HO	Druze	Druze	Israel, modern 1	HO	HumanOrigins	Pass	..	AADR Pass	Original exact AADR group retained	..
HGDP00568.DG	Druze	Druze	Israel, modern 1	DG	Shotgun.diploid	PROVISIONAL_PASS	..	AADR PROVISIONAL_PASS; DG Shotgun.diploid; no specific warning	Original exact AADR group retained	..
HGDP00568.HO	Druze	Druze	Israel, modern 1	HO	HumanOrigins	Pass	..	AADR Pass	Original exact AADR group retained	..
HGDP00569.DG	Druze	Druze	Israel, modern 1	DG	Shotgun.diploid	PROVISIONAL_PASS	..	AADR PROVISIONAL_PASS; DG Shotgun.diploid; no specific warning	Original exact AADR group retained	..
HGDP00569.HO	Druze	Druze	Israel, modern 1	HO	HumanOrigins	Pass	..	AADR Pass	Original exact AADR group retained	..
HGDP00571.DG	Druze	Druze	Israel, modern 1	DG	Shotgun.diploid	PROVISIONAL_PASS	..	AADR PROVISIONAL_PASS; DG Shotgun.diploid; no specific warning	Original exact AADR group retained	..
HGDP00571.HO	Druze	Druze	Israel, modern 1	HO	HumanOrigins	Pass	..	AADR Pass	Original exact AADR group retained	..
HGDP00572.DG	Druze	Druze	Israel, modern 1	DG	Shotgun.diploid	PROVISIONAL_PASS	..	AADR PROVISIONAL_PASS; DG Shotgun.diploid; no specific warning	Original exact AADR group retained	..
HGDP00572.HO	Druze	Druze	Israel, modern 1	HO	HumanOrigins	Pass	..	AADR Pass	Original exact AADR group retained	..
HGDP00573.DG	Druze	Druze	Israel, modern 1	DG	Shotgun.diploid	PROVISIONAL_PASS	..	AADR PROVISIONAL_PASS; DG Shotgun.diploid; no specific warning	Original exact AADR group retained	..
HGDP00573.HO	Druze	Druze	Israel, modern 1	HO	HumanOrigins	Pass	..	AADR Pass	Original exact AADR group retained	..
HGDP00574.DG	Druze	Druze	Israel, modern 1	DG	Shotgun.diploid	PROVISIONAL_PASS	..	AADR PROVISIONAL_PASS; DG Shotgun.diploid; no specific warning	Original exact AADR group retained	..
HGDP00574.HO	Druze	Druze	Israel, modern 1	HO	HumanOrigins	Pass	..	AADR Pass	Original exact AADR group retained	..
HGDP00575.DG	Druze	Druze	Israel, modern 1	DG	Shotgun.diploid	PROVISIONAL_PASS	..	AADR PROVISIONAL_PASS; DG Shotgun.diploid; no specific warning	Original exact AADR group retained	..
HGDP00575.HO	Druze	Druze	Israel, modern 1	HO	HumanOrigins	Pass	..	AADR Pass	Original exact AADR group retained	..
HGDP00576.DG	Druze	Druze	Israel, modern 1	DG	Shotgun.diploid	PROVISIONAL_PASS	..	AADR PROVISIONAL_PASS; DG Shotgun.diploid; no specific warning	Original exact AADR group retained	..
HGDP00577.DG	Druze	Druze	Israel, modern 1	DG	Shotgun.diploid	PROVISIONAL_PASS	..	AADR PROVISIONAL_PASS; DG Shotgun.diploid; no specific warning	Original exact AADR group retained	..
HGDP00577.HO	Druze	Druze	Israel, modern 1	HO	HumanOrigins	Pass	..	AADR Pass	Original exact AADR group retained	..
HGDP00578.DG	Druze	Druze	Israel, modern 1	DG	Shotgun.diploid	PROVISIONAL_PASS	..	AADR PROVISIONAL_PASS; DG Shotgun.diploid; no specific warning	Original exact AADR group retained	..
HGDP00578.HO	Druze	Druze	Israel, modern 1	HO	HumanOrigins	Pass	..	AADR Pass	Original exact AADR group retained	..
HGDP00579.DG	Druze	Druze	Israel, modern 1	DG	Shotgun.diploid	PROVISIONAL_PASS	..	AADR PROVISIONAL_PASS; DG Shotgun.diploid; no specific warning	Original exact AADR group retained	..
HGDP00579.HO	Druze	Druze	Israel, modern 1	HO	HumanOrigins	Pass	..	AADR Pass	Original exact AADR group retained	..
HGDP00580.DG	Druze	Druze	Israel, modern 1	DG	Shotgun.diploid	PROVISIONAL_PASS	..	AADR PROVISIONAL_PASS; DG Shotgun.diploid; no specific warning	Original exact AADR group retained	..
HGDP00580.HO	Druze	Druze	Israel, modern 1	HO	HumanOrigins	Pass	..	AADR Pass	Original exact AADR group retained	..
HGDP00581.DG	Druze	Druze	Israel, modern 1	DG	Shotgun.diploid	PROVISIONAL_PASS	..	AADR PROVISIONAL_PASS; DG Shotgun.diploid; no specific warning	Original exact AADR group retained	..
HGDP00582.DG	Druze	Druze	Israel, modern 1	DG	Shotgun.diploid	PROVISIONAL_PASS	..	AADR PROVISIONAL_PASS; DG Shotgun.diploid; no specific warning	Original exact AADR group retained	..
HGDP00582.HO	Druze	Druze	Israel, modern 1	HO	HumanOrigins	Pass	..	AADR Pass	Original exact AADR group retained	..
HGDP00583.DG	Druze	Druze	Israel, modern 1	DG	Shotgun.diploid	PROVISIONAL_PASS	..	AADR PROVISIONAL_PASS; DG Shotgun.diploid; no specific warning	Original exact AADR group retained	..
HGDP00583.HO	Druze	Druze	Israel, modern 1	HO	HumanOrigins	Pass	..	AADR Pass	Original exact AADR group retained	..
HGDP00584.DG	Druze	Druze	Israel, modern 1	DG	Shotgun.diploid	PROVISIONAL_PASS	..	AADR PROVISIONAL_PASS; DG Shotgun.diploid; no specific warning	Original exact AADR group retained	..
HGDP00584.HO	Druze	Druze	Israel, modern 1	HO	HumanOrigins	Pass	..	AADR Pass	Original exact AADR group retained	..
HGDP00586.DG	Druze	Druze	Israel, modern 1	DG	Shotgun.diploid	PROVISIONAL_PASS	..	AADR PROVISIONAL_PASS; DG Shotgun.diploid; no specific warning	Original exact AADR group retained	..
HGDP00586.HO	Druze	Druze	Israel, modern 1	HO	HumanOrigins	Pass	..	AADR Pass	Original exact AADR group retained	..
HGDP00587.DG	Druze	Druze	Israel, modern 1	DG	Shotgun.diploid	PROVISIONAL_PASS	..	AADR PROVISIONAL_PASS; DG Shotgun.diploid; no specific warning	Original exact AADR group retained	..
HGDP00587.HO	Druze	Druze	Israel, modern 1	HO	HumanOrigins	Pass	..	AADR Pass	Original exact AADR group retained	..
HGDP00588.DG	Druze	Druze	Israel, modern 1	DG	Shotgun.diploid	PROVISIONAL_PASS	..	AADR PROVISIONAL_PASS; DG Shotgun.diploid; no specific warning	Original exact AADR group retained	..
HGDP00588.HO	Druze	Druze	Israel, modern 1	HO	HumanOrigins	Pass	..	AADR Pass	Original exact AADR group retained	..
HGDP00590.DG	Druze	Druze	Israel, modern 1	DG	Shotgun.diploid	PROVISIONAL_PASS	..	AADR PROVISIONAL_PASS; DG Shotgun.diploid; no specific warning	Original exact AADR group retained	..
HGDP00591.DG	Druze	Druze	Israel, modern 1	DG	Shotgun.diploid	PROVISIONAL_PASS	..	AADR PROVISIONAL_PASS; DG Shotgun.diploid; no specific warning	Original exact AADR group retained	..
HGDP00591.HO	Druze	Druze	Israel, modern 1	HO	HumanOrigins	Pass	..	AADR Pass	Original exact AADR group retained	..
HGDP00594.DG	Druze	Druze	Israel, modern 1	DG	Shotgun.diploid	PROVISIONAL_PASS	..	AADR PROVISIONAL_PASS; DG Shotgun.diploid; no specific warning	Original exact AADR group retained	..
HGDP00594.HO	Druze	Druze	Israel, modern 1	HO	HumanOrigins	Pass	..	AADR Pass	Original exact AADR group retained	..
HGDP00595.DG	Druze	Druze	Israel, modern 1	DG	Shotgun.diploid	PROVISIONAL_PASS	..	AADR PROVISIONAL_PASS; DG Shotgun.diploid; no specific warning	Original exact AADR group retained	..
HGDP00595.HO	Druze	Druze	Israel, modern 1	HO	HumanOrigins	Pass	..	AADR Pass	Original exact AADR group retained	..
HGDP00597.DG	Druze	Druze	Israel, modern 1	DG	Shotgun.diploid	PROVISIONAL_PASS	..	AADR PROVISIONAL_PASS; DG Shotgun.diploid; no specific warning	Original exact AADR group retained	..
HGDP00597.HO	Druze	Druze	Israel, modern 1	HO	HumanOrigins	Pass	..	AADR Pass	Original exact AADR group retained	..
HGDP00598.DG	Druze	Druze	Israel, modern 1	DG	Shotgun.diploid	PROVISIONAL_PASS	..	AADR PROVISIONAL_PASS; DG Shotgun.diploid; no specific warning	Original exact AADR group retained	..
HGDP00598.HO	Druze	Druze	Israel, modern 1	HO	HumanOrigins	Pass	..	AADR Pass	Original exact AADR group retained	..
HGDP00599.DG	Druze	Druze	Israel, modern 1	DG	Shotgun.diploid	PROVISIONAL_PASS	..	AADR PROVISIONAL_PASS; DG Shotgun.diploid; no specific warning	Original exact AADR group retained	..
HGDP00599.HO	Druze	Druze	Israel, modern 1	HO	HumanOrigins	Pass	..	AADR Pass	Original exact AADR group retained	..
HGDP00600.DG	Druze	Druze	Israel, modern 1	DG	Shotgun.diploid	PROVISIONAL_PASS	..	AADR PROVISIONAL_PASS; DG Shotgun.diploid; no specific warning	Original exact AADR group retained	..
HGDP00600.HO	Druze	Druze	Israel, modern 1	HO	HumanOrigins	Pass	..	AADR Pass	Original exact AADR group retained	..
HGDP00601.DG	Druze	Druze	Israel, modern 1	DG	Shotgun.diploid	PROVISIONAL_PASS	..	AADR PROVISIONAL_PASS; DG Shotgun.diploid; no specific warning	Original exact AADR group retained	..
HGDP00601.HO	Druze	Druze	Israel, modern 1	HO	HumanOrigins	Pass	..	AADR Pass	Original exact AADR group retained	..
HGDP00602.DG	Druze	Druze	Israel, modern 1	DG	Shotgun.diploid	PROVISIONAL_PASS	..	AADR PROVISIONAL_PASS; DG Shotgun.diploid; no specific warning	Original exact AADR group retained	..
HGDP00602.HO	Druze	Druze	Israel, modern 1	HO	HumanOrigins	Pass	..	AADR Pass	Original exact AADR group retained	..
HGDP00604.DG	Druze	Druze	Israel, modern 1	DG	Shotgun.diploid	PROVISIONAL_PASS	..	AADR PROVISIONAL_PASS; DG Shotgun.diploid; no specific warning	Original exact AADR group retained	..
HGDP00604.HO	Druze	Druze	Israel, modern 1	HO	HumanOrigins	Pass	..	AADR Pass	Original exact AADR group retained	..
HGDP00606.DG	Druze	Druze	Israel, modern 1	DG	Shotgun.diploid	PROVISIONAL_PASS	..	AADR PROVISIONAL_PASS; DG Shotgun.diploid; no specific warning	Original exact AADR group retained	..
HGDP00606.HO	Druze	Druze	Israel, modern 1	HO	HumanOrigins	Pass	..	AADR Pass	Original exact AADR group retained	..
S_Druze-1.DG	Druze	Druze	Israel, modern 1	DG	Shotgun.diploid	PROVISIONAL_PASS	..	AADR PROVISIONAL_PASS; DG Shotgun.diploid; no specific warning	Original exact AADR group retained	..
S_Druze-2.DG	Druze	Druze	Israel, modern 1	DG	Shotgun.diploid	PROVISIONAL_PASS	..	AADR PROVISIONAL_PASS; DG Shotgun.diploid; no specific warning	Original exact AADR group retained	..
GREEKGRALPOP10.HO	Greek	Greek	Thessaloniki	HO	HumanOrigins	Pass	..	AADR Pass	Original exact AADR group retained	..
GREEKGRALPOP11.HO	Greek	Greek	Thessaloniki	HO	HumanOrigins	Pass	..	AADR Pass	Original exact AADR group retained	..
GREEKGRALPOP12.HO	Greek	Greek	Thessaloniki	HO	HumanOrigins	Pass	..	AADR Pass	Original exact AADR group retained	..
GREEKGRALPOP13.HO	Greek	Greek	Thessaloniki	HO	HumanOrigins	Pass	..	AADR Pass	Original exact AADR group retained	..
GREEKGRALPOP14.HO	Greek	Greek	Thessaloniki	HO	HumanOrigins	Pass	..	AADR Pass	Original exact AADR group retained	..
GREEKGRALPOP15.HO	Greek	Greek	Thessaloniki	HO	HumanOrigins	Pass	..	AADR Pass	Original exact AADR group retained	..
GREEKGRALPOP16.HO	Greek	Greek	Thessaloniki	HO	HumanOrigins	Pass	..	AADR Pass	Original exact AADR group retained	..
GREEKGRALPOP17.HO	Greek	Greek	Thessaloniki	HO	HumanOrigins	Pass	..	AADR Pass	Original exact AADR group retained	..
GREEKGRALPOP18.HO	Greek	Greek	Thessaloniki	HO	HumanOrigins	Pass	..	AADR Pass	Original exact AADR group retained	..
GREEKGRALPOP3.HO	Greek	Greek	Thessaloniki	HO	HumanOrigins	Pass	..	AADR Pass	Original exact AADR group retained	..
GREEKGRALPOP4.HO	Greek	Greek	Thessaloniki	HO	HumanOrigins	Pass	..	AADR Pass	Original exact AADR group retained	..
GREEKGRALPOP5.HO	Greek	Greek	Thessaloniki	HO	HumanOrigins	Pass	..	AADR Pass	Original exact AADR group retained	..
GREEKGRALPOP8.HO	Greek	Greek	Thessaloniki	HO	HumanOrigins	Pass	..	AADR Pass	Original exact AADR group retained	..
GREEKGRALPOP9.HO	Greek	Greek	Thessaloniki	HO	HumanOrigins	Pass	..	AADR Pass	Original exact AADR group retained	..
NA17372.HO	Greek	Greek	Greece, modern	HO	HumanOrigins	Pass	..	AADR Pass	Original exact AADR group retained	..
NA17373.HO	Greek	Greek	Greece, modern	HO	HumanOrigins	Pass	..	AADR Pass	Original exact AADR group retained	..
NA17375.HO	Greek	Greek	Greece, modern	HO	HumanOrigins	Pass	..	AADR Pass	Original exact AADR group retained	..
NA17376.HO	Greek	Greek	Greece, modern	HO	HumanOrigins	Pass	..	AADR Pass	Original exact AADR group retained	..
S_Greek-2.DG	Greek	Greek	Greece, modern	DG	Shotgun.diploid	PROVISIONAL_PASS	..	AADR PROVISIONAL_PASS; DG Shotgun.diploid; no specific warning	Original exact AADR group retained	..
HGDP01147.HO	Italian_North	Italian_Bergamo	Italy, modern 2	HO	HumanOrigins	Pass	..	AADR Pass	AADR locality Italy, modern 2	..
HGDP01149.DG	Italian_North	Italian_Bergamo	Italy, modern 2	DG	Shotgun.diploid	PROVISIONAL_PASS	..	AADR PROVISIONAL_PASS; DG Shotgun.diploid; no specific warning	AADR locality Italy, modern 2	..
HGDP01151.DG	Italian_North	Italian_Bergamo	Italy, modern 2	DG	Shotgun.diploid	PROVISIONAL_PASS	..	AADR PROVISIONAL_PASS; DG Shotgun.diploid; no specific warning	AADR locality Italy, modern 2	..
HGDP01151.HO	Italian_North	Italian_Bergamo	Italy, modern 2	HO	HumanOrigins	Pass	..	AADR Pass	AADR locality Italy, modern 2	..
HGDP01152.DG	Italian_North	Italian_Bergamo	Italy, modern 2	DG	Shotgun.diploid	PROVISIONAL_PASS	..	AADR PROVISIONAL_PASS; DG Shotgun.diploid; no specific warning	AADR locality Italy, modern 2	..
HGDP01152.HO	Italian_North	Italian_Bergamo	Italy, modern 2	HO	HumanOrigins	Pass	..	AADR Pass	AADR locality Italy, modern 2	..
HGDP01153.DG	Italian_North	Italian_Bergamo	Italy, modern 2	DG	Shotgun.diploid	PROVISIONAL_PASS	..	AADR PROVISIONAL_PASS; DG Shotgun.diploid; no specific warning	AADR locality Italy, modern 2	..
HGDP01153.HO	Italian_North	Italian_Bergamo	Italy, modern 2	HO	HumanOrigins	Pass	..	AADR Pass	AADR locality Italy, modern 2	..
HGDP01155.DG	Italian_North	Italian_Bergamo	Italy, modern 2	DG	Shotgun.diploid	PROVISIONAL_PASS	..	AADR PROVISIONAL_PASS; DG Shotgun.diploid; no specific warning	AADR locality Italy, modern 2	..
HGDP01155.HO	Italian_North	Italian_Bergamo	Italy, modern 2	HO	HumanOrigins	Pass	..	AADR Pass	AADR locality Italy, modern 2	..
HGDP01156.DG	Italian_North	Italian_Bergamo	Italy, modern 2	DG	Shotgun.diploid	PROVISIONAL_PASS	..	AADR PROVISIONAL_PASS; DG Shotgun.diploid; no specific warning	AADR locality Italy, modern 2	..
HGDP01156.HO	Italian_North	Italian_Bergamo	Italy, modern 2	HO	HumanOrigins	Pass	..	AADR Pass	AADR locality Italy, modern 2	..
HGDP01157.DG	Italian_North	Italian_Bergamo	Italy, modern 2	DG	Shotgun.diploid	PROVISIONAL_PASS	..	AADR PROVISIONAL_PASS; DG Shotgun.diploid; no specific warning	AADR locality Italy, modern 2	..
HGDP01157.HO	Italian_North	Italian_Bergamo	Italy, modern 2	HO	HumanOrigins	Pass	..	AADR Pass	AADR locality Italy, modern 2	..
HGDP01171.DG	Italian_North	Italian_Bergamo	Italy, modern 2	DG	Shotgun.diploid	PROVISIONAL_PASS	..	AADR PROVISIONAL_PASS; DG Shotgun.diploid; no specific warning	AADR locality Italy, modern 2	..
HGDP01171.HO	Italian_North	Italian_Bergamo	Italy, modern 2	HO	HumanOrigins	Pass	..	AADR Pass	AADR locality Italy, modern 2	..
HGDP01172.DG	Italian_North	Italian_Bergamo	Italy, modern 2	DG	Shotgun.diploid	PROVISIONAL_PASS	..	AADR PROVISIONAL_PASS; DG Shotgun.diploid; no specific warning	AADR locality Italy, modern 2	..
HGDP01172.HO	Italian_North	Italian_Bergamo	Italy, modern 2	HO	HumanOrigins	Pass	..	AADR Pass	AADR locality Italy, modern 2	..
HGDP01173.DG	Italian_North	Italian_Bergamo	Italy, modern 2	DG	Shotgun.diploid	PROVISIONAL_PASS	..	AADR PROVISIONAL_PASS; DG Shotgun.diploid; no specific warning	AADR locality Italy, modern 2	..
HGDP01173.HO	Italian_North	Italian_Bergamo	Italy, modern 2	HO	HumanOrigins	Pass	..	AADR Pass	AADR locality Italy, modern 2	..
HGDP01174.DG	Italian_North	Italian_Bergamo	Italy, modern 2	DG	Shotgun.diploid	PROVISIONAL_PASS	..	AADR PROVISIONAL_PASS; DG Shotgun.diploid; no specific warning	AADR locality Italy, modern 2	..
HGDP01174.HO	Italian_North	Italian_Bergamo	Italy, modern 2	HO	HumanOrigins	Pass	..	AADR Pass	AADR locality Italy, modern 2	..
HGDP01177.DG	Italian_North	Italian_Bergamo	Italy, modern 2	DG	Shotgun.diploid	PROVISIONAL_PASS	..	AADR PROVISIONAL_PASS; DG Shotgun.diploid; no specific warning	AADR locality Italy, modern 2	..
HGDP01177.HO	Italian_North	Italian_Bergamo	Italy, modern 2	HO	HumanOrigins	Pass	..	AADR Pass	AADR locality Italy, modern 2	..
S_Bergamo-1.DG	Italian_North	Italian_Bergamo	Italy, modern 2	DG	Shotgun.diploid	PROVISIONAL_PASS	..	AADR PROVISIONAL_PASS; DG Shotgun.diploid; no specific warning	AADR locality Italy, modern 2	..
S_Bergamo-2.DG	Italian_North	Italian_Bergamo	Italy, modern 2	DG	Shotgun.diploid	PROVISIONAL_PASS	..	AADR PROVISIONAL_PASS; DG Shotgun.diploid; no specific warning	AADR locality Italy, modern 2	..
PG128.HO	Italian_Central	Italian_Central	Perugia Case Nuove (Umbria, Perugia)	HO	HumanOrigins	Pass	..	AADR Pass	Original exact AADR group retained	..
PG2012_242.HO	Italian_Central	Italian_Central	Castiglion Fiorentino (Southern Tuscany, Arezzo)	HO	HumanOrigins	Pass	..	AADR Pass	Original exact AADR group retained	..
PG2012_477.HO	Italian_Central	Italian_Central	Bettolle (Southern Tuscany, Siena)	HO	HumanOrigins	Pass	..	AADR Pass	Original exact AADR group retained	..
PG2012_625.HO	Italian_Central	Italian_Central	Perugia (Umbria, Perugia)	HO	HumanOrigins	Pass	..	AADR Pass	Original exact AADR group retained	..
PG2012_639.HO	Italian_Central	Italian_Central	Arezzo (Southern Tuscany, Arezzo)	HO	HumanOrigins	Pass	..	AADR Pass	Original exact AADR group retained	..
PG2012_642.HO	Italian_Central	Italian_Central	Cupramontana (Marche, Ancona)	HO	HumanOrigins	Pass	..	AADR Pass	Original exact AADR group retained	..
PG2012_647.HO	Italian_Central	Italian_Central	Chiusi (Tuscany, Siena)	HO	HumanOrigins	Pass	..	AADR Pass	Original exact AADR group retained	..
PG470.HO	Italian_Central	Italian_Central	Ascoli Piceno (Marche, Ascoli Piceno)	HO	HumanOrigins	Pass	..	AADR Pass	Original exact AADR group retained	..
PG720.HO	Italian_Central	Italian_Central	Ascoli Piceno (Marche, Ascoli Piceno)	HO	HumanOrigins	Pass	..	AADR Pass	Original exact AADR group retained	..
PG722.HO	Italian_Central	Italian_Central	Fabriano (Marche, Ancona)	HO	HumanOrigins	Pass	..	AADR Pass	Original exact AADR group retained	..
PG723.HO	Italian_Central	Italian_Central	Perugia Montegrillo (Umbria, Perugia)	HO	HumanOrigins	Pass	..	AADR Pass	Original exact AADR group retained	..
PG731.HO	Italian_Central	Italian_Central	Montepulciano (Southern Tuscany, Siena)	HO	HumanOrigins	Pass	..	AADR Pass	Original exact AADR group retained	..
PG734.HO	Italian_Central	Italian_Central	Perugia (Umbria, Perugia)	HO	HumanOrigins	Pass	..	AADR Pass	Original exact AADR group retained	..
PG739.HO	Italian_Central	Italian_Central	Ca' De Cio (Southern Tuscany, Arezzo)	HO	HumanOrigins	Pass	..	AADR Pass	Original exact AADR group retained	..
PG775.HO	Italian_Central	Italian_Central	Perugia Stazione (Umbria, Perugia)	HO	HumanOrigins	Pass	..	AADR Pass	Original exact AADR group retained	..
VT035.HO	Italian_Central	Italian_Central	Bolsena (Northern Latium, Viterbo)	HO	HumanOrigins	Pass	..	AADR Pass	Original exact AADR group retained	..
ALP108.HO	Italian_North	Italian_North	Treviso (Veneto, Treviso)	HO	HumanOrigins	Pass	..	AADR Pass	Explicit northern Italian locality	..
ALP134.HO	Italian_North	Italian_North	Cremona (Lombardy)	HO	HumanOrigins	Pass	..	AADR Pass	Explicit northern Italian locality	..
ALP156.HO	Italian_North	Italian_North	Piacenza (Emilia-Romagna, Piacenza)	HO	HumanOrigins	Pass	..	AADR Pass	Explicit northern Italian locality	..
ALP202.HO	Italian_North	Italian_North	Bassano del Grappa (Veneto, Vicenza)	HO	HumanOrigins	Pass	..	AADR Pass	Explicit northern Italian locality	..
ALP211.HO	Italian_North	Italian_North	Modena (Emilia-Romagna, Modena)	HO	HumanOrigins	Pass	..	AADR Pass	Explicit northern Italian locality	..
ALP277.HO	Italian_North	Italian_North	Domodossola (Piedmont, Verbano-Cusio-Ossola)	HO	HumanOrigins	Pass	..	AADR Pass	Explicit northern Italian locality	..
ALP278.HO	Italian_North	Italian_North	Borgonovo Val Tidone (Emilia-Romagna, Piacenza)	HO	HumanOrigins	Pass	..	AADR Pass	Explicit northern Italian locality	..
ALP28.HO	Italian_North	Italian_North	Ferrara (Emilia-Romagna, Ferrara)	HO	HumanOrigins	Pass	..	AADR Pass	Explicit northern Italian locality	..
ALP342.HO	Italian_North	Italian_North	Parma (Emilia-Romagna, Parma)	HO	HumanOrigins	Pass	..	AADR Pass	Explicit northern Italian locality	..
ALP392.HO	Italian_North	Italian_North	Busseto (Emilia-Romagna, Parma)	HO	HumanOrigins	Pass	..	AADR Pass	Explicit northern Italian locality	..
ALP481.HO	Italian_North	Italian_North	Sappada (Veneto, Belluno)	HO	HumanOrigins	Pass	..	AADR Pass	Explicit northern Italian locality	..
ALP533.HO	Italian_North	Italian_North	Torino (Piedmont, Turin)	HO	HumanOrigins	Pass	..	AADR Pass	Explicit northern Italian locality	..
ALP603.HO	Italian_North	Italian_North	Vernate (Lombardy, Milan)	HO	HumanOrigins	Pass	..	AADR Pass	Explicit northern Italian locality	..
ALP67.HO	Italian_North	Italian_North	Borgo Val di Taro (Emilia-Romagna, Parma)	HO	HumanOrigins	Pass	..	AADR Pass	Explicit northern Italian locality	..
ALP68.HO	Italian_North	Italian_North	Alessandria (Piedmont, Alessandria)	HO	HumanOrigins	Pass	..	AADR Pass	Explicit northern Italian locality	..
ALP73.HO	Italian_North	Italian_North	Cuneo (Piedmont, Cuneo)	HO	HumanOrigins	Pass	..	AADR Pass	Explicit northern Italian locality	..
ALP76.HO	Italian_North	Italian_North	Bergamo (Lombardy, Bergamo)	HO	HumanOrigins	Pass	..	AADR Pass	Explicit northern Italian locality	..
Nei18.HO	Italian_North	Italian_North	Taio (Trentino-Alto Adige, Trento)	HO	HumanOrigins	Pass	..	AADR Pass	Explicit northern Italian locality	..
Nei27.HO	Italian_North	Italian_North	Nogarè (Trentino-Alto Adige, Trento)	HO	HumanOrigins	Pass	..	AADR Pass	Explicit northern Italian locality	..
ALP129.HO	Italian_South	Italian_South	Reggio Calabria (Calabria, Reggio Calabria)	HO	HumanOrigins	Pass	..	AADR Pass	Original exact AADR group retained	..
ALP374.HO	Italian_South	Italian_South	Benevento (Campania, Benevento)	HO	HumanOrigins	Pass	..	AADR Pass	Original exact AADR group retained	..
ALP597.HO	Italian_South	Italian_South	Cetraro (Calabria, of Cosenza Province)	HO	HumanOrigins	Pass	..	AADR Pass	Original exact AADR group retained	..
BEL57.HO	Italian_South	Italian_South	Belvedere (Cosenza)	HO	HumanOrigins	Pass	..	AADR Pass	Original exact AADR group retained	..
ITS2.HO	Italian_South	Italian_South	Naples, modern 1	HO	HumanOrigins	Pass	..	AADR Pass	Original exact AADR group retained	..
ITS4.HO	Italian_South	Italian_South	Naples, modern 2	HO	HumanOrigins	Pass	..	AADR Pass	Original exact AADR group retained	..
ITS5.HO	Italian_South	Italian_South	Salerno	HO	HumanOrigins	Pass	..	AADR Pass	Original exact AADR group retained	..
ITS7.HO	Italian_South	Italian_South	Crispiano	HO	HumanOrigins	Pass	..	AADR Pass	Original exact AADR group retained	..
NaN129RT.HO	Italian_South	Italian_South	Portici (Campania, Naples)	HO	HumanOrigins	Pass	..	AADR Pass	Original exact AADR group retained	..
PG2012_398.HO	Italian_South	Italian_South	Lamezia Terme (Calabria, Catanzaro)	HO	HumanOrigins	Pass	..	AADR Pass	Original exact AADR group retained	..
PG2012_424.HO	Italian_South	Italian_South	Amendolara (Calabria, Cosenza)	HO	HumanOrigins	Pass	..	AADR Pass	Original exact AADR group retained	..
PG2012_699.HO	Italian_South	Italian_South	Mileto (Calabria, Vibo Valentia)	HO	HumanOrigins	Pass	..	AADR Pass	Original exact AADR group retained	..
PuG12.HO	Italian_South	Italian_South	Soleto (Apulia, Lecce)	HO	HumanOrigins	Pass	..	AADR Pass	Original exact AADR group retained	..
PuG17.HO	Italian_South	Italian_South	Soleto (Apulia, Lecce)	HO	HumanOrigins	Pass	..	AADR Pass	Original exact AADR group retained	..
PuG20.HO	Italian_South	Italian_South	Calimera (Apulia, Lecce)	HO	HumanOrigins	Pass	..	AADR Pass	Original exact AADR group retained	..
PuG28.HO	Italian_South	Italian_South	Martano (Apulia, Lecce)	HO	HumanOrigins	Pass	..	AADR Pass	Original exact AADR group retained	..
PuG33.HO	Italian_South	Italian_South	Sternatia (Apulia, Lecce)	HO	HumanOrigins	Pass	..	AADR Pass	Original exact AADR group retained	..
PuG37.HO	Italian_South	Italian_South	Soleto (Apulia, Lecce)	HO	HumanOrigins	Pass	..	AADR Pass	Original exact AADR group retained	..
PuG46.HO	Italian_South	Italian_South	Martano (Apulia, Lecce)	HO	HumanOrigins	Pass	..	AADR Pass	Original exact AADR group retained	..
PuG58.HO	Italian_South	Italian_South	Martano (Apulia, Lecce)	HO	HumanOrigins	Pass	..	AADR Pass	Original exact AADR group retained	..
PuG66.HO	Italian_South	Italian_South	Zollino (Apulia, Lecce)	HO	HumanOrigins	Pass	..	AADR Pass	Original exact AADR group retained	..
PuG74.HO	Italian_South	Italian_South	Zollino (Apulia, Lecce)	HO	HumanOrigins	Pass	..	AADR Pass	Original exact AADR group retained	..
HGDP01161.DG	Italian_North	Italian_Tuscan	Italy, modern 3	DG	Shotgun.diploid	PROVISIONAL_PASS	..	AADR PROVISIONAL_PASS; DG Shotgun.diploid; no specific warning	AADR locality Italy, modern 3	..
HGDP01161.HO	Italian_North	Italian_Tuscan	Italy, modern 3	HO	HumanOrigins	Pass	..	AADR Pass	AADR locality Italy, modern 3	..
HGDP01162.DG	Italian_North	Italian_Tuscan	Italy, modern 3	DG	Shotgun.diploid	PROVISIONAL_PASS	..	AADR PROVISIONAL_PASS; DG Shotgun.diploid; no specific warning	AADR locality Italy, modern 3	..
HGDP01162.HO	Italian_North	Italian_Tuscan	Italy, modern 3	HO	HumanOrigins	Pass	..	AADR Pass	AADR locality Italy, modern 3	..
HGDP01163.DG	Italian_North	Italian_Tuscan	Italy, modern 3	DG	Shotgun.diploid	PROVISIONAL_PASS	..	AADR PROVISIONAL_PASS; DG Shotgun.diploid; no specific warning	AADR locality Italy, modern 3	..
HGDP01164.DG	Italian_North	Italian_Tuscan	Italy, modern 3	DG	Shotgun.diploid	PROVISIONAL_PASS	..	AADR PROVISIONAL_PASS; DG Shotgun.diploid; no specific warning	AADR locality Italy, modern 3	..
HGDP01164.HO	Italian_North	Italian_Tuscan	Italy, modern 3	HO	HumanOrigins	Pass	..	AADR Pass	AADR locality Italy, modern 3	..
HGDP01166.DG	Italian_North	Italian_Tuscan	Italy, modern 3	DG	Shotgun.diploid	PROVISIONAL_PASS	..	AADR PROVISIONAL_PASS; DG Shotgun.diploid; no specific warning	AADR locality Italy, modern 3	..
HGDP01166.HO	Italian_North	Italian_Tuscan	Italy, modern 3	HO	HumanOrigins	Pass	..	AADR Pass	AADR locality Italy, modern 3	..
HGDP01167.DG	Italian_North	Italian_Tuscan	Italy, modern 3	DG	Shotgun.diploid	PROVISIONAL_PASS	..	AADR PROVISIONAL_PASS; DG Shotgun.diploid; no specific warning	AADR locality Italy, modern 3	..
HGDP01167.HO	Italian_North	Italian_Tuscan	Italy, modern 3	HO	HumanOrigins	Pass	..	AADR Pass	AADR locality Italy, modern 3	..
HGDP01168.DG	Italian_North	Italian_Tuscan	Italy, modern 3	DG	Shotgun.diploid	PROVISIONAL_PASS	..	AADR PROVISIONAL_PASS; DG Shotgun.diploid; no specific warning	AADR locality Italy, modern 3	..
HGDP01169.DG	Italian_North	Italian_Tuscan	Italy, modern 3	DG	Shotgun.diploid	PROVISIONAL_PASS	..	AADR PROVISIONAL_PASS; DG Shotgun.diploid; no specific warning	AADR locality Italy, modern 3	..
HGDP01169.HO	Italian_North	Italian_Tuscan	Italy, modern 3	HO	HumanOrigins	Pass	..	AADR Pass	AADR locality Italy, modern 3	..
S_Tuscan-1.DG	Italian_North	Italian_Tuscan	Italy, modern 3	DG	Shotgun.diploid	PROVISIONAL_PASS	..	AADR PROVISIONAL_PASS; DG Shotgun.diploid; no specific warning	AADR locality Italy, modern 3	..
S_Tuscan-2.DG	Italian_North	Italian_Tuscan	Italy, modern 3	DG	Shotgun.diploid	PROVISIONAL_PASS	..	AADR PROVISIONAL_PASS; DG Shotgun.diploid; no specific warning	AADR locality Italy, modern 3	..
AshkenaziJew5704.HO	Jew_Ashkenazi	Jew_Ashkenazi	Poland, modern	HO	HumanOrigins	Pass	..	AADR Pass	Original exact AADR group retained	..
AshkenaziJew5728.HO	Jew_Ashkenazi	Jew_Ashkenazi	Poland, modern	HO	HumanOrigins	Pass	..	AADR Pass	Original exact AADR group retained	..
AshkenaziJew5779.HO	Jew_Ashkenazi	Jew_Ashkenazi	Poland, modern	HO	HumanOrigins	Pass	..	AADR Pass	Original exact AADR group retained	..
AshkenaziJew5782.HO	Jew_Ashkenazi	Jew_Ashkenazi	Poland, modern	HO	HumanOrigins	Pass	..	AADR Pass	Original exact AADR group retained	..
AshkenaziJew5783.HO	Jew_Ashkenazi	Jew_Ashkenazi	Poland, modern	HO	HumanOrigins	Pass	..	AADR Pass	Original exact AADR group retained	..
AshkenaziJew5788.HO	Jew_Ashkenazi	Jew_Ashkenazi	Poland, modern	HO	HumanOrigins	Pass	..	AADR Pass	Original exact AADR group retained	..
AshkenaziJew5790.HO	Jew_Ashkenazi	Jew_Ashkenazi	Poland, modern	HO	HumanOrigins	Pass	..	AADR Pass	Original exact AADR group retained	..
IraqiJew1417.HO	Jew_Iraqi	Jew_Iraqi	Iraq, modern 1	HO	HumanOrigins	Pass	..	AADR Pass	Original exact AADR group retained	..
IraqiJew1430.HO	Jew_Iraqi	Jew_Iraqi	Iraq, modern 1	HO	HumanOrigins	Pass	..	AADR Pass	Original exact AADR group retained	..
IraqiJew1771.HO	Jew_Iraqi	Jew_Iraqi	Iraq, modern 1	HO	HumanOrigins	Pass	..	AADR Pass	Original exact AADR group retained	..
IraqiJew4061.HO	Jew_Iraqi	Jew_Iraqi	Iraq, modern 1	HO	HumanOrigins	Pass	..	AADR Pass	Original exact AADR group retained	..
IraqiJew4241.HO	Jew_Iraqi	Jew_Iraqi	Iraq, modern 1	HO	HumanOrigins	Pass	..	AADR Pass	Original exact AADR group retained	..
IraqiJew4291.HO	Jew_Iraqi	Jew_Iraqi	Iraq, modern 1	HO	HumanOrigins	Pass	..	AADR Pass	Original exact AADR group retained	..
S_Iraqi_Jew-1.DG	Jew_Iraqi	Jew_Iraqi	Iraq, modern 1	DG	Shotgun.diploid	PROVISIONAL_PASS	..	AADR PROVISIONAL_PASS; DG Shotgun.diploid; no specific warning	Original exact AADR group retained	..
S_Iraqi_Jew-2.DG	Jew_Iraqi	Jew_Iraqi	Iraq, modern 1	DG	Shotgun.diploid	PROVISIONAL_PASS	..	AADR PROVISIONAL_PASS; DG Shotgun.diploid; no specific warning	Original exact AADR group retained	..
SephardiJewTurkey4950.HO	Jew_Turkish	Jew_Turkish	Turkey, modern	HO	HumanOrigins	Pass	..	AADR Pass	Original exact AADR group retained	..
SephardiJewTurkey4953.HO	Jew_Turkish	Jew_Turkish	Turkey, modern	HO	HumanOrigins	Pass	..	AADR Pass	Original exact AADR group retained	..
SephardiJewTurkey4955.HO	Jew_Turkish	Jew_Turkish	Turkey, modern	HO	HumanOrigins	Pass	..	AADR Pass	Original exact AADR group retained	..
SephardiJewTurkey5033.HO	Jew_Turkish	Jew_Turkish	Turkey, modern	HO	HumanOrigins	Pass	..	AADR Pass	Original exact AADR group retained	..
SephardiJewTurkey5075.HO	Jew_Turkish	Jew_Turkish	Turkey, modern	HO	HumanOrigins	Pass	..	AADR Pass	Original exact AADR group retained	..
SephardiJewTurkey5832.HO	Jew_Turkish	Jew_Turkish	Turkey, modern	HO	HumanOrigins	Pass	..	AADR Pass	Original exact AADR group retained	..
SephardiJewTurkey5877.HO	Jew_Turkish	Jew_Turkish	Turkey, modern	HO	HumanOrigins	Pass	..	AADR Pass	Original exact AADR group retained	..
SephardiJewTurkey6077.HO	Jew_Turkish	Jew_Turkish	Turkey, modern	HO	HumanOrigins	Pass	..	AADR Pass	Original exact AADR group retained	..
S_Yemenite_Jew-1.DG	Jew_Yemenite	Jew_Yemenite	Yemen, modern 2	DG	Shotgun.diploid	PROVISIONAL_PASS	..	AADR PROVISIONAL_PASS; DG Shotgun.diploid; no specific warning	Original exact AADR group retained	..
S_Yemenite_Jew-2.DG	Jew_Yemenite	Jew_Yemenite	Yemen, modern 2	DG	Shotgun.diploid	PROVISIONAL_PASS	..	AADR PROVISIONAL_PASS; DG Shotgun.diploid; no specific warning	Original exact AADR group retained	..
YemeniteJew4667.HO	Jew_Yemenite	Jew_Yemenite	Yemen, modern 2	HO	HumanOrigins	Pass	..	AADR Pass	Original exact AADR group retained	..
YemeniteJew4675.HO	Jew_Yemenite	Jew_Yemenite	Yemen, modern 2	HO	HumanOrigins	Pass	..	AADR Pass	Original exact AADR group retained	..
YemeniteJew4684.HO	Jew_Yemenite	Jew_Yemenite	Yemen, modern 2	HO	HumanOrigins	Pass	..	AADR Pass	Original exact AADR group retained	..
YemeniteJew4695.HO	Jew_Yemenite	Jew_Yemenite	Yemen, modern 2	HO	HumanOrigins	Pass	..	AADR Pass	Original exact AADR group retained	..
YemeniteJew4937.HO	Jew_Yemenite	Jew_Yemenite	Yemen, modern 2	HO	HumanOrigins	Pass	..	AADR Pass	Original exact AADR group retained	..
YemeniteJew4938.HO	Jew_Yemenite	Jew_Yemenite	Yemen, modern 2	HO	HumanOrigins	Pass	..	AADR Pass	Original exact AADR group retained	..
YemeniteJew4960.HO	Jew_Yemenite	Jew_Yemenite	Yemen, modern 2	HO	HumanOrigins	Pass	..	AADR Pass	Original exact AADR group retained	..
YemeniteJew5433.HO	Jew_Yemenite	Jew_Yemenite	Yemen, modern 2	HO	HumanOrigins	Pass	..	AADR Pass	Original exact AADR group retained	..
Lebanon1.HO	Lebanese	Lebanese	Lebanon, modern	HO	HumanOrigins	Pass	..	AADR Pass	Original exact AADR group retained	..
Lebanon2.HO	Lebanese	Lebanese	Lebanon, modern	HO	HumanOrigins	Pass	..	AADR Pass	Original exact AADR group retained	..
Lebanon3.HO	Lebanese	Lebanese	Lebanon, modern	HO	HumanOrigins	Pass	..	AADR Pass	Original exact AADR group retained	..
Lebanon4.HO	Lebanese	Lebanese	Lebanon, modern	HO	HumanOrigins	Pass	..	AADR Pass	Original exact AADR group retained	..
Lebanon5.HO	Lebanese	Lebanese	Lebanon, modern	HO	HumanOrigins	Pass	..	AADR Pass	Original exact AADR group retained	..
Lebanon6.HO	Lebanese	Lebanese	Lebanon, modern	HO	HumanOrigins	Pass	..	AADR Pass	Original exact AADR group retained	..
Lebanon7.HO	Lebanese	Lebanese	Lebanon, modern	HO	HumanOrigins	Pass	..	AADR Pass	Original exact AADR group retained	..
Lebanon8.HO	Lebanese	Lebanese	Lebanon, modern	HO	HumanOrigins	Pass	..	AADR Pass	Original exact AADR group retained	..
Lebanese10AR37.HO	Lebanese_Christian	Lebanese_Christian	Beirut	HO	HumanOrigins	Pass	..	AADR Pass	Original exact AADR group retained	..
Lebanese15AR37.HO	Lebanese_Christian	Lebanese_Christian	Beirut	HO	HumanOrigins	Pass	..	AADR Pass	Original exact AADR group retained	..
Lebanese1AQ127.HO	Lebanese_Christian	Lebanese_Christian	Beirut	HO	HumanOrigins	Pass	..	AADR Pass	Original exact AADR group retained	..
Lebanese1AQ170.HO	Lebanese_Christian	Lebanese_Christian	Beirut	HO	HumanOrigins	Pass	..	AADR Pass	Original exact AADR group retained	..
Lebanese22BA23.HO	Lebanese_Christian	Lebanese_Christian	Beirut	HO	HumanOrigins	Pass	..	AADR Pass	Original exact AADR group retained	..
Lebanese4AQ115.HO	Lebanese_Christian	Lebanese_Christian	Beirut	HO	HumanOrigins	Pass	..	AADR Pass	Original exact AADR group retained	..
Lebanese6AQ115.HO	Lebanese_Christian	Lebanese_Christian	Beirut	HO	HumanOrigins	Pass	..	AADR Pass	Original exact AADR group retained	..
Lebanese6AQ170.HO	Lebanese_Christian	Lebanese_Christian	Beirut	HO	HumanOrigins	Pass	..	AADR Pass	Original exact AADR group retained	..
Lebanese8AS15.HO	Lebanese_Christian	Lebanese_Christian	Beirut	HO	HumanOrigins	Pass	..	AADR Pass	Original exact AADR group retained	..
Lebanese10AQ127.HO	Lebanese_Muslim	Lebanese_Muslim	Beirut	HO	HumanOrigins	Pass	..	AADR Pass	Original exact AADR group retained	..
Lebanese11AS14.HO	Lebanese_Muslim	Lebanese_Muslim	Beirut	HO	HumanOrigins	Pass	..	AADR Pass	Original exact AADR group retained	..
Lebanese20AR21.HO	Lebanese_Muslim	Lebanese_Muslim	Beirut	HO	HumanOrigins	Pass	..	AADR Pass	Original exact AADR group retained	..
Lebanese24AR27.HO	Lebanese_Muslim	Lebanese_Muslim	Beirut	HO	HumanOrigins	Pass	..	AADR Pass	Original exact AADR group retained	..
Lebanese2AQ121.HO	Lebanese_Muslim	Lebanese_Muslim	Beirut	HO	HumanOrigins	Pass	..	AADR Pass	Original exact AADR group retained	..
Lebanese2AQ127.HO	Lebanese_Muslim	Lebanese_Muslim	Beirut	HO	HumanOrigins	Pass	..	AADR Pass	Original exact AADR group retained	..
Lebanese30AR21.HO	Lebanese_Muslim	Lebanese_Muslim	Beirut	HO	HumanOrigins	Pass	..	AADR Pass	Original exact AADR group retained	..
Lebanese6AS15.HO	Lebanese_Muslim	Lebanese_Muslim	Beirut	HO	HumanOrigins	Pass	..	AADR Pass	Original exact AADR group retained	..
Lebanese7AQ150.HO	Lebanese_Muslim	Lebanese_Muslim	Beirut	HO	HumanOrigins	Pass	..	AADR Pass	Original exact AADR group retained	..
Lebanese7AR20.HO	Lebanese_Muslim	Lebanese_Muslim	Beirut	HO	HumanOrigins	Pass	..	AADR Pass	Original exact AADR group retained	..
Lebanese7AR23.HO	Lebanese_Muslim	Lebanese_Muslim	Beirut	HO	HumanOrigins	Pass	..	AADR Pass	Original exact AADR group retained	..
Malta12AM91.HO	Maltese	Maltese	La Valetta	HO	HumanOrigins	Pass	..	AADR Pass	Original exact AADR group retained	..
Malta15AM91.HO	Maltese	Maltese	La Valetta	HO	HumanOrigins	Pass	..	AADR Pass	Original exact AADR group retained	..
Malta16AM91.HO	Maltese	Maltese	La Valetta	HO	HumanOrigins	Pass	..	AADR Pass	Original exact AADR group retained	..
Malta17AM91.HO	Maltese	Maltese	La Valetta	HO	HumanOrigins	Pass	..	AADR Pass	Original exact AADR group retained	..
Malta2AM91.HO	Maltese	Maltese	La Valetta	HO	HumanOrigins	Pass	..	AADR Pass	Original exact AADR group retained	..
Malta4AM91.HO	Maltese	Maltese	La Valetta	HO	HumanOrigins	Pass	..	AADR Pass	Original exact AADR group retained	..
Malta7AM91.HO	Maltese	Maltese	La Valetta	HO	HumanOrigins	Pass	..	AADR Pass	Original exact AADR group retained	..
Malta8AM91.HO	Maltese	Maltese	La Valetta	HO	HumanOrigins	Pass	..	AADR Pass	Original exact AADR group retained	..
HGDP00675.DG	Palestinian	Palestinian	Israel, modern 1	DG	Shotgun.diploid	PROVISIONAL_PASS	..	AADR PROVISIONAL_PASS; DG Shotgun.diploid; no specific warning	Original exact AADR group retained	..
HGDP00675.HO	Palestinian	Palestinian	Israel, modern 1	HO	HumanOrigins	Pass	..	AADR Pass	Original exact AADR group retained	..
HGDP00676.DG	Palestinian	Palestinian	Israel, modern 1	DG	Shotgun.diploid	PROVISIONAL_PASS	..	AADR PROVISIONAL_PASS; DG Shotgun.diploid; no specific warning	Original exact AADR group retained	..
HGDP00676.HO	Palestinian	Palestinian	Israel, modern 1	HO	HumanOrigins	Pass	..	AADR Pass	Original exact AADR group retained	..
HGDP00677.DG	Palestinian	Palestinian	Israel, modern 1	DG	Shotgun.diploid	PROVISIONAL_PASS	..	AADR PROVISIONAL_PASS; DG Shotgun.diploid; no specific warning	Original exact AADR group retained	..
HGDP00677.HO	Palestinian	Palestinian	Israel, modern 1	HO	HumanOrigins	Pass	..	AADR Pass	Original exact AADR group retained	..
HGDP00678.DG	Palestinian	Palestinian	Israel, modern 1	DG	Shotgun.diploid	PROVISIONAL_PASS	..	AADR PROVISIONAL_PASS; DG Shotgun.diploid; no specific warning	Original exact AADR group retained	..
HGDP00679.DG	Palestinian	Palestinian	Israel, modern 1	DG	Shotgun.diploid	PROVISIONAL_PASS	..	AADR PROVISIONAL_PASS; DG Shotgun.diploid; no specific warning	Original exact AADR group retained	..
HGDP00679.HO	Palestinian	Palestinian	Israel, modern 1	HO	HumanOrigins	Pass	..	AADR Pass	Original exact AADR group retained	..
HGDP00680.DG	Palestinian	Palestinian	Israel, modern 1	DG	Shotgun.diploid	PROVISIONAL_PASS	..	AADR PROVISIONAL_PASS; DG Shotgun.diploid; no specific warning	Original exact AADR group retained	..
HGDP00680.HO	Palestinian	Palestinian	Israel, modern 1	HO	HumanOrigins	Pass	..	AADR Pass	Original exact AADR group retained	..
HGDP00682.DG	Palestinian	Palestinian	Israel, modern 1	DG	Shotgun.diploid	PROVISIONAL_PASS	..	AADR PROVISIONAL_PASS; DG Shotgun.diploid; no specific warning	Original exact AADR group retained	..
HGDP00683.DG	Palestinian	Palestinian	Israel, modern 1	DG	Shotgun.diploid	PROVISIONAL_PASS	..	AADR PROVISIONAL_PASS; DG Shotgun.diploid; no specific warning	Original exact AADR group retained	..
HGDP00683.HO	Palestinian	Palestinian	Israel, modern 1	HO	HumanOrigins	Pass	..	AADR Pass	Original exact AADR group retained	..
HGDP00684.DG	Palestinian	Palestinian	Israel, modern 1	DG	Shotgun.diploid	PROVISIONAL_PASS	..	AADR PROVISIONAL_PASS; DG Shotgun.diploid; no specific warning	Original exact AADR group retained	..
HGDP00684.HO	Palestinian	Palestinian	Israel, modern 1	HO	HumanOrigins	Pass	..	AADR Pass	Original exact AADR group retained	..
HGDP00685.DG	Palestinian	Palestinian	Israel, modern 1	DG	Shotgun.diploid	PROVISIONAL_PASS	..	AADR PROVISIONAL_PASS; DG Shotgun.diploid; no specific warning	Original exact AADR group retained	..
HGDP00686.DG	Palestinian	Palestinian	Israel, modern 1	DG	Shotgun.diploid	PROVISIONAL_PASS	..	AADR PROVISIONAL_PASS; DG Shotgun.diploid; no specific warning	Original exact AADR group retained	..
HGDP00686.HO	Palestinian	Palestinian	Israel, modern 1	HO	HumanOrigins	Pass	..	AADR Pass	Original exact AADR group retained	..
HGDP00687.DG	Palestinian	Palestinian	Israel, modern 1	DG	Shotgun.diploid	PROVISIONAL_PASS	..	AADR PROVISIONAL_PASS; DG Shotgun.diploid; no specific warning	Original exact AADR group retained	..
HGDP00688.DG	Palestinian	Palestinian	Israel, modern 1	DG	Shotgun.diploid	PROVISIONAL_PASS	..	AADR PROVISIONAL_PASS; DG Shotgun.diploid; no specific warning	Original exact AADR group retained	..
HGDP00688.HO	Palestinian	Palestinian	Israel, modern 1	HO	HumanOrigins	Pass	..	AADR Pass	Original exact AADR group retained	..
HGDP00689.DG	Palestinian	Palestinian	Israel, modern 1	DG	Shotgun.diploid	PROVISIONAL_PASS	..	AADR PROVISIONAL_PASS; DG Shotgun.diploid; no specific warning	Original exact AADR group retained	..
HGDP00689.HO	Palestinian	Palestinian	Israel, modern 1	HO	HumanOrigins	Pass	..	AADR Pass	Original exact AADR group retained	..
HGDP00690.DG	Palestinian	Palestinian	Israel, modern 1	DG	Shotgun.diploid	PROVISIONAL_PASS	..	AADR PROVISIONAL_PASS; DG Shotgun.diploid; no specific warning	Original exact AADR group retained	..
HGDP00690.HO	Palestinian	Palestinian	Israel, modern 1	HO	HumanOrigins	Pass	..	AADR Pass	Original exact AADR group retained	..
HGDP00691.DG	Palestinian	Palestinian	Israel, modern 1	DG	Shotgun.diploid	PROVISIONAL_PASS	..	AADR PROVISIONAL_PASS; DG Shotgun.diploid; no specific warning	Original exact AADR group retained	..
HGDP00691.HO	Palestinian	Palestinian	Israel, modern 1	HO	HumanOrigins	Pass	..	AADR Pass	Original exact AADR group retained	..
HGDP00692.DG	Palestinian	Palestinian	Israel, modern 1	DG	Shotgun.diploid	PROVISIONAL_PASS	..	AADR PROVISIONAL_PASS; DG Shotgun.diploid; no specific warning	Original exact AADR group retained	..
HGDP00693.DG	Palestinian	Palestinian	Israel, modern 1	DG	Shotgun.diploid	PROVISIONAL_PASS	..	AADR PROVISIONAL_PASS; DG Shotgun.diploid; no specific warning	Original exact AADR group retained	..
HGDP00694.DG	Palestinian	Palestinian	Israel, modern 1	DG	Shotgun.diploid	PROVISIONAL_PASS	..	AADR PROVISIONAL_PASS; DG Shotgun.diploid; no specific warning	Original exact AADR group retained	..
HGDP00694.HO	Palestinian	Palestinian	Israel, modern 1	HO	HumanOrigins	Pass	..	AADR Pass	Original exact AADR group retained	..
HGDP00696.DG	Palestinian	Palestinian	Israel, modern 1	DG	Shotgun.diploid	PROVISIONAL_PASS	..	AADR PROVISIONAL_PASS; DG Shotgun.diploid; no specific warning	Original exact AADR group retained	..
HGDP00696.HO	Palestinian	Palestinian	Israel, modern 1	HO	HumanOrigins	Pass	..	AADR Pass	Original exact AADR group retained	..
HGDP00697.DG	Palestinian	Palestinian	Israel, modern 1	DG	Shotgun.diploid	PROVISIONAL_PASS	..	AADR PROVISIONAL_PASS; DG Shotgun.diploid; no specific warning	Original exact AADR group retained	..
HGDP00697.HO	Palestinian	Palestinian	Israel, modern 1	HO	HumanOrigins	Pass	..	AADR Pass	Original exact AADR group retained	..
HGDP00698.DG	Palestinian	Palestinian	Israel, modern 1	DG	Shotgun.diploid	PROVISIONAL_PASS	..	AADR PROVISIONAL_PASS; DG Shotgun.diploid; no specific warning	Original exact AADR group retained	..
HGDP00698.HO	Palestinian	Palestinian	Israel, modern 1	HO	HumanOrigins	Pass	..	AADR Pass	Original exact AADR group retained	..
HGDP00699.DG	Palestinian	Palestinian	Israel, modern 1	DG	Shotgun.diploid	PROVISIONAL_PASS	..	AADR PROVISIONAL_PASS; DG Shotgun.diploid; no specific warning	Original exact AADR group retained	..
HGDP00699.HO	Palestinian	Palestinian	Israel, modern 1	HO	HumanOrigins	Pass	..	AADR Pass	Original exact AADR group retained	..
HGDP00700.DG	Palestinian	Palestinian	Israel, modern 1	DG	Shotgun.diploid	PROVISIONAL_PASS	..	AADR PROVISIONAL_PASS; DG Shotgun.diploid; no specific warning	Original exact AADR group retained	..
HGDP00700.HO	Palestinian	Palestinian	Israel, modern 1	HO	HumanOrigins	Pass	..	AADR Pass	Original exact AADR group retained	..
HGDP00722.DG	Palestinian	Palestinian	Israel, modern 1	DG	Shotgun.diploid	PROVISIONAL_PASS	..	AADR PROVISIONAL_PASS; DG Shotgun.diploid; no specific warning	Original exact AADR group retained	..
HGDP00722.HO	Palestinian	Palestinian	Israel, modern 1	HO	HumanOrigins	Pass	..	AADR Pass	Original exact AADR group retained	..
HGDP00723.DG	Palestinian	Palestinian	Israel, modern 1	DG	Shotgun.diploid	PROVISIONAL_PASS	..	AADR PROVISIONAL_PASS; DG Shotgun.diploid; no specific warning	Original exact AADR group retained	..
HGDP00724.DG	Palestinian	Palestinian	Israel, modern 1	DG	Shotgun.diploid	PROVISIONAL_PASS	..	AADR PROVISIONAL_PASS; DG Shotgun.diploid; no specific warning	Original exact AADR group retained	..
HGDP00724.HO	Palestinian	Palestinian	Israel, modern 1	HO	HumanOrigins	Pass	..	AADR Pass	Original exact AADR group retained	..
HGDP00725.DG	Palestinian	Palestinian	Israel, modern 1	DG	Shotgun.diploid	PROVISIONAL_PASS	..	AADR PROVISIONAL_PASS; DG Shotgun.diploid; no specific warning	Original exact AADR group retained	..
HGDP00725.HO	Palestinian	Palestinian	Israel, modern 1	HO	HumanOrigins	Pass	..	AADR Pass	Original exact AADR group retained	..
HGDP00726.DG	Palestinian	Palestinian	Israel, modern 1	DG	Shotgun.diploid	PROVISIONAL_PASS	..	AADR PROVISIONAL_PASS; DG Shotgun.diploid; no specific warning	Original exact AADR group retained	..
HGDP00726.HO	Palestinian	Palestinian	Israel, modern 1	HO	HumanOrigins	Pass	..	AADR Pass	Original exact AADR group retained	..
HGDP00727.DG	Palestinian	Palestinian	Israel, modern 1	DG	Shotgun.diploid	PROVISIONAL_PASS	..	AADR PROVISIONAL_PASS; DG Shotgun.diploid; no specific warning	Original exact AADR group retained	..
HGDP00727.HO	Palestinian	Palestinian	Israel, modern 1	HO	HumanOrigins	Pass	..	AADR Pass	Original exact AADR group retained	..
HGDP00729.DG	Palestinian	Palestinian	Israel, modern 1	DG	Shotgun.diploid	PROVISIONAL_PASS	..	AADR PROVISIONAL_PASS; DG Shotgun.diploid; no specific warning	Original exact AADR group retained	..
HGDP00729.HO	Palestinian	Palestinian	Israel, modern 1	HO	HumanOrigins	Pass	..	AADR Pass	Original exact AADR group retained	..
HGDP00730.DG	Palestinian	Palestinian	Israel, modern 1	DG	Shotgun.diploid	PROVISIONAL_PASS	..	AADR PROVISIONAL_PASS; DG Shotgun.diploid; no specific warning	Original exact AADR group retained	..
HGDP00730.HO	Palestinian	Palestinian	Israel, modern 1	HO	HumanOrigins	Pass	..	AADR Pass	Original exact AADR group retained	..
HGDP00731.DG	Palestinian	Palestinian	Israel, modern 1	DG	Shotgun.diploid	PROVISIONAL_PASS	..	AADR PROVISIONAL_PASS; DG Shotgun.diploid; no specific warning	Original exact AADR group retained	..
HGDP00732.DG	Palestinian	Palestinian	Israel, modern 1	DG	Shotgun.diploid	PROVISIONAL_PASS	..	AADR PROVISIONAL_PASS; DG Shotgun.diploid; no specific warning	Original exact AADR group retained	..
HGDP00732.HO	Palestinian	Palestinian	Israel, modern 1	HO	HumanOrigins	Pass	..	AADR Pass	Original exact AADR group retained	..
HGDP00733.DG	Palestinian	Palestinian	Israel, modern 1	DG	Shotgun.diploid	PROVISIONAL_PASS	..	AADR PROVISIONAL_PASS; DG Shotgun.diploid; no specific warning	Original exact AADR group retained	..
HGDP00733.HO	Palestinian	Palestinian	Israel, modern 1	HO	HumanOrigins	Pass	..	AADR Pass	Original exact AADR group retained	..
HGDP00734.DG	Palestinian	Palestinian	Israel, modern 1	DG	Shotgun.diploid	PROVISIONAL_PASS	..	AADR PROVISIONAL_PASS; DG Shotgun.diploid; no specific warning	Original exact AADR group retained	..
HGDP00734.HO	Palestinian	Palestinian	Israel, modern 1	HO	HumanOrigins	Pass	..	AADR Pass	Original exact AADR group retained	..
HGDP00735.DG	Palestinian	Palestinian	Israel, modern 1	DG	Shotgun.diploid	PROVISIONAL_PASS	..	AADR PROVISIONAL_PASS; DG Shotgun.diploid; no specific warning	Original exact AADR group retained	..
HGDP00735.HO	Palestinian	Palestinian	Israel, modern 1	HO	HumanOrigins	Pass	..	AADR Pass	Original exact AADR group retained	..
HGDP00736.DG	Palestinian	Palestinian	Israel, modern 1	DG	Shotgun.diploid	PROVISIONAL_PASS	..	AADR PROVISIONAL_PASS; DG Shotgun.diploid; no specific warning	Original exact AADR group retained	..
HGDP00736.HO	Palestinian	Palestinian	Israel, modern 1	HO	HumanOrigins	Pass	..	AADR Pass	Original exact AADR group retained	..
HGDP00737.DG	Palestinian	Palestinian	Israel, modern 1	DG	Shotgun.diploid	PROVISIONAL_PASS	..	AADR PROVISIONAL_PASS; DG Shotgun.diploid; no specific warning	Original exact AADR group retained	..
HGDP00737.HO	Palestinian	Palestinian	Israel, modern 1	HO	HumanOrigins	Pass	..	AADR Pass	Original exact AADR group retained	..
HGDP00738.DG	Palestinian	Palestinian	Israel, modern 1	DG	Shotgun.diploid	PROVISIONAL_PASS	..	AADR PROVISIONAL_PASS; DG Shotgun.diploid; no specific warning	Original exact AADR group retained	..
HGDP00739.DG	Palestinian	Palestinian	Israel, modern 1	DG	Shotgun.diploid	PROVISIONAL_PASS	..	AADR PROVISIONAL_PASS; DG Shotgun.diploid; no specific warning	Original exact AADR group retained	..
HGDP00739.HO	Palestinian	Palestinian	Israel, modern 1	HO	HumanOrigins	Pass	..	AADR Pass	Original exact AADR group retained	..
HGDP00740.DG	Palestinian	Palestinian	Israel, modern 1	DG	Shotgun.diploid	PROVISIONAL_PASS	..	AADR PROVISIONAL_PASS; DG Shotgun.diploid; no specific warning	Original exact AADR group retained	..
HGDP00740.HO	Palestinian	Palestinian	Israel, modern 1	HO	HumanOrigins	Pass	..	AADR Pass	Original exact AADR group retained	..
HGDP00741.DG	Palestinian	Palestinian	Israel, modern 1	DG	Shotgun.diploid	PROVISIONAL_PASS	..	AADR PROVISIONAL_PASS; DG Shotgun.diploid; no specific warning	Original exact AADR group retained	..
HGDP00744.DG	Palestinian	Palestinian	Israel, modern 1	DG	Shotgun.diploid	PROVISIONAL_PASS	..	AADR PROVISIONAL_PASS; DG Shotgun.diploid; no specific warning	Original exact AADR group retained	..
HGDP00745.DG	Palestinian	Palestinian	Israel, modern 1	DG	Shotgun.diploid	PROVISIONAL_PASS	..	AADR PROVISIONAL_PASS; DG Shotgun.diploid; no specific warning	Original exact AADR group retained	..
HGDP00745.HO	Palestinian	Palestinian	Israel, modern 1	HO	HumanOrigins	Pass	..	AADR Pass	Original exact AADR group retained	..
HGDP00746.DG	Palestinian	Palestinian	Israel, modern 1	DG	Shotgun.diploid	PROVISIONAL_PASS	..	AADR PROVISIONAL_PASS; DG Shotgun.diploid; no specific warning	Original exact AADR group retained	..
S_Palestinian-1.DG	Palestinian	Palestinian	Israel, modern 1	DG	Shotgun.diploid	PROVISIONAL_PASS	..	AADR PROVISIONAL_PASS; DG Shotgun.diploid; no specific warning	Original exact AADR group retained	..
S_Palestinian-2.DG	Palestinian	Palestinian	Israel, modern 1	DG	Shotgun.diploid	PROVISIONAL_PASS	..	AADR PROVISIONAL_PASS; DG Shotgun.diploid; no specific warning	Original exact AADR group retained	..
S_Palestinian-3.DG	Palestinian	Palestinian	Israel, modern 1	DG	Shotgun.diploid	PROVISIONAL_PASS	..	AADR PROVISIONAL_PASS; DG Shotgun.diploid; no specific warning	Original exact AADR group retained	..
SR23.HO	Sicilian	Sicilian	Siracusa	HO	HumanOrigins	Pass	..	AADR Pass	Original exact AADR group retained	..
SR44.HO	Sicilian	Sicilian	Siracusa	HO	HumanOrigins	Pass	..	AADR Pass	Original exact AADR group retained	..
SR48R.HO	Sicilian	Sicilian	Siracusa	HO	HumanOrigins	Pass	..	AADR Pass	Original exact AADR group retained	..
SR60.HO	Sicilian	Sicilian	Siracusa	HO	HumanOrigins	Pass	..	AADR Pass	Original exact AADR group retained	..
SR64.HO	Sicilian	Sicilian	Siracusa	HO	HumanOrigins	Pass	..	AADR Pass	Original exact AADR group retained	..
TP04.HO	Sicilian	Sicilian	Trapani	HO	HumanOrigins	Pass	..	AADR Pass	Original exact AADR group retained	..
TP05.HO	Sicilian	Sicilian	Trapani	HO	HumanOrigins	Pass	..	AADR Pass	Original exact AADR group retained	..
TP06.HO	Sicilian	Sicilian	Trapani	HO	HumanOrigins	Pass	..	AADR Pass	Original exact AADR group retained	..
TP07.HO	Sicilian	Sicilian	Trapani	HO	HumanOrigins	Pass	..	AADR Pass	Original exact AADR group retained	..
TP08.HO	Sicilian	Sicilian	Trapani	HO	HumanOrigins	Pass	..	AADR Pass	Original exact AADR group retained	..
TP25.HO	Sicilian	Sicilian	Trapani	HO	HumanOrigins	Pass	..	AADR Pass	Original exact AADR group retained	..
