Population_1	Population_2	Primary_Hudson_FST	Strict_Hudson_FST	Strict_minus_primary	Absolute_change	Primary_SE	Strict_SE	Primary_SNPs_used	Strict_SNPs_used
Italian_Tuscan	Jew_Iraqi	0.042986490686885405	0.010435558991561776	-0.03255093169532363	0.03255093169532363	0.0005888031982194437	0.0004387771163041368	163262	160270
Italian_Bergamo	Jew_Iraqi	0.03973203325198626	0.012198871162498633	-0.027533162089487626	0.027533162089487626	0.0008374274141391785	0.0006254180962866656	168157	167365
Italian_Bergamo	Italian_Tuscan	0.029322709305844793	0.0019283574971641023	-0.02739435180868069	0.02739435180868069	0.0003849894793376104	0.0004931793185821298	168496	166258
Jew_Iraqi	Jew_Yemenite	0.041776346565103456	0.014966634620153694	-0.026809711944949764	0.026809711944949764	0.00047381435591547046	0.00044617921793055034	164435	164420
Italian_Tuscan	Jew_Yemenite	0.045101575513799216	0.018783222068659337	-0.02631835344513988	0.02631835344513988	0.0007222316906510424	0.0006259750461087474	167269	164829
Italian_Bergamo	Jew_Yemenite	0.041582207564231165	0.02023590021255526	-0.021346307351675906	0.021346307351675906	0.00046560982909845923	0.000513997812415538	171234	170593
Druze	Jew_Iraqi	0.030070837527227806	0.010508049930358948	-0.019562787596868858	0.019562787596868858	0.0005588939039534013	0.00045150840528572755	178725	178327
Jew_Iraqi	Palestinian	0.028174589606594157	0.009017356837427676	-0.01915723276916648	0.01915723276916648	0.0005911839976176012	0.0005108039372070135	182094	180552
Druze	Italian_Tuscan	0.029211891409632835	0.010165448963909383	-0.01904644244572345	0.01904644244572345	0.00030069902443358854	0.0004245110261588794	179379	178590
Italian_Tuscan	Palestinian	0.02830581536165287	0.009691449666772817	-0.01861436569488005	0.01861436569488005	0.00034910840809323834	0.0005194616123913761	182499	180795
Cypriot	Jew_Iraqi	0.023952912212889685	0.0072430666899478535	-0.01670984552294183	0.01670984552294183	0.0011051264025500967	0.0010712279010674387	158304	158298
Jew_Iraqi	Maltese	0.026538754706271702	0.009883599873443644	-0.01665515483282806	0.01665515483282806	0.0005149371107484645	0.0005330885466420808	164557	164555
Jew_Iraqi	Jew_Turkish	0.02443332503702394	0.0077959396697933215	-0.01663738536723062	0.01663738536723062	0.0005058321876851551	0.0005257003188462716	164520	164517
Italian_South	Jew_Iraqi	0.025703147071126475	0.009219409046907046	-0.01648373802421943	0.01648373802421943	0.0006944849280635366	0.0005991252267310103	173783	173783
Italian_Central	Jew_Iraqi	0.025571780596036788	0.009089620914570943	-0.016482159681465845	0.016482159681465845	0.000599698153802519	0.0005614006924744246	170813	170812
Italian_North	Jew_Iraqi	0.02806873416606218	0.011587009159585195	-0.016481725006476985	0.016481725006476985	0.0006543034996443929	0.0006246244606858297	171595	171594
Jew_Ashkenazi	Jew_Iraqi	0.027274481695727718	0.010808698395569694	-0.016465783300158025	0.016465783300158025	0.0006352172940577109	0.0006826528214686569	162380	162373
Jew_Iraqi	Lebanese	0.023612212029572505	0.007148113942726165	-0.01646409808684634	0.01646409808684634	0.00088247074476805	0.0008037798455265516	165664	165662
Jew_Iraqi	Sicilian	0.02501277532074681	0.008554913806264622	-0.016457861514482187	0.016457861514482187	0.0007644236006039556	0.0006844924559587873	167821	167818
Jew_Iraqi	Lebanese_Muslim	0.022098878996256583	0.005671225376891342	-0.01642765361936524	0.01642765361936524	0.0006905061608033204	0.0006470134748818353	168996	168995
Greek	Jew_Iraqi	0.02584486583175074	0.009427262687969333	-0.016417603143781406	0.016417603143781406	0.0007221832957479245	0.0005806794940688469	171904	171480
Italian_Tuscan	Lebanese_Christian	0.02158099861154616	0.005196777862763018	-0.016384220748783145	0.016384220748783145	0.0005647115628141875	0.0006230336416527697	167122	165055
Jew_Iraqi	Lebanese_Christian	0.02184981261315806	0.005585891490830263	-0.016263921122327794	0.016263921122327794	0.0005863220077268595	0.0005222094461844101	165129	165126
Italian_Tuscan	Maltese	0.019839925553646696	0.0036718901220557155	-0.01616803543159098	0.01616803543159098	0.0005767201098557547	0.0006345480370784442	166448	164105
Italian_North	Italian_Tuscan	0.017222531167261683	0.0010734377566134323	-0.01614909341064825	0.01614909341064825	0.00041265611705423383	0.0003832627915429586	171731	170780
Italian_South	Italian_Tuscan	0.018532060957935994	0.0024435579608237633	-0.01608850299711223	0.01608850299711223	0.0004331413113644273	0.0005498252629844312	174145	173366
Italian_Central	Italian_Tuscan	0.0166427737633071	0.000555191901784031	-0.016087581861523072	0.016087581861523072	0.00035945047705752395	0.0003933579842078134	171071	169980
Greek	Italian_Tuscan	0.017714050811929127	0.0016312919128207096	-0.016082758899108415	0.016082758899108415	0.0004865708535411145	0.000588449068601629	172276	170837
Italian_Tuscan	Sicilian	0.017462271136775367	0.0013985613571984672	-0.0160637097795769	0.0160637097795769	0.0004033767244823164	0.0005150524887893459	168841	167214
Cypriot	Italian_Tuscan	0.02059031444068894	0.004583811491238993	-0.016006502949449945	0.016006502949449945	0.0005859926933172396	0.0005770678277005831	161566	158080
Italian_Tuscan	Jew_Ashkenazi	0.02239242377304382	0.006450053223902291	-0.01594237054914153	0.01594237054914153	0.0005889993301372412	0.0007132185425619999	164531	161870
Italian_Tuscan	Lebanese_Muslim	0.020900043411370663	0.00498833015553035	-0.015911713255840315	0.015911713255840315	0.0004224640988553647	0.0005048062135544986	170579	169061
Italian_Tuscan	Jew_Turkish	0.01950688432712033	0.0036287845152865052	-0.015878099811833826	0.015878099811833826	0.0006351824237673767	0.0007290665101511781	166402	164182
Italian_Tuscan	Lebanese	0.02269740393961517	0.006953617104704041	-0.01574378683491113	0.01574378683491113	0.00048688077827241854	0.0006019251837632767	167802	165680
Druze	Italian_Bergamo	0.026150082782672848	0.011888072768402848	-0.01426201001427	0.01426201001427	0.00032067325961159123	0.00033413381934787977	180154	179728
Italian_Bergamo	Palestinian	0.025185715252036195	0.011307702171536088	-0.013878013080500106	0.013878013080500106	0.00037127343559271764	0.000366485169204836	182915	181767
Druze	Jew_Yemenite	0.0291760281230405	0.015842872286019164	-0.013333155837021337	0.013333155837021337	0.0003746214149292567	0.0003713017092655354	179648	179310
Jew_Yemenite	Palestinian	0.02478559173144424	0.011660802587795437	-0.013124789143648804	0.013124789143648804	0.0003224444056308409	0.000261568778112856	182206	180847
Italian_Bergamo	Italian_Central	0.012621679378548703	0.00136045622604218	-0.011261223152506522	0.011261223152506522	0.0002543248061597965	0.0002632437579062035	173096	172766
Cypriot	Italian_Bergamo	0.016437300815807507	0.005192086441659642	-0.011245214374147865	0.011245214374147865	0.000590342068768855	0.0005891958153586227	166914	166048
Greek	Italian_Bergamo	0.013352455490005603	0.0021158003218546585	-0.011236655168150944	0.011236655168150944	0.0001998426644056199	0.00019884651754678955	173816	173201
Italian_Bergamo	Maltese	0.015896205903644135	0.0046831791418488426	-0.011213026761795293	0.011213026761795293	0.000348479397739884	0.0003543838562457398	170225	169569
Italian_Bergamo	Sicilian	0.013775603018034486	0.0025887322590852826	-0.011186870758949204	0.011186870758949204	0.00033378673049172313	0.00034355532946536113	171677	171176
Italian_Bergamo	Italian_North	0.012143512426657722	0.0009631971312901301	-0.011180315295367591	0.011180315295367591	0.00027540620433585283	0.0002935914351381307	173211	172935
Italian_Bergamo	Italian_South	0.014236770514286038	0.0030590576134747454	-0.011177712900811293	0.011177712900811293	0.00024554711103430814	0.00023266768571708865	175492	175250
Italian_Bergamo	Jew_Turkish	0.01568461206518171	0.004536944352453168	-0.011147667712728543	0.011147667712728543	0.00041020776984086895	0.0004189428140376711	170253	169677
Italian_Bergamo	Lebanese_Christian	0.01877473002659997	0.00764761292371124	-0.011127117102888728	0.011127117102888728	0.00038273347340933	0.0003798524361648894	170834	170219
Italian_Bergamo	Lebanese	0.02000455313909299	0.00891400384688051	-0.011090549292212478	0.011090549292212478	0.0005915438415900598	0.0005893299785360693	171363	170780
Italian_Bergamo	Jew_Ashkenazi	0.018275620304141205	0.007186564369998657	-0.011089055934142548	0.011089055934142548	0.0006042169510826731	0.0005771887313951686	168745	168078
Italian_Bergamo	Lebanese_Muslim	0.017855021611149467	0.006833563631912081	-0.011021457979237386	0.011021457979237386	0.0005703744133531117	0.0005458775161944711	173350	172934
Jew_Ashkenazi	Jew_Yemenite	0.028354060906368803	0.017798177012750667	-0.010555883893618136	0.010555883893618136	0.00045844129629176984	0.0004121933158230126	166171	166165
Jew_Yemenite	Sicilian	0.025225567668412736	0.014684360734935604	-0.010541206933477132	0.010541206933477132	0.0005537320930369926	0.0005689414346943041	170623	170618
Jew_Yemenite	Lebanese	0.02198409904441688	0.011461813584972799	-0.010522285459444081	0.010522285459444081	0.00044856210397754896	0.0004543627329211719	168303	168300
Italian_Central	Jew_Yemenite	0.027189109239415477	0.01673669384561859	-0.010452415393796887	0.010452415393796887	0.00046389277978334297	0.00045100731734731337	173219	173212
Jew_Yemenite	Lebanese_Muslim	0.020936704433011127	0.010553201445605207	-0.01038350298740592	0.01038350298740592	0.0006196114303847115	0.0005728948526772879	171252	171248
Italian_North	Jew_Yemenite	0.029469976567506884	0.01909047817603718	-0.010379498391469705	0.010379498391469705	0.0003800970950508318	0.0003820762739969668	174065	174060
Italian_South	Jew_Yemenite	0.02623838008460474	0.015902649464995904	-0.010335730619608834	0.010335730619608834	0.0004430455768198202	0.0004314935116244186	175736	175734
Jew_Turkish	Jew_Yemenite	0.022752316531728004	0.01242983548023681	-0.010322481051491193	0.010322481051491193	0.0005359407514965146	0.0004883058928057056	167826	167815
Cypriot	Jew_Yemenite	0.02303142323190936	0.012717517863873902	-0.010313905368035456	0.010313905368035456	0.0007857788357506351	0.0007605757958179827	162882	162876
Jew_Yemenite	Maltese	0.025765515193939683	0.015456423278754216	-0.010309091915185467	0.010309091915185467	0.0006994110337310049	0.0005632874820116757	168015	168008
Jew_Yemenite	Lebanese_Christian	0.021490970194997145	0.011222036904348927	-0.010268933290648218	0.010268933290648218	0.00040705203148764423	0.000388700491516294	168162	168155
Greek	Jew_Yemenite	0.027385835281194357	0.017165644232428154	-0.010220191048766203	0.010220191048766203	0.0004439622595574392	0.00039843315920067663	174304	173916
Druze	Palestinian	0.015136105486902853	0.009309212115534071	-0.005826893371368783	0.005826893371368783	0.0002471184540071961	0.00025977169810927964	183774	183339
Cypriot	Druze	0.010573353550106728	0.007458625723068313	-0.0031147278270384155	0.0031147278270384155	0.000630575347051163	0.0006454045687489971	178630	178169
Druze	Italian_North	0.013921033891626558	0.010813351376674182	-0.0031076825149523764	0.0031076825149523764	0.00021215113854780734	0.0002175018165117244	180760	180528
Druze	Sicilian	0.01121913842180071	0.00812834892413215	-0.003090789497668561	0.003090789497668561	0.00033222975764888376	0.000329529108191165	180006	179714
Druze	Italian_Central	0.011774918729357813	0.008684473355791906	-0.0030904453735659063	0.0030904453735659063	0.0002634051190848204	0.00025570955319440095	180521	180287
Druze	Lebanese_Muslim	0.009049121767989974	0.005981040160391922	-0.003068081607598052	0.003068081607598052	0.00033245437624015246	0.0003418410536473717	180337	180040
Druze	Jew_Turkish	0.009925805903157583	0.006863888526638718	-0.0030619173765188646	0.0030619173765188646	0.00037515639717832595	0.00037111465221764336	179559	179188
Druze	Italian_South	0.011393154021870628	0.00833994931297057	-0.003053204708900057	0.003053204708900057	0.00022729742182561787	0.0002350425104230785	181169	180989
Druze	Lebanese	0.0099109338923794	0.006863981781452725	-0.0030469521109266744	0.0030469521109266744	0.00042874760964890525	0.000432218080572638	179829	179508
Druze	Jew_Ashkenazi	0.01435070093200131	0.011308847559640666	-0.0030418533723606447	0.0030418533723606447	0.00030154897167431274	0.0003109914938550891	179182	178812
Druze	Maltese	0.01243913164351833	0.009409876150662393	-0.0030292554928559364	0.0030292554928559364	0.00035379268406590143	0.00036062734977745253	179611	179305
Druze	Lebanese_Christian	0.009658218644108336	0.006631076919224345	-0.003027141724883991	0.003027141724883991	0.0002807514670220238	0.00028849763625298945	179427	179079
Palestinian	Sicilian	0.009962608166071378	0.007039343603168602	-0.0029232645629027765	0.0029232645629027765	0.0003265585689861459	0.00031759631794037077	182733	181537
Jew_Turkish	Palestinian	0.008944505587150755	0.006068144665757451	-0.002876360921393304	0.002876360921393304	0.00032753363927455644	0.000370148762863049	182378	180998
Italian_North	Palestinian	0.013548764709454954	0.010672719357081542	-0.0028760453523734124	0.0028760453523734124	0.00023472627899858854	0.00025554302747671394	183199	182305
Lebanese_Christian	Palestinian	0.007940367459809774	0.00507258791667299	-0.002867779543136784	0.002867779543136784	0.00029663023233016	0.000326748750836623	182362	181058
Italian_Central	Palestinian	0.011164471845757177	0.00831188316300834	-0.0028525886827488363	0.0028525886827488363	0.0002009305207903669	0.00020659412962006739	183007	182089
Jew_Ashkenazi	Palestinian	0.01320502506501451	0.010381576084034939	-0.002823448980979571	0.002823448980979571	0.0004221987181431555	0.0004563986525305552	182278	180853
Italian_South	Palestinian	0.010754299359391643	0.007933723199819172	-0.0028205761595724715	0.0028205761595724715	0.00022212568358036903	0.00025220420362946893	183190	182444
Maltese	Palestinian	0.011271033343234527	0.008472918317057102	-0.002798115026177425	0.002798115026177425	0.00034655603399811507	0.0003496464673644334	182381	181068
Cypriot	Palestinian	0.009128251491334472	0.006354047284654695	-0.002774204206679777	0.002774204206679777	0.0005019628808352953	0.000480743236634895	182072	180473
Druze	Greek	0.011796053630412886	0.009026060001827796	-0.0027699936285850903	0.0027699936285850903	0.00026420764724913756	0.00024984620407811635	180752	180425
Lebanese	Palestinian	0.007959797035272385	0.005209159257766339	-0.002750637777506046	0.002750637777506046	0.00025261838444628224	0.00023819281272056015	182390	181130
Lebanese_Muslim	Palestinian	0.006969922683474742	0.004260504776593154	-0.0027094179068815876	0.0027094179068815876	0.0002899280162267233	0.00027998376018664413	182656	181566
Greek	Palestinian	0.011235765294883567	0.008644824105778154	-0.002590941189105413	0.002590941189105413	0.00024633739834816246	0.0002482324049159722	183215	182241
Greek	Lebanese_Christian	0.004307745489705417	0.004596666905371327	0.0002889214156659098	0.0002889214156659098	0.00034029452994729735	0.0003564381300051984	173681	173354
Greek	Lebanese_Muslim	0.0039055382362573276	0.004173801482614198	0.0002682632463568706	0.0002682632463568706	0.0003763276322870509	0.0004013485996079394	175596	175325
Greek	Lebanese	0.005760048253736443	0.006018888974291561	0.00025884072055511794	0.00025884072055511794	0.00047507717801329103	0.00048351776216151954	174387	174063
Cypriot	Greek	0.003075699829226738	0.003272546439596147	0.00019684661036940918	0.00019684661036940918	0.000568926307151049	0.0005785116457372646	171161	170678
Greek	Jew_Turkish	0.002454728057406201	0.0026273105852995878	0.00017258252789338667	0.00017258252789338667	0.0003997961868198382	0.00041449069943536715	173359	173001
Greek	Jew_Ashkenazi	0.005653984190853242	0.0058121029778542225	0.0001581187870009805	0.0001581187870009805	0.0004499911523023339	0.00042361909737698345	172325	171908
Greek	Italian_South	0.0020136111530314003	0.002165091760014177	0.00015148060698277682	0.00015148060698277682	0.00025022727134549035	0.00025484420534055066	176951	176786
Greek	Sicilian	0.001278017983077359	0.0014108960924772574	0.00013287810939989833	0.00013287810939989833	0.0002644853653670486	0.0002927891516255886	174303	173994
Greek	Maltese	0.0034979670314234123	0.0036222373817232606	0.00012427035029984827	0.00012427035029984827	0.0003054672657447911	0.0003195472864312831	173441	173079
Greek	Italian_Central	0.0010248172974115096	0.0011326390032087524	0.00010782170579724283	0.00010782170579724283	0.00020575383153971345	0.00022597295490348857	175209	174980
Greek	Italian_North	0.0013505675761845998	0.001322323323695096	-2.8244252489503883e-05	2.8244252489503883e-05	0.00020153581871290636	0.00019687280579567162	175307	175055
Cypriot	Italian_Central	0.0034979684672722926	0.0034979684672722926	0.0	0.0	0.0005437203550259827	0.0005437203550259827	169851	169851
Cypriot	Italian_North	0.004787790610269007	0.004787790610269007	0.0	0.0	0.0006585824960928894	0.0006585824960928894	170825	170825
Cypriot	Italian_South	0.0033587026361197245	0.0033587026361197245	0.0	0.0	0.00048392227916396806	0.00048392227916396806	173194	173194
Cypriot	Jew_Ashkenazi	0.006622874078342364	0.006622874078342364	0.0	0.0	0.0008251828028187241	0.0008251828028187241	160535	160535
Cypriot	Jew_Turkish	0.0026127488013342965	0.0026127488013342965	0.0	0.0	0.0004580330188987467	0.0004580330188987467	163020	163020
Cypriot	Lebanese	0.00401041190996661	0.00401041190996661	0.0	0.0	0.0006787533683562094	0.0006787533683562094	164198	164198
Cypriot	Lebanese_Christian	0.0030460991753935214	0.0030460991753935214	0.0	0.0	0.000517594787205242	0.000517594787205242	163770	163770
Cypriot	Lebanese_Muslim	0.0027207974347097674	0.0027207974347097674	0.0	0.0	0.0004690840987105646	0.0004690840987105646	168024	168024
Cypriot	Maltese	0.0045762498470542975	0.0045762498470542975	0.0	0.0	0.0006257666177970693	0.0006257666177970693	162977	162977
Cypriot	Sicilian	0.0029992981952993675	0.0029992981952993675	0.0	0.0	0.0005749537653451331	0.0005749537653451331	166610	166610
Italian_Central	Italian_North	0.0006162457008332751	0.0006162457008332751	0.0	0.0	0.00022444929767893295	0.00022444929767893295	174884	174884
Italian_Central	Italian_South	0.0015367357382879835	0.0015367357382879835	0.0	0.0	0.00023228677234677573	0.00023228677234677573	176537	176537
Italian_Central	Jew_Ashkenazi	0.005127579439857978	0.005127579439857978	0.0	0.0	0.00040752852846596944	0.00040752852846596944	171428	171428
Italian_Central	Jew_Turkish	0.0019388788541343975	0.0019388788541343975	0.0	0.0	0.0003912882626340005	0.0003912882626340005	172512	172512
Italian_Central	Lebanese	0.005349617671043833	0.005349617671043833	0.0	0.0	0.0005653079149447396	0.0005653079149447396	173527	173527
Italian_Central	Lebanese_Christian	0.0047508838021568635	0.0047508838021568635	0.0	0.0	0.0004955509194435761	0.0004955509194435761	172660	172660
Italian_Central	Lebanese_Muslim	0.004123340767693867	0.004123340767693867	0.0	0.0	0.00035787088344389805	0.00035787088344389805	174947	174947
Italian_Central	Maltese	0.0034221834863579995	0.0034221834863579995	0.0	0.0	0.0004665023985446206	0.0004665023985446206	172517	172517
Italian_Central	Sicilian	0.000973745980803937	0.000973745980803937	0.0	0.0	0.0002073744670562242	0.0002073744670562242	173616	173616
Italian_North	Italian_South	0.0024690865117340485	0.0024690865117340485	0.0	0.0	0.00015681168786819372	0.00015681168786819372	176690	176690
Italian_North	Jew_Ashkenazi	0.005941811275323208	0.005941811275323208	0.0	0.0	0.0004868466291754956	0.0004868466291754956	172025	172025
Italian_North	Jew_Turkish	0.003735161473338572	0.003735161473338572	0.0	0.0	0.0004025020972138536	0.0004025020972138536	173092	173092
Italian_North	Lebanese	0.007946000597059601	0.007946000597059601	0.0	0.0	0.0005363818123018733	0.0005363818123018733	174115	174115
Italian_North	Lebanese_Christian	0.006688571174589749	0.006688571174589749	0.0	0.0	0.0003697816319018344	0.0003697816319018344	173557	173557
Italian_North	Lebanese_Muslim	0.005688410415333369	0.005688410415333369	0.0	0.0	0.00032222530961451804	0.00032222530961451804	175492	175492
Italian_North	Maltese	0.0041995010090216745	0.0041995010090216745	0.0	0.0	0.00040568518482084155	0.00040568518482084155	173135	173135
Italian_North	Sicilian	0.001593496691472208	0.001593496691472208	0.0	0.0	0.00035699998424188297	0.00035699998424188297	174130	174130
Italian_South	Jew_Ashkenazi	0.005640459927977246	0.005640459927977246	0.0	0.0	0.000417708617853299	0.000417708617853299	174194	174194
Italian_South	Jew_Turkish	0.002858642867076199	0.002858642867076199	0.0	0.0	0.00035984154027408216	0.00035984154027408216	175049	175049
Italian_South	Lebanese	0.0054670995015036385	0.0054670995015036385	0.0	0.0	0.00044097717938710256	0.00044097717938710256	175750	175750
Italian_South	Lebanese_Christian	0.004411253399343047	0.004411253399343047	0.0	0.0	0.0004963275899249901	0.0004963275899249901	175085	175085
Italian_South	Lebanese_Muslim	0.0038342381740608207	0.0038342381740608207	0.0	0.0	0.00031205852207516526	0.00031205852207516526	176836	176836
Italian_South	Maltese	0.0041119880460543145	0.0041119880460543145	0.0	0.0	0.00039730666756731696	0.00039730666756731696	175104	175104
Italian_South	Sicilian	0.0016902305835936446	0.0016902305835936446	0.0	0.0	0.0002115651568527021	0.0002115651568527021	175868	175868
Jew_Ashkenazi	Jew_Turkish	0.004393095186199773	0.004393095186199773	0.0	0.0	0.00043400160853939525	0.00043400160853939525	165765	165765
Jew_Ashkenazi	Lebanese	0.007455562459110745	0.007455562459110745	0.0	0.0	0.0007140118013183199	0.0007140118013183199	167282	167282
Jew_Ashkenazi	Lebanese_Christian	0.006783166123863392	0.006783166123863392	0.0	0.0	0.0005883730102006838	0.0005883730102006838	166642	166642
Jew_Ashkenazi	Lebanese_Muslim	0.006103783828964277	0.006103783828964277	0.0	0.0	0.0005389445178244036	0.0005389445178244036	170323	170323
Jew_Ashkenazi	Maltese	0.006646429101864536	0.006646429101864536	0.0	0.0	0.0004999964801577591	0.0004999964801577591	165942	165942
Jew_Ashkenazi	Sicilian	0.005083613921845823	0.005083613921845823	0.0	0.0	0.000548805634871385	0.000548805634871385	168832	168832
Jew_Turkish	Lebanese	0.003851796946552487	0.003851796946552487	0.0	0.0	0.00039656307429720695	0.00039656307429720695	168622	168622
Jew_Turkish	Lebanese_Christian	0.003284855706867514	0.003284855706867514	0.0	0.0	0.0004941959254652551	0.0004941959254652551	168233	168233
Jew_Turkish	Lebanese_Muslim	0.0024205003354741106	0.0024205003354741106	0.0	0.0	0.00040915142229581975	0.00040915142229581975	171409	171409
Jew_Turkish	Maltese	0.003375297717429961	0.003375297717429961	0.0	0.0	0.0004863969457409108	0.0004863969457409108	167550	167550
Jew_Turkish	Sicilian	0.001514533263680683	0.001514533263680683	0.0	0.0	0.00043301277801101735	0.00043301277801101735	170152	170152
Lebanese	Lebanese_Christian	0.0025603343431141764	0.0025603343431141764	0.0	0.0	0.00047038571103357303	0.00047038571103357303	168956	168956
Lebanese	Lebanese_Muslim	0.00212047306374759	0.00212047306374759	0.0	0.0	0.00039147716549574275	0.00039147716549574275	171817	171817
Lebanese	Maltese	0.00586626158891908	0.00586626158891908	0.0	0.0	0.0005714138281193172	0.0005714138281193172	168595	168595
Lebanese	Sicilian	0.004816982050724888	0.004816982050724888	0.0	0.0	0.0005514568441480176	0.0005514568441480176	171074	171074
Lebanese_Christian	Lebanese_Muslim	0.0016241650946449376	0.0016241650946449376	0.0	0.0	0.0004958853705530705	0.0004958853705530705	171458	171458
Lebanese_Christian	Maltese	0.005712439316390048	0.005712439316390048	0.0	0.0	0.0005404306076652988	0.0005404306076652988	168322	168322
Lebanese_Christian	Sicilian	0.0038578475509286943	0.0038578475509286943	0.0	0.0	0.00031445658289729024	0.00031445658289729024	170597	170597
Lebanese_Muslim	Maltese	0.004647353003313434	0.004647353003313434	0.0	0.0	0.0005002710584095485	0.0005002710584095485	171490	171490
Lebanese_Muslim	Sicilian	0.003207791723043443	0.003207791723043443	0.0	0.0	0.0005174999264027316	0.0005174999264027316	173175	173175
Maltese	Sicilian	0.003034987169216139	0.003034987169216139	0.0	0.0	0.0004145039509853276	0.0004145039509853276	170080	170080
