Panel	Population_1	Population_2	Hudson_FST_ratio_of_sums	Chromosome_jackknife_SE	CI95_low	CI95_high	SNPs_used	Negative_numerator_SNPs	Sum_numerator	Sum_denominator	Jackknife_blocks
strict_pass	Cypriot	Druze	0.007458625723068313	0.0006454045687489971	0.006193632768320278	0.008723618677816347	178169	103869	394.09019204981195	52836.83706382468	22
strict_pass	Cypriot	Greek	0.003272546439596147	0.0005785116457372646	0.0021386636139511086	0.004406429265241186	170678	97555	171.62895000497315	52445.07699825132	22
strict_pass	Cypriot	Italian_Bergamo	0.005192086441659642	0.0005891958153586227	0.0040372626435567415	0.006346910239762543	166048	105523	271.79323785956376	52347.59492422578	22
strict_pass	Cypriot	Italian_Central	0.0034979684672722926	0.0005437203550259827	0.0024322765714213665	0.004563660363123219	169851	99314	183.60273789620962	52488.391366026975	22
strict_pass	Cypriot	Italian_North	0.004787790610269007	0.0006585824960928894	0.003496968917926944	0.0060786123026110705	170825	106736	251.13616630698453	52453.456458254375	22
strict_pass	Cypriot	Italian_South	0.0033587026361197245	0.00048392227916396806	0.002410214968958347	0.004307190303281102	173194	107073	176.32769221716362	52498.750654768664	22
strict_pass	Cypriot	Italian_Tuscan	0.004583811491238993	0.0005770678277005831	0.0034527585489458504	0.005714864433532136	158080	97740	240.6151479075431	52492.37416665785	22
strict_pass	Cypriot	Jew_Ashkenazi	0.006622874078342364	0.0008251828028187241	0.005005515784817664	0.008240232371867063	160535	110771	349.39572122306413	52755.90583333486	22
strict_pass	Cypriot	Jew_Iraqi	0.0072430666899478535	0.0010712279010674387	0.0051434600038556735	0.009342673376040033	158298	97249	382.2322943721757	52772.16277777053	22
strict_pass	Cypriot	Jew_Turkish	0.0026127488013342965	0.0004580330188987467	0.001715004084292753	0.00351049351837584	163020	98519	137.78583548402406	52735.96735118916	22
strict_pass	Cypriot	Jew_Yemenite	0.012717517863873902	0.0007605757958179827	0.011226789304070657	0.014208246423677148	162876	94671	676.5849131423395	53201.01928571177	22
strict_pass	Cypriot	Lebanese	0.00401041190996661	0.0006787533683562094	0.0026800553079884396	0.005340768511944781	164198	97932	213.08785381294032	53133.65773809365	22
strict_pass	Cypriot	Lebanese_Christian	0.0030460991753935214	0.000517594787205242	0.002031613392471247	0.0040605849583157955	163770	97359	160.48951142262038	52686.89631613421	22
strict_pass	Cypriot	Lebanese_Muslim	0.0027207974347097674	0.0004690840987105646	0.0018013926012370608	0.003640202268182474	168024	112212	144.13136356248003	52973.94128786174	22
strict_pass	Cypriot	Maltese	0.0045762498470542975	0.0006257666177970693	0.003349747276172042	0.005802752417936553	162977	97819	241.60290896612184	52794.95592261862	22
strict_pass	Cypriot	Palestinian	0.006354047284654695	0.000480743236634895	0.0054117905408503	0.007296304028459089	180473	103694	339.1734393431775	53379.11793044039	22
strict_pass	Cypriot	Sicilian	0.0029992981952993675	0.0005749537653451331	0.0018723888152229065	0.004126207575375828	166610	111814	157.89177766829087	52642.90756942602	22
strict_pass	Druze	Greek	0.009026060001827796	0.00024984620407811635	0.008536361441834688	0.009515758561820903	180425	104152	476.3250302854685	52772.19852172617	22
strict_pass	Druze	Italian_Bergamo	0.011888072768402848	0.00033413381934787977	0.011233170482481004	0.012542975054324692	179728	104431	626.7989467109079	52725.02607629292	22
strict_pass	Druze	Italian_Central	0.008684473355791906	0.00025570955319440095	0.00818328263153088	0.009185664080052933	180287	104995	458.41539264860387	52785.62946397601	22
strict_pass	Druze	Italian_North	0.010813351376674182	0.0002175018165117244	0.010387047816311203	0.011239654937037161	180528	103649	570.8978451919761	52795.643580349904	22
strict_pass	Druze	Italian_South	0.00833994931297057	0.0002350425104230785	0.007879265992541337	0.008800632633399804	180989	106774	440.22483531184645	52785.07324105602	22
strict_pass	Druze	Italian_Tuscan	0.010165448963909383	0.0004245110261588794	0.00933340735263798	0.010997490575180787	178590	100841	536.8478537365556	52811.03231569391	22
strict_pass	Druze	Jew_Ashkenazi	0.011308847559640666	0.0003109914938550891	0.010699304231684692	0.01191839088759664	178812	103692	599.692672930093	53028.628228246096	22
strict_pass	Druze	Jew_Iraqi	0.010508049930358948	0.00045150840528572755	0.009623093455998922	0.011393006404718974	178327	101326	556.6004382408071	52968.95636484608	22
strict_pass	Druze	Jew_Turkish	0.006863888526638718	0.00037111465221764336	0.006136503808292137	0.007591273244985299	179188	107194	363.67822718087143	52984.28518607754	22
strict_pass	Druze	Jew_Yemenite	0.015842872286019164	0.0003713017092655354	0.015115120935858714	0.016570623636179612	179310	99227	845.8945890339908	53392.7544047973	22
strict_pass	Druze	Lebanese	0.006863981781452725	0.000432218080572638	0.006016834343530355	0.007711129219375096	179508	107527	365.91136432165666	53308.90669179682	22
strict_pass	Druze	Lebanese_Christian	0.006631076919224345	0.00028849763625298945	0.006065621552168486	0.007196532286280204	179079	108094	350.781407143971	52899.61365506267	22
strict_pass	Druze	Lebanese_Muslim	0.005981040160391922	0.0003418410536473717	0.005311031695243073	0.006651048625540771	180040	109996	318.0133931757064	53170.248760688446	22
strict_pass	Druze	Maltese	0.009409876150662393	0.00036062734977745253	0.008703046545098587	0.0101167057562262	179305	104830	499.43114906203596	53075.20960590744	22
strict_pass	Druze	Palestinian	0.009309212115534071	0.00025977169810927964	0.008800059587239882	0.00981836464382826	183339	101250	498.61052824189323	53560.9804625542	22
strict_pass	Druze	Sicilian	0.00812834892413215	0.000329529108191165	0.007482471872077467	0.008774225976186833	179714	106608	430.29640277375074	52937.737637744525	22
strict_pass	Greek	Italian_Bergamo	0.0021158003218546585	0.00019884651754678955	0.001726061147462951	0.0025055394962463663	173201	110368	110.10420172897105	52039.0325077824	22
strict_pass	Greek	Italian_Central	0.0011326390032087524	0.00022597295490348857	0.0006897320115979149	0.00157554599481959	174980	110243	59.14307689137667	52217.05832469574	22
strict_pass	Greek	Italian_North	0.001322323323695096	0.00019687280579567162	0.0009364526243355795	0.0017081940230546124	175055	115221	68.92527307279308	52124.372184700274	22
strict_pass	Greek	Italian_South	0.002165091760014177	0.00025484420534055066	0.0016655971175466979	0.0026645864024816565	176786	113406	113.20996243148541	52288.75954465048	22
strict_pass	Greek	Italian_Tuscan	0.0016312919128207096	0.000588449068601629	0.0004779317383615167	0.0027846520872799024	170837	98466	85.13716212449076	52190.022800565384	22
strict_pass	Greek	Jew_Ashkenazi	0.0058121029778542225	0.00042361909737698345	0.004981809546995335	0.00664239640871311	171908	101023	305.5140695035197	52565.15080128756	22
strict_pass	Greek	Jew_Iraqi	0.009427262687969333	0.0005806794940688469	0.008289130879594393	0.010565394496344273	171480	94729	497.19622232874764	52740.2533254163	22
strict_pass	Greek	Jew_Turkish	0.0026273105852995878	0.00041449069943536715	0.0018149088144062682	0.0034397123561929074	173001	102825	138.1688896632426	52589.47702503449	22
strict_pass	Greek	Jew_Yemenite	0.017165644232428154	0.00039843315920067663	0.016384715240394827	0.01794657322446148	173916	92578	914.7976690872703	53292.35866132525	22
strict_pass	Greek	Lebanese	0.006018888974291561	0.00048351776216151954	0.005071194160454982	0.006966583788128139	174063	100764	319.56243081162523	53093.25893475857	22
strict_pass	Greek	Lebanese_Christian	0.004596666905371327	0.0003564381300051984	0.0038980481705611376	0.005295285640181516	173354	101025	241.8831239615665	52621.416548351524	22
strict_pass	Greek	Lebanese_Muslim	0.004173801482614198	0.0004013485996079394	0.003387158227382637	0.00496044473784576	175325	110233	220.80973465362266	52903.746278637525	22
strict_pass	Greek	Maltese	0.0036222373817232606	0.0003195472864312831	0.0029959247003179456	0.0042485500631285755	173079	101860	190.51881394210815	52596.99844726074	22
strict_pass	Greek	Palestinian	0.008644824105778154	0.0002482324049159722	0.008158288592142848	0.00913135961941346	182241	105218	461.2386229331786	53354.3097337156	22
strict_pass	Greek	Sicilian	0.0014108960924772574	0.0002927891516255886	0.0008370293552911038	0.001984762829663411	173994	111608	73.94801357922836	52412.0904250221	22
strict_pass	Italian_Bergamo	Italian_Central	0.00136045622604218	0.0002632437579062035	0.0008444984605460213	0.0018764139915383388	172766	111198	70.78597252975264	52031.05485847361	22
strict_pass	Italian_Bergamo	Italian_North	0.0009631971312901301	0.0002935914351381307	0.0003877579184193939	0.0015386363441608664	172935	119170	49.99744211737415	51907.79799188805	22
strict_pass	Italian_Bergamo	Italian_South	0.0030590576134747454	0.00023266768571708865	0.0026030289494692518	0.003515086277480239	175250	115792	159.49129363477962	52137.39451399722	22
strict_pass	Italian_Bergamo	Italian_Tuscan	0.0019283574971641023	0.0004931793185821298	0.000961726032743128	0.0028949889615850766	166258	103447	100.28910726794442	52007.5283838357	22
strict_pass	Italian_Bergamo	Jew_Ashkenazi	0.007186564369998657	0.0005771887313951686	0.006055274456464126	0.008317854283533188	168078	110485	376.8551387364337	52438.84550866468	22
strict_pass	Italian_Bergamo	Jew_Iraqi	0.012198871162498633	0.0006254180962866656	0.010973051693776768	0.013424690631220497	167365	98564	642.7359128234687	52688.1466540401	22
strict_pass	Italian_Bergamo	Jew_Turkish	0.004536944352453168	0.0004189428140376711	0.003715816436939333	0.005358072267967004	169677	104722	238.15244004624492	52491.814213562844	22
strict_pass	Italian_Bergamo	Jew_Yemenite	0.02023590021255526	0.000513997812415538	0.019228464500220803	0.021243335924889716	170593	95721	1077.7161010381342	53257.63073142013	22
strict_pass	Italian_Bergamo	Lebanese	0.00891400384688051	0.0005893299785360693	0.007758917088949814	0.010069090604811206	170780	102742	472.8783526752487	53048.92849476774	22
strict_pass	Italian_Bergamo	Lebanese_Christian	0.00764761292371124	0.0003798524361648894	0.006903102148828057	0.008392123698594423	170219	106531	402.142302553074	52584.02936506389	22
strict_pass	Italian_Bergamo	Lebanese_Muslim	0.006833563631912081	0.0005458775161944711	0.0057636437001709175	0.007903483563653245	172934	114211	361.12937073315777	52846.419552855055	22
strict_pass	Italian_Bergamo	Maltese	0.0046831791418488426	0.0003543838562457398	0.003988586783607193	0.005377771500090492	169569	104914	245.65375956007233	52454.48703102402	22
strict_pass	Italian_Bergamo	Palestinian	0.011307702171536088	0.000366485169204836	0.01058939123989461	0.012026013103177568	181767	104456	602.6790844553891	53298.10383337312	22
strict_pass	Italian_Bergamo	Sicilian	0.0025887322590852826	0.00034355532946536113	0.001915363813333175	0.0032621007048373903	171176	116791	135.3281123783332	52275.82416195903	22
strict_pass	Italian_Central	Italian_North	0.0006162457008332751	0.00022444929767893295	0.00017632507738256646	0.0010561663242839837	174884	117525	32.11805147299556	52118.90554297771	22
strict_pass	Italian_Central	Italian_South	0.0015367357382879835	0.00023228677234677573	0.001081453664488303	0.001992017812087664	176537	115226	80.35167318480327	52287.24183529427	22
strict_pass	Italian_Central	Italian_Tuscan	0.000555191901784031	0.0003933579842078134	-0.00021578974726328324	0.0013261735508313453	169980	101134	28.961689881676815	52165.18790820346	22
strict_pass	Italian_Central	Jew_Ashkenazi	0.005127579439857978	0.00040752852846596944	0.004328823524064678	0.005926335355651279	171428	103810	269.5080641620926	52560.48537583599	22
strict_pass	Italian_Central	Jew_Iraqi	0.009089620914570943	0.0005614006924744246	0.00798927555732107	0.010189966271820816	170812	96695	479.5130503267765	52753.91073329607	22
strict_pass	Italian_Central	Jew_Turkish	0.0019388788541343975	0.0003912882626340005	0.0011719538593717566	0.0027058038488970383	172512	99852	101.95517653885918	52584.60389180764	22
strict_pass	Italian_Central	Jew_Yemenite	0.01673669384561859	0.00045100731734731337	0.015852719503617857	0.017620668187619322	173212	90217	892.0822478656034	53300.98381999961	22
strict_pass	Italian_Central	Lebanese	0.005349617671043833	0.0005653079149447396	0.004241614157752143	0.006457621184335522	173527	98079	284.0060834666585	53089.04316731151	22
strict_pass	Italian_Central	Lebanese_Christian	0.0047508838021568635	0.0004955509194435761	0.0037796040000474544	0.005722163604266273	172660	102915	250.1865797329732	52661.060584009756	22
strict_pass	Italian_Central	Lebanese_Muslim	0.004123340767693867	0.00035787088344389805	0.0034219138361438273	0.004824767699243907	174947	110532	218.25888365725908	52932.536007526855	22
strict_pass	Italian_Central	Maltese	0.0034221834863579995	0.0004665023985446206	0.0025078387852105434	0.004336528187505456	172517	99159	180.06806836425116	52617.88828157941	22
strict_pass	Italian_Central	Palestinian	0.00831188316300834	0.00020659412962006739	0.007906958668953008	0.008716807657063673	182089	106123	443.58858291752205	53368.0002735954	22
strict_pass	Italian_Central	Sicilian	0.000973745980803937	0.0002073744670562242	0.0005672920253737376	0.0013801999362341366	173616	112072	51.04427773987919	52420.527269069076	22
strict_pass	Italian_North	Italian_South	0.0024690865117340485	0.00015681168786819372	0.0021617356035123886	0.0027764374199557083	176690	116892	128.96876015828443	52233.39058610352	22
strict_pass	Italian_North	Italian_Tuscan	0.0010734377566134323	0.0003832627915429586	0.0003222426851892334	0.0018246328280376312	170780	110257	55.91502162454622	52089.67290376614	22
strict_pass	Italian_North	Jew_Ashkenazi	0.005941811275323208	0.0004868466291754956	0.004987591882139236	0.006896030668507179	172025	112414	311.94780606430226	52500.45678156173	22
strict_pass	Italian_North	Jew_Iraqi	0.011587009159585195	0.0006246244606858297	0.010362745216640969	0.01281127310252942	171594	104231	611.6032759752475	52783.53262276547	22
strict_pass	Italian_North	Jew_Turkish	0.003735161473338572	0.0004025020972138536	0.0029462573627994193	0.0045240655838777255	173092	109523	196.38195001221317	52576.562329093234	22
strict_pass	Italian_North	Jew_Yemenite	0.01909047817603718	0.0003820762739969668	0.018341608679003123	0.019839347673071234	174060	98419	1017.9887134752258	53324.42194942133	22
strict_pass	Italian_North	Lebanese	0.007946000597059601	0.0005363818123018733	0.00689469224494793	0.008997308949171274	174115	106020	422.1288790605056	53124.69762671719	22
strict_pass	Italian_North	Lebanese_Christian	0.006688571174589749	0.0003697816319018344	0.005963799176062153	0.0074133431731173444	173557	108372	352.22437212280715	52660.63004022847	22
strict_pass	Italian_North	Lebanese_Muslim	0.005688410415333369	0.00032222530961451804	0.005056848808488914	0.006319972022177824	175492	113370	300.9897141021461	52912.7985018125	22
strict_pass	Italian_North	Maltese	0.0041995010090216745	0.00040568518482084155	0.003404358046772825	0.004994643971270524	173135	108963	220.70923165611796	52556.06110868274	22
strict_pass	Italian_North	Palestinian	0.010672719357081542	0.00025554302747671394	0.010171855023227183	0.011173583690935901	182305	104231	569.8354713840564	53391.778825886606	22
strict_pass	Italian_North	Sicilian	0.001593496691472208	0.00035699998424188297	0.0008937767223581174	0.0022932166605862986	174130	117227	83.4202448102508	52350.43489998091	22
strict_pass	Italian_South	Italian_Tuscan	0.0024435579608237633	0.0005498252629844312	0.0013659004453742782	0.0035212154762732486	173366	108556	127.75315337629095	52281.61370611536	22
strict_pass	Italian_South	Jew_Ashkenazi	0.005640459927977246	0.000417708617853299	0.00482175103698478	0.006459168818969712	174194	110306	296.7182553069464	52605.32990141356	22
strict_pass	Italian_South	Jew_Iraqi	0.009219409046907046	0.0005991252267310103	0.008045123602514265	0.010393694491299826	173783	104487	486.5876839578349	52778.61970134374	22
strict_pass	Italian_South	Jew_Turkish	0.002858642867076199	0.00035984154027408216	0.002153353448138998	0.0035639322860133997	175049	110263	150.50981346417038	52650.79286315707	22
strict_pass	Italian_South	Jew_Yemenite	0.015902649464995904	0.0004314935116244186	0.015056922182212044	0.016748376747779764	175734	100293	847.1934435477883	53273.72935010528	22
strict_pass	Italian_South	Lebanese	0.0054670995015036385	0.00044097717938710256	0.0046027842299049175	0.0063314147731023595	175750	108102	290.37430580140347	53113.04572407008	22
strict_pass	Italian_South	Lebanese_Christian	0.004411253399343047	0.0004963275899249901	0.0034384513230900663	0.005384055475596027	175085	109549	232.30017054852473	52660.808509236944	22
strict_pass	Italian_South	Lebanese_Muslim	0.0038342381740608207	0.00031205852207516526	0.0032226034707934967	0.004445872877328144	176836	112329	202.96492376333381	52934.87638207273	22
strict_pass	Italian_South	Maltese	0.0041119880460543145	0.00039730666756731696	0.0033332669776223733	0.004890709114486256	175104	109353	216.58680440087028	52672.0413520408	22
strict_pass	Italian_South	Palestinian	0.007933723199819172	0.00025220420362946893	0.007439402960705412	0.008428043438932931	182444	108595	423.38657065312754	53365.43259572978	22
strict_pass	Italian_South	Sicilian	0.0016902305835936446	0.0002115651568527021	0.0012755628761623485	0.0021048982910249407	175868	113826	88.69622496240298	52475.81355073079	22
strict_pass	Italian_Tuscan	Jew_Ashkenazi	0.006450053223902291	0.0007132185425619999	0.0050521448804807705	0.00784796156732381	161870	100681	339.12491674992793	52577.072619062346	22
strict_pass	Italian_Tuscan	Jew_Iraqi	0.010435558991561776	0.0004387771163041368	0.009575555843605667	0.011295562139517885	160270	87346	550.7060930734134	52772.0741666753	22
strict_pass	Italian_Tuscan	Jew_Turkish	0.0036287845152865052	0.0007290665101511781	0.002199814155390196	0.0050577548751828145	164182	95115	190.94870164559185	52620.567807541964	22
strict_pass	Italian_Tuscan	Jew_Yemenite	0.018783222068659337	0.0006259750461087474	0.017556310978286194	0.02001013315903248	164829	88377	1002.2372138276232	53358.10917658806	22
strict_pass	Italian_Tuscan	Lebanese	0.006953617104704041	0.0006019251837632767	0.005773843744528019	0.008133390464880064	165680	93698	369.38582910143884	53121.39330357342	22
strict_pass	Italian_Tuscan	Lebanese_Christian	0.005196777862763018	0.0006230336416527697	0.003975631925123589	0.0064179238004024464	165055	93297	273.51347546787036	52631.35787036488	22
strict_pass	Italian_Tuscan	Lebanese_Muslim	0.00498833015553035	0.0005048062135544986	0.003998909976963533	0.005977750334097167	169061	105045	264.00865132113626	52925.256165821556	22
strict_pass	Italian_Tuscan	Maltese	0.0036718901220557155	0.0006345480370784442	0.0024281759693819648	0.004915604274729466	164105	95195	193.06009060385523	52577.85069444565	22
strict_pass	Italian_Tuscan	Palestinian	0.009691449666772817	0.0005194616123913761	0.00867330490648572	0.010709594427059915	180795	102525	517.4148381139836	53388.796919406486	22
strict_pass	Italian_Tuscan	Sicilian	0.0013985613571984672	0.0005150524887893459	0.00038905847917134915	0.0024080642352255852	167214	106355	73.27024297614318	52389.723624936065	22
strict_pass	Jew_Ashkenazi	Jew_Iraqi	0.010808698395569694	0.0006826528214686569	0.009470698865491126	0.012146697925648261	162373	99267	572.3035314684536	52948.422698428825	22
strict_pass	Jew_Ashkenazi	Jew_Turkish	0.004393095186199773	0.00043400160853939525	0.0035424520334625584	0.005243738338936987	165765	100428	232.0274623194213	52816.39766156207	22
strict_pass	Jew_Ashkenazi	Jew_Yemenite	0.017798177012750667	0.0004121933158230126	0.016990278113737562	0.018606075911763772	166165	94485	951.5288429825725	53462.151899090255	22
strict_pass	Jew_Ashkenazi	Lebanese	0.007455562459110745	0.0007140118013183199	0.006056099328526838	0.008855025589694651	167282	99297	397.4125773035938	53304.17114512308	22
strict_pass	Jew_Ashkenazi	Lebanese_Christian	0.006783166123863392	0.0005883730102006838	0.005629955023870052	0.007936377223856733	166642	102922	358.634335064509	52871.229823315414	22
strict_pass	Jew_Ashkenazi	Lebanese_Muslim	0.006103783828964277	0.0005389445178244036	0.005047452574028446	0.007160115083900108	170323	114358	324.357244718345	53140.35585257345	22
strict_pass	Jew_Ashkenazi	Maltese	0.006646429101864536	0.0004999964801577591	0.005666436000755328	0.007626422202973744	165942	99721	351.53680337514896	52891.07850056381	22
strict_pass	Jew_Ashkenazi	Palestinian	0.010381576084034939	0.0004563986525305552	0.00948703472507505	0.011276117442994827	180853	105086	556.2697931758125	53582.402967817085	22
strict_pass	Jew_Ashkenazi	Sicilian	0.005083613921845823	0.000548805634871385	0.004007954877497908	0.006159272966193737	168832	114502	268.10629445776124	52739.31076977101	22
strict_pass	Jew_Iraqi	Jew_Turkish	0.0077959396697933215	0.0005257003188462716	0.006765567044854629	0.008826312294732014	164517	93647	413.0353223165448	52980.825892857996	22
strict_pass	Jew_Iraqi	Jew_Yemenite	0.014966634620153694	0.00044617921793055034	0.014092123353009816	0.015841145887297573	164420	90310	797.5965031494454	53291.6399305574	22
strict_pass	Jew_Iraqi	Lebanese	0.007148113942726165	0.0008037798455265516	0.005572705445494123	0.008723522439958206	165662	94259	380.78693389939707	53270.96587301624	22
strict_pass	Jew_Iraqi	Lebanese_Christian	0.005585891490830263	0.0005222094461844101	0.004562360976308819	0.006609422005351706	165126	93315	294.88423965740816	52790.90009920294	22
strict_pass	Jew_Iraqi	Lebanese_Muslim	0.005671225376891342	0.0006470134748818353	0.004403078966122945	0.006939371787659739	168995	104934	301.14526748274386	53100.564246631184	22
strict_pass	Jew_Iraqi	Maltese	0.009883599873443644	0.0005330885466420808	0.008838746322025165	0.010928453424862122	164555	92928	524.2978918303379	53047.2599603187	22
strict_pass	Jew_Iraqi	Palestinian	0.009017356837427676	0.0005108039372070135	0.00801618112050193	0.010018532554353423	180552	104010	482.35563298159565	53491.90917892013	22
strict_pass	Jew_Iraqi	Sicilian	0.008554913806264622	0.0006844924559587873	0.007213308592585399	0.009896519019943845	167818	102815	452.61689280790665	52907.24173941564	22
strict_pass	Jew_Turkish	Jew_Yemenite	0.01242983548023681	0.0004883058928057056	0.011472755930337628	0.013386915030135994	167815	88497	663.3258811374772	53365.62034084458	22
strict_pass	Jew_Turkish	Lebanese	0.003851796946552487	0.00039656307429720695	0.0030745333209299614	0.004629060572175013	168622	93716	205.3152029022568	53303.74517431978	22
strict_pass	Jew_Turkish	Lebanese_Christian	0.003284855706867514	0.0004941959254652551	0.002316231692955614	0.004253479720779414	168233	100054	173.69647974865433	52877.963371576465	22
strict_pass	Jew_Turkish	Lebanese_Muslim	0.0024205003354741106	0.00040915142229581975	0.001618563547774304	0.003222437123173917	171409	109838	128.61639908253517	53136.28641052954	22
strict_pass	Jew_Turkish	Maltese	0.003375297717429961	0.0004863969457409108	0.002421959703777776	0.004328635731082146	167550	93805	178.58632523232373	52909.7994260204	22
strict_pass	Jew_Turkish	Palestinian	0.006068144665757451	0.000370148762863049	0.005342653090545875	0.006793636240969027	180998	108308	324.90490695276776	53542.709485191845	22
strict_pass	Jew_Turkish	Sicilian	0.001514533263680683	0.00043301277801101735	0.000665828218779089	0.002363238308582277	170152	109725	79.88065919516741	52742.75653810207	22
strict_pass	Jew_Yemenite	Lebanese	0.011461813584972799	0.0004543627329211719	0.010571262628447303	0.012352364541498295	168300	89492	614.8058196761716	53639.48864795908	22
strict_pass	Jew_Yemenite	Lebanese_Christian	0.011222036904348927	0.000388700491516294	0.01046018394097699	0.011983889867720863	168155	95139	597.3248362714194	53227.844584964376	22
strict_pass	Jew_Yemenite	Lebanese_Muslim	0.010553201445605207	0.0005728948526772879	0.009430327534357724	0.01167607535685269	171248	104613	564.580482903792	53498.50335121831	22
strict_pass	Jew_Yemenite	Maltese	0.015456423278754216	0.0005632874820116757	0.014352379814011332	0.0165604667434971	168008	86868	826.6734981284883	53484.13945578216	22
strict_pass	Jew_Yemenite	Palestinian	0.011660802587795437	0.000261568778112856	0.01114812778269424	0.012173477392896634	180847	103659	627.013847156725	53771.071282261255	22
strict_pass	Jew_Yemenite	Sicilian	0.014684360734935604	0.0005689414346943041	0.013569235522934767	0.01579948594693644	170618	101407	783.74655421901	53372.8752899945	22
strict_pass	Lebanese	Lebanese_Christian	0.0025603343431141764	0.00047038571103357303	0.0016383783494883734	0.0034822903367399795	168956	100824	136.1144651032827	53162.769725505634	22
strict_pass	Lebanese	Lebanese_Muslim	0.00212047306374759	0.00039147716549574275	0.0013531778193759342	0.002887768308119246	171817	110269	113.32525543451662	53443.38363545761	22
strict_pass	Lebanese	Maltese	0.00586626158891908	0.0005714138281193172	0.004746290485805219	0.006986232692032942	168595	92938	313.06281280723994	53366.66428217106	22
strict_pass	Lebanese	Palestinian	0.005209159257766339	0.00023819281272056015	0.0047423013448340415	0.005676017170698637	181130	109765	280.35983075940317	53820.552777574325	22
strict_pass	Lebanese	Sicilian	0.004816982050724888	0.0005514568441480176	0.0037361266361947733	0.0058978374652550025	171074	107929	256.464451492531	53241.728698975894	22
strict_pass	Lebanese_Christian	Lebanese_Muslim	0.0016241650946449376	0.0004958853705530705	0.0006522297683609195	0.002596100420928956	171458	110631	86.1165008154636	53022.01180126317	22
strict_pass	Lebanese_Christian	Maltese	0.005712439316390048	0.0005404306076652988	0.004653195325366063	0.006771683307414034	168322	98742	302.54209962150077	52961.98048939467	22
strict_pass	Lebanese_Christian	Palestinian	0.00507258791667299	0.000326748750836623	0.0044321603650332095	0.005713015468312771	181058	109710	270.96238946641523	53416.99225671264	22
strict_pass	Lebanese_Christian	Sicilian	0.0038578475509286943	0.00031445658289729024	0.0032415126484500057	0.004474182453407383	170597	107864	203.6741948349818	52794.775362741224	22
strict_pass	Lebanese_Muslim	Maltese	0.004647353003313434	0.0005002710584095485	0.0036668217288307187	0.005627884277796149	171490	108766	247.2862470355424	53210.127756431284	22
strict_pass	Lebanese_Muslim	Palestinian	0.004260504776593154	0.00027998376018664413	0.003711736606627332	0.004809272946558977	181566	114826	228.69592462588153	53678.12891146542	22
strict_pass	Lebanese_Muslim	Sicilian	0.003207791723043443	0.0005174999264027316	0.002193491867294089	0.004222091578792797	173175	115373	170.22058523249945	53064.724872785686	22
strict_pass	Maltese	Palestinian	0.008472918317057102	0.0003496464673644334	0.007787611241022813	0.009158225393091392	181068	106318	454.38020936721205	53627.35628555332	22
strict_pass	Maltese	Sicilian	0.003034987169216139	0.0004145039509853276	0.0022225594252848974	0.003847414913147381	170080	108837	160.18124668640255	52778.22862354088	22
strict_pass	Palestinian	Sicilian	0.007039343603168602	0.00031759631794037077	0.0064168548200054755	0.007661832386331728	181537	110898	376.4719149841057	53481.11076928328	22
