panel	K	replicate	seed	cv_error	log_likelihood	elapsed_seconds	executable	threads	q_path	p_path	log_path
primary	2	1	21281744	0.480870000000	-22292163.687453	11.701	/home/computer/popgen/projects/ashkenazi_reference_test/tools/admixture_linux-1.4.0/admixture	8	results/admixture/runs/primary/K02/rep01/dataset.2.Q	results/admixture/runs/primary/K02/rep01/dataset.2.P	results/admixture/runs/primary/K02/rep01/admixture.log
primary	2	2	21282753	0.480840000000	-22292163.687479	8.163	/home/computer/popgen/projects/ashkenazi_reference_test/tools/admixture_linux-1.4.0/admixture	8	results/admixture/runs/primary/K02/rep02/dataset.2.Q	results/admixture/runs/primary/K02/rep02/dataset.2.P	results/admixture/runs/primary/K02/rep02/admixture.log
primary	2	3	21283762	0.480920000000	-22290236.534319	10.503	/home/computer/popgen/projects/ashkenazi_reference_test/tools/admixture_linux-1.4.0/admixture	8	results/admixture/runs/primary/K02/rep03/dataset.2.Q	results/admixture/runs/primary/K02/rep03/dataset.2.P	results/admixture/runs/primary/K02/rep03/admixture.log
primary	2	4	21284771	0.480840000000	-22292163.687461	9.385	/home/computer/popgen/projects/ashkenazi_reference_test/tools/admixture_linux-1.4.0/admixture	8	results/admixture/runs/primary/K02/rep04/dataset.2.Q	results/admixture/runs/primary/K02/rep04/dataset.2.P	results/admixture/runs/primary/K02/rep04/admixture.log
primary	2	5	21285780	0.480850000000	-22292163.687452	9.519	/home/computer/popgen/projects/ashkenazi_reference_test/tools/admixture_linux-1.4.0/admixture	8	results/admixture/runs/primary/K02/rep05/dataset.2.Q	results/admixture/runs/primary/K02/rep05/dataset.2.P	results/admixture/runs/primary/K02/rep05/admixture.log
primary	3	1	21291751	0.478390000000	-22151255.482158	9.727	/home/computer/popgen/projects/ashkenazi_reference_test/tools/admixture_linux-1.4.0/admixture	8	results/admixture/runs/primary/K03/rep01/dataset.3.Q	results/admixture/runs/primary/K03/rep01/dataset.3.P	results/admixture/runs/primary/K03/rep01/admixture.log
primary	3	2	21292760	0.478460000000	-22151255.509233	10.478	/home/computer/popgen/projects/ashkenazi_reference_test/tools/admixture_linux-1.4.0/admixture	8	results/admixture/runs/primary/K03/rep02/dataset.3.Q	results/admixture/runs/primary/K03/rep02/dataset.3.P	results/admixture/runs/primary/K03/rep02/admixture.log
primary	3	3	21293769	0.478310000000	-22151255.439297	10.804	/home/computer/popgen/projects/ashkenazi_reference_test/tools/admixture_linux-1.4.0/admixture	8	results/admixture/runs/primary/K03/rep03/dataset.3.Q	results/admixture/runs/primary/K03/rep03/dataset.3.P	results/admixture/runs/primary/K03/rep03/admixture.log
primary	3	4	21294778	0.478320000000	-22151255.431388	10.873	/home/computer/popgen/projects/ashkenazi_reference_test/tools/admixture_linux-1.4.0/admixture	8	results/admixture/runs/primary/K03/rep04/dataset.3.Q	results/admixture/runs/primary/K03/rep04/dataset.3.P	results/admixture/runs/primary/K03/rep04/admixture.log
primary	3	5	21295787	0.478370000000	-22151255.434342	9.508	/home/computer/popgen/projects/ashkenazi_reference_test/tools/admixture_linux-1.4.0/admixture	8	results/admixture/runs/primary/K03/rep05/dataset.3.Q	results/admixture/runs/primary/K03/rep05/dataset.3.P	results/admixture/runs/primary/K03/rep05/admixture.log
primary	4	1	21301758	0.476650000000	-22046421.525914	17.839	/home/computer/popgen/projects/ashkenazi_reference_test/tools/admixture_linux-1.4.0/admixture	8	results/admixture/runs/primary/K04/rep01/dataset.4.Q	results/admixture/runs/primary/K04/rep01/dataset.4.P	results/admixture/runs/primary/K04/rep01/admixture.log
primary	4	2	21302767	0.476830000000	-22049824.374711	18.048	/home/computer/popgen/projects/ashkenazi_reference_test/tools/admixture_linux-1.4.0/admixture	8	results/admixture/runs/primary/K04/rep02/dataset.4.Q	results/admixture/runs/primary/K04/rep02/dataset.4.P	results/admixture/runs/primary/K04/rep02/admixture.log
primary	4	3	21303776	0.476890000000	-22052072.287651	14.959	/home/computer/popgen/projects/ashkenazi_reference_test/tools/admixture_linux-1.4.0/admixture	8	results/admixture/runs/primary/K04/rep03/dataset.4.Q	results/admixture/runs/primary/K04/rep03/dataset.4.P	results/admixture/runs/primary/K04/rep03/admixture.log
primary	4	4	21304785	0.476990000000	-22048461.090569	16.616	/home/computer/popgen/projects/ashkenazi_reference_test/tools/admixture_linux-1.4.0/admixture	8	results/admixture/runs/primary/K04/rep04/dataset.4.Q	results/admixture/runs/primary/K04/rep04/dataset.4.P	results/admixture/runs/primary/K04/rep04/admixture.log
primary	4	5	21305794	0.476940000000	-22045664.177771	15.072	/home/computer/popgen/projects/ashkenazi_reference_test/tools/admixture_linux-1.4.0/admixture	8	results/admixture/runs/primary/K04/rep05/dataset.4.Q	results/admixture/runs/primary/K04/rep05/dataset.4.P	results/admixture/runs/primary/K04/rep05/admixture.log
primary	5	1	21311765	0.475240000000	-21944630.824782	18.814	/home/computer/popgen/projects/ashkenazi_reference_test/tools/admixture_linux-1.4.0/admixture	8	results/admixture/runs/primary/K05/rep01/dataset.5.Q	results/admixture/runs/primary/K05/rep01/dataset.5.P	results/admixture/runs/primary/K05/rep01/admixture.log
primary	5	2	21312774	0.475750000000	-21950973.634446	35.848	/home/computer/popgen/projects/ashkenazi_reference_test/tools/admixture_linux-1.4.0/admixture	8	results/admixture/runs/primary/K05/rep02/dataset.5.Q	results/admixture/runs/primary/K05/rep02/dataset.5.P	results/admixture/runs/primary/K05/rep02/admixture.log
primary	5	3	21313783	0.474880000000	-21950331.230146	31.791	/home/computer/popgen/projects/ashkenazi_reference_test/tools/admixture_linux-1.4.0/admixture	8	results/admixture/runs/primary/K05/rep03/dataset.5.Q	results/admixture/runs/primary/K05/rep03/dataset.5.P	results/admixture/runs/primary/K05/rep03/admixture.log
primary	5	4	21314792	0.475460000000	-21947446.657785	24.599	/home/computer/popgen/projects/ashkenazi_reference_test/tools/admixture_linux-1.4.0/admixture	8	results/admixture/runs/primary/K05/rep04/dataset.5.Q	results/admixture/runs/primary/K05/rep04/dataset.5.P	results/admixture/runs/primary/K05/rep04/admixture.log
primary	5	5	21315801	0.475130000000	-21943282.657527	22.733	/home/computer/popgen/projects/ashkenazi_reference_test/tools/admixture_linux-1.4.0/admixture	8	results/admixture/runs/primary/K05/rep05/dataset.5.Q	results/admixture/runs/primary/K05/rep05/dataset.5.P	results/admixture/runs/primary/K05/rep05/admixture.log
primary	6	1	21321772	0.473850000000	-21849656.581546	30.167	/home/computer/popgen/projects/ashkenazi_reference_test/tools/admixture_linux-1.4.0/admixture	8	results/admixture/runs/primary/K06/rep01/dataset.6.Q	results/admixture/runs/primary/K06/rep01/dataset.6.P	results/admixture/runs/primary/K06/rep01/admixture.log
primary	6	2	21322781	0.473190000000	-21845047.200446	32.825	/home/computer/popgen/projects/ashkenazi_reference_test/tools/admixture_linux-1.4.0/admixture	8	results/admixture/runs/primary/K06/rep02/dataset.6.Q	results/admixture/runs/primary/K06/rep02/dataset.6.P	results/admixture/runs/primary/K06/rep02/admixture.log
primary	6	3	21323790	0.474040000000	-21841063.290042	27.393	/home/computer/popgen/projects/ashkenazi_reference_test/tools/admixture_linux-1.4.0/admixture	8	results/admixture/runs/primary/K06/rep03/dataset.6.Q	results/admixture/runs/primary/K06/rep03/dataset.6.P	results/admixture/runs/primary/K06/rep03/admixture.log
primary	6	4	21324799	0.473580000000	-21848611.102665	22.798	/home/computer/popgen/projects/ashkenazi_reference_test/tools/admixture_linux-1.4.0/admixture	8	results/admixture/runs/primary/K06/rep04/dataset.6.Q	results/admixture/runs/primary/K06/rep04/dataset.6.P	results/admixture/runs/primary/K06/rep04/admixture.log
primary	6	5	21325808	0.475120000000	-21854182.068562	24.869	/home/computer/popgen/projects/ashkenazi_reference_test/tools/admixture_linux-1.4.0/admixture	8	results/admixture/runs/primary/K06/rep05/dataset.6.Q	results/admixture/runs/primary/K06/rep05/dataset.6.P	results/admixture/runs/primary/K06/rep05/admixture.log
primary	7	1	21331779	0.474930000000	-21769148.444042	55.797	/home/computer/popgen/projects/ashkenazi_reference_test/tools/admixture_linux-1.4.0/admixture	8	results/admixture/runs/primary/K07/rep01/dataset.7.Q	results/admixture/runs/primary/K07/rep01/dataset.7.P	results/admixture/runs/primary/K07/rep01/admixture.log
primary	7	2	21332788	0.473360000000	-21745312.939321	29.102	/home/computer/popgen/projects/ashkenazi_reference_test/tools/admixture_linux-1.4.0/admixture	8	results/admixture/runs/primary/K07/rep02/dataset.7.Q	results/admixture/runs/primary/K07/rep02/dataset.7.P	results/admixture/runs/primary/K07/rep02/admixture.log
primary	7	3	21333797	0.472070000000	-21758860.805309	29.858	/home/computer/popgen/projects/ashkenazi_reference_test/tools/admixture_linux-1.4.0/admixture	8	results/admixture/runs/primary/K07/rep03/dataset.7.Q	results/admixture/runs/primary/K07/rep03/dataset.7.P	results/admixture/runs/primary/K07/rep03/admixture.log
primary	7	4	21334806	0.470020000000	-21740488.775151	39.210	/home/computer/popgen/projects/ashkenazi_reference_test/tools/admixture_linux-1.4.0/admixture	8	results/admixture/runs/primary/K07/rep04/dataset.7.Q	results/admixture/runs/primary/K07/rep04/dataset.7.P	results/admixture/runs/primary/K07/rep04/admixture.log
primary	7	5	21335815	0.471540000000	-21744354.612636	23.291	/home/computer/popgen/projects/ashkenazi_reference_test/tools/admixture_linux-1.4.0/admixture	8	results/admixture/runs/primary/K07/rep05/dataset.7.Q	results/admixture/runs/primary/K07/rep05/dataset.7.P	results/admixture/runs/primary/K07/rep05/admixture.log
primary	8	1	21341786	0.473550000000	-21680089.856568	45.831	/home/computer/popgen/projects/ashkenazi_reference_test/tools/admixture_linux-1.4.0/admixture	8	results/admixture/runs/primary/K08/rep01/dataset.8.Q	results/admixture/runs/primary/K08/rep01/dataset.8.P	results/admixture/runs/primary/K08/rep01/admixture.log
primary	8	2	21342795	0.469610000000	-21665489.067561	39.867	/home/computer/popgen/projects/ashkenazi_reference_test/tools/admixture_linux-1.4.0/admixture	8	results/admixture/runs/primary/K08/rep02/dataset.8.Q	results/admixture/runs/primary/K08/rep02/dataset.8.P	results/admixture/runs/primary/K08/rep02/admixture.log
primary	8	3	21343804	0.473890000000	-21668731.478340	42.747	/home/computer/popgen/projects/ashkenazi_reference_test/tools/admixture_linux-1.4.0/admixture	8	results/admixture/runs/primary/K08/rep03/dataset.8.Q	results/admixture/runs/primary/K08/rep03/dataset.8.P	results/admixture/runs/primary/K08/rep03/admixture.log
primary	8	4	21344813	0.469660000000	-21652390.495594	33.349	/home/computer/popgen/projects/ashkenazi_reference_test/tools/admixture_linux-1.4.0/admixture	8	results/admixture/runs/primary/K08/rep04/dataset.8.Q	results/admixture/runs/primary/K08/rep04/dataset.8.P	results/admixture/runs/primary/K08/rep04/admixture.log
primary	8	5	21345822	0.471730000000	-21666167.236911	38.111	/home/computer/popgen/projects/ashkenazi_reference_test/tools/admixture_linux-1.4.0/admixture	8	results/admixture/runs/primary/K08/rep05/dataset.8.Q	results/admixture/runs/primary/K08/rep05/dataset.8.P	results/admixture/runs/primary/K08/rep05/admixture.log
primary	9	1	21351793	0.471560000000	-21588238.504532	45.933	/home/computer/popgen/projects/ashkenazi_reference_test/tools/admixture_linux-1.4.0/admixture	8	results/admixture/runs/primary/K09/rep01/dataset.9.Q	results/admixture/runs/primary/K09/rep01/dataset.9.P	results/admixture/runs/primary/K09/rep01/admixture.log
primary	9	2	21352802	0.467700000000	-21560427.943147	32.850	/home/computer/popgen/projects/ashkenazi_reference_test/tools/admixture_linux-1.4.0/admixture	8	results/admixture/runs/primary/K09/rep02/dataset.9.Q	results/admixture/runs/primary/K09/rep02/dataset.9.P	results/admixture/runs/primary/K09/rep02/admixture.log
primary	9	3	21353811	0.471960000000	-21575533.815941	54.504	/home/computer/popgen/projects/ashkenazi_reference_test/tools/admixture_linux-1.4.0/admixture	8	results/admixture/runs/primary/K09/rep03/dataset.9.Q	results/admixture/runs/primary/K09/rep03/dataset.9.P	results/admixture/runs/primary/K09/rep03/admixture.log
primary	9	4	21354820	0.463360000000	-21554041.763429	33.194	/home/computer/popgen/projects/ashkenazi_reference_test/tools/admixture_linux-1.4.0/admixture	8	results/admixture/runs/primary/K09/rep04/dataset.9.Q	results/admixture/runs/primary/K09/rep04/dataset.9.P	results/admixture/runs/primary/K09/rep04/admixture.log
primary	9	5	21355829	0.468150000000	-21554663.546737	33.734	/home/computer/popgen/projects/ashkenazi_reference_test/tools/admixture_linux-1.4.0/admixture	8	results/admixture/runs/primary/K09/rep05/dataset.9.Q	results/admixture/runs/primary/K09/rep05/dataset.9.P	results/admixture/runs/primary/K09/rep05/admixture.log
primary	10	1	21361800	0.469640000000	-21486175.302442	44.368	/home/computer/popgen/projects/ashkenazi_reference_test/tools/admixture_linux-1.4.0/admixture	8	results/admixture/runs/primary/K10/rep01/dataset.10.Q	results/admixture/runs/primary/K10/rep01/dataset.10.P	results/admixture/runs/primary/K10/rep01/admixture.log
primary	10	2	21362809	0.465920000000	-21476570.132187	53.567	/home/computer/popgen/projects/ashkenazi_reference_test/tools/admixture_linux-1.4.0/admixture	8	results/admixture/runs/primary/K10/rep02/dataset.10.Q	results/admixture/runs/primary/K10/rep02/dataset.10.P	results/admixture/runs/primary/K10/rep02/admixture.log
primary	10	3	21363818	0.471200000000	-21487514.024214	57.285	/home/computer/popgen/projects/ashkenazi_reference_test/tools/admixture_linux-1.4.0/admixture	8	results/admixture/runs/primary/K10/rep03/dataset.10.Q	results/admixture/runs/primary/K10/rep03/dataset.10.P	results/admixture/runs/primary/K10/rep03/admixture.log
primary	10	4	21364827	0.467020000000	-21466501.005757	38.749	/home/computer/popgen/projects/ashkenazi_reference_test/tools/admixture_linux-1.4.0/admixture	8	results/admixture/runs/primary/K10/rep04/dataset.10.Q	results/admixture/runs/primary/K10/rep04/dataset.10.P	results/admixture/runs/primary/K10/rep04/admixture.log
primary	10	5	21365836	0.466680000000	-21479010.437934	51.018	/home/computer/popgen/projects/ashkenazi_reference_test/tools/admixture_linux-1.4.0/admixture	8	results/admixture/runs/primary/K10/rep05/dataset.10.Q	results/admixture/runs/primary/K10/rep05/dataset.10.P	results/admixture/runs/primary/K10/rep05/admixture.log
primary	11	1	21371807	0.463790000000	-21380150.718092	58.468	/home/computer/popgen/projects/ashkenazi_reference_test/tools/admixture_linux-1.4.0/admixture	8	results/admixture/runs/primary/K11/rep01/dataset.11.Q	results/admixture/runs/primary/K11/rep01/dataset.11.P	results/admixture/runs/primary/K11/rep01/admixture.log
primary	11	2	21372816	0.468550000000	-21397373.406978	118.073	/home/computer/popgen/projects/ashkenazi_reference_test/tools/admixture_linux-1.4.0/admixture	8	results/admixture/runs/primary/K11/rep02/dataset.11.Q	results/admixture/runs/primary/K11/rep02/dataset.11.P	results/admixture/runs/primary/K11/rep02/admixture.log
primary	11	3	21373825	0.464520000000	-21386546.326487	57.051	/home/computer/popgen/projects/ashkenazi_reference_test/tools/admixture_linux-1.4.0/admixture	8	results/admixture/runs/primary/K11/rep03/dataset.11.Q	results/admixture/runs/primary/K11/rep03/dataset.11.P	results/admixture/runs/primary/K11/rep03/admixture.log
primary	11	4	21374834	0.465090000000	-21390151.634401	73.912	/home/computer/popgen/projects/ashkenazi_reference_test/tools/admixture_linux-1.4.0/admixture	8	results/admixture/runs/primary/K11/rep04/dataset.11.Q	results/admixture/runs/primary/K11/rep04/dataset.11.P	results/admixture/runs/primary/K11/rep04/admixture.log
primary	11	5	21375843	0.461590000000	-21370794.365602	93.538	/home/computer/popgen/projects/ashkenazi_reference_test/tools/admixture_linux-1.4.0/admixture	8	results/admixture/runs/primary/K11/rep05/dataset.11.Q	results/admixture/runs/primary/K11/rep05/dataset.11.P	results/admixture/runs/primary/K11/rep05/admixture.log
primary	12	1	21381814	0.460920000000	-21280956.676719	135.775	/home/computer/popgen/projects/ashkenazi_reference_test/tools/admixture_linux-1.4.0/admixture	8	results/admixture/runs/primary/K12/rep01/dataset.12.Q	results/admixture/runs/primary/K12/rep01/dataset.12.P	results/admixture/runs/primary/K12/rep01/admixture.log
primary	12	2	21382823	0.461930000000	-21285466.468490	78.419	/home/computer/popgen/projects/ashkenazi_reference_test/tools/admixture_linux-1.4.0/admixture	8	results/admixture/runs/primary/K12/rep02/dataset.12.Q	results/admixture/runs/primary/K12/rep02/dataset.12.P	results/admixture/runs/primary/K12/rep02/admixture.log
primary	12	3	21383832	0.463780000000	-21307823.094184	123.149	/home/computer/popgen/projects/ashkenazi_reference_test/tools/admixture_linux-1.4.0/admixture	8	results/admixture/runs/primary/K12/rep03/dataset.12.Q	results/admixture/runs/primary/K12/rep03/dataset.12.P	results/admixture/runs/primary/K12/rep03/admixture.log
primary	12	4	21384841	0.460970000000	-21281977.847719	80.907	/home/computer/popgen/projects/ashkenazi_reference_test/tools/admixture_linux-1.4.0/admixture	8	results/admixture/runs/primary/K12/rep04/dataset.12.Q	results/admixture/runs/primary/K12/rep04/dataset.12.P	results/admixture/runs/primary/K12/rep04/admixture.log
primary	12	5	21385850	0.465570000000	-21310914.051624	73.339	/home/computer/popgen/projects/ashkenazi_reference_test/tools/admixture_linux-1.4.0/admixture	8	results/admixture/runs/primary/K12/rep05/dataset.12.Q	results/admixture/runs/primary/K12/rep05/dataset.12.P	results/admixture/runs/primary/K12/rep05/admixture.log
strict_pass	2	1	22281774	0.483360000000	-14906207.103113	5.122	/home/computer/popgen/projects/ashkenazi_reference_test/tools/admixture_linux-1.4.0/admixture	8	results/admixture/runs/strict_pass/K02/rep01/dataset.2.Q	results/admixture/runs/strict_pass/K02/rep01/dataset.2.P	results/admixture/runs/strict_pass/K02/rep01/admixture.log
strict_pass	2	2	22282783	0.483330000000	-14906207.103084	4.982	/home/computer/popgen/projects/ashkenazi_reference_test/tools/admixture_linux-1.4.0/admixture	8	results/admixture/runs/strict_pass/K02/rep02/dataset.2.Q	results/admixture/runs/strict_pass/K02/rep02/dataset.2.P	results/admixture/runs/strict_pass/K02/rep02/admixture.log
strict_pass	2	3	22283792	0.483350000000	-14906207.103087	4.982	/home/computer/popgen/projects/ashkenazi_reference_test/tools/admixture_linux-1.4.0/admixture	8	results/admixture/runs/strict_pass/K02/rep03/dataset.2.Q	results/admixture/runs/strict_pass/K02/rep03/dataset.2.P	results/admixture/runs/strict_pass/K02/rep03/admixture.log
strict_pass	2	4	22284801	0.483350000000	-14906207.103083	4.976	/home/computer/popgen/projects/ashkenazi_reference_test/tools/admixture_linux-1.4.0/admixture	8	results/admixture/runs/strict_pass/K02/rep04/dataset.2.Q	results/admixture/runs/strict_pass/K02/rep04/dataset.2.P	results/admixture/runs/strict_pass/K02/rep04/admixture.log
strict_pass	2	5	22285810	0.483370000000	-14906207.103085	5.405	/home/computer/popgen/projects/ashkenazi_reference_test/tools/admixture_linux-1.4.0/admixture	8	results/admixture/runs/strict_pass/K02/rep05/dataset.2.Q	results/admixture/runs/strict_pass/K02/rep05/dataset.2.P	results/admixture/runs/strict_pass/K02/rep05/admixture.log
strict_pass	3	1	22291781	0.486320000000	-14838750.111557	7.443	/home/computer/popgen/projects/ashkenazi_reference_test/tools/admixture_linux-1.4.0/admixture	8	results/admixture/runs/strict_pass/K03/rep01/dataset.3.Q	results/admixture/runs/strict_pass/K03/rep01/dataset.3.P	results/admixture/runs/strict_pass/K03/rep01/admixture.log
strict_pass	3	2	22292790	0.486340000000	-14838750.132416	6.799	/home/computer/popgen/projects/ashkenazi_reference_test/tools/admixture_linux-1.4.0/admixture	8	results/admixture/runs/strict_pass/K03/rep02/dataset.3.Q	results/admixture/runs/strict_pass/K03/rep02/dataset.3.P	results/admixture/runs/strict_pass/K03/rep02/admixture.log
strict_pass	3	3	22293799	0.486370000000	-14838750.106814	7.397	/home/computer/popgen/projects/ashkenazi_reference_test/tools/admixture_linux-1.4.0/admixture	8	results/admixture/runs/strict_pass/K03/rep03/dataset.3.Q	results/admixture/runs/strict_pass/K03/rep03/dataset.3.P	results/admixture/runs/strict_pass/K03/rep03/admixture.log
strict_pass	3	4	22294808	0.486290000000	-14838750.116266	6.964	/home/computer/popgen/projects/ashkenazi_reference_test/tools/admixture_linux-1.4.0/admixture	8	results/admixture/runs/strict_pass/K03/rep04/dataset.3.Q	results/admixture/runs/strict_pass/K03/rep04/dataset.3.P	results/admixture/runs/strict_pass/K03/rep04/admixture.log
strict_pass	3	5	22295817	0.486310000000	-14838750.116358	7.608	/home/computer/popgen/projects/ashkenazi_reference_test/tools/admixture_linux-1.4.0/admixture	8	results/admixture/runs/strict_pass/K03/rep05/dataset.3.Q	results/admixture/runs/strict_pass/K03/rep05/dataset.3.P	results/admixture/runs/strict_pass/K03/rep05/admixture.log
strict_pass	4	1	22301788	0.491990000000	-14787947.797074	11.661	/home/computer/popgen/projects/ashkenazi_reference_test/tools/admixture_linux-1.4.0/admixture	8	results/admixture/runs/strict_pass/K04/rep01/dataset.4.Q	results/admixture/runs/strict_pass/K04/rep01/dataset.4.P	results/admixture/runs/strict_pass/K04/rep01/admixture.log
strict_pass	4	2	22302797	0.494140000000	-14785713.560423	10.831	/home/computer/popgen/projects/ashkenazi_reference_test/tools/admixture_linux-1.4.0/admixture	8	results/admixture/runs/strict_pass/K04/rep02/dataset.4.Q	results/admixture/runs/strict_pass/K04/rep02/dataset.4.P	results/admixture/runs/strict_pass/K04/rep02/admixture.log
strict_pass	4	3	22303806	0.492310000000	-14788751.945668	14.555	/home/computer/popgen/projects/ashkenazi_reference_test/tools/admixture_linux-1.4.0/admixture	8	results/admixture/runs/strict_pass/K04/rep03/dataset.4.Q	results/admixture/runs/strict_pass/K04/rep03/dataset.4.P	results/admixture/runs/strict_pass/K04/rep03/admixture.log
strict_pass	4	4	22304815	0.492010000000	-14787947.790540	9.586	/home/computer/popgen/projects/ashkenazi_reference_test/tools/admixture_linux-1.4.0/admixture	8	results/admixture/runs/strict_pass/K04/rep04/dataset.4.Q	results/admixture/runs/strict_pass/K04/rep04/dataset.4.P	results/admixture/runs/strict_pass/K04/rep04/admixture.log
strict_pass	4	5	22305824	0.494750000000	-14789766.602530	12.492	/home/computer/popgen/projects/ashkenazi_reference_test/tools/admixture_linux-1.4.0/admixture	8	results/admixture/runs/strict_pass/K04/rep05/dataset.4.Q	results/admixture/runs/strict_pass/K04/rep05/dataset.4.P	results/admixture/runs/strict_pass/K04/rep05/admixture.log
strict_pass	5	1	22311795	0.499170000000	-14734957.227281	14.317	/home/computer/popgen/projects/ashkenazi_reference_test/tools/admixture_linux-1.4.0/admixture	8	results/admixture/runs/strict_pass/K05/rep01/dataset.5.Q	results/admixture/runs/strict_pass/K05/rep01/dataset.5.P	results/admixture/runs/strict_pass/K05/rep01/admixture.log
strict_pass	5	2	22312804	0.499850000000	-14734915.303276	14.242	/home/computer/popgen/projects/ashkenazi_reference_test/tools/admixture_linux-1.4.0/admixture	8	results/admixture/runs/strict_pass/K05/rep02/dataset.5.Q	results/admixture/runs/strict_pass/K05/rep02/dataset.5.P	results/admixture/runs/strict_pass/K05/rep02/admixture.log
strict_pass	5	3	22313813	0.499500000000	-14734915.339106	16.899	/home/computer/popgen/projects/ashkenazi_reference_test/tools/admixture_linux-1.4.0/admixture	8	results/admixture/runs/strict_pass/K05/rep03/dataset.5.Q	results/admixture/runs/strict_pass/K05/rep03/dataset.5.P	results/admixture/runs/strict_pass/K05/rep03/admixture.log
strict_pass	5	4	22314822	0.499800000000	-14738967.308043	20.161	/home/computer/popgen/projects/ashkenazi_reference_test/tools/admixture_linux-1.4.0/admixture	8	results/admixture/runs/strict_pass/K05/rep04/dataset.5.Q	results/admixture/runs/strict_pass/K05/rep04/dataset.5.P	results/admixture/runs/strict_pass/K05/rep04/admixture.log
strict_pass	5	5	22315831	0.504150000000	-14742348.717525	23.696	/home/computer/popgen/projects/ashkenazi_reference_test/tools/admixture_linux-1.4.0/admixture	8	results/admixture/runs/strict_pass/K05/rep05/dataset.5.Q	results/admixture/runs/strict_pass/K05/rep05/dataset.5.P	results/admixture/runs/strict_pass/K05/rep05/admixture.log
strict_pass	6	1	22321802	0.507980000000	-14688430.762356	19.366	/home/computer/popgen/projects/ashkenazi_reference_test/tools/admixture_linux-1.4.0/admixture	8	results/admixture/runs/strict_pass/K06/rep01/dataset.6.Q	results/admixture/runs/strict_pass/K06/rep01/dataset.6.P	results/admixture/runs/strict_pass/K06/rep01/admixture.log
strict_pass	6	2	22322811	0.511800000000	-14695551.149313	21.635	/home/computer/popgen/projects/ashkenazi_reference_test/tools/admixture_linux-1.4.0/admixture	8	results/admixture/runs/strict_pass/K06/rep02/dataset.6.Q	results/admixture/runs/strict_pass/K06/rep02/dataset.6.P	results/admixture/runs/strict_pass/K06/rep02/admixture.log
strict_pass	6	3	22323820	0.512200000000	-14694233.457866	21.791	/home/computer/popgen/projects/ashkenazi_reference_test/tools/admixture_linux-1.4.0/admixture	8	results/admixture/runs/strict_pass/K06/rep03/dataset.6.Q	results/admixture/runs/strict_pass/K06/rep03/dataset.6.P	results/admixture/runs/strict_pass/K06/rep03/admixture.log
strict_pass	6	4	22324829	0.508580000000	-14690774.374451	20.185	/home/computer/popgen/projects/ashkenazi_reference_test/tools/admixture_linux-1.4.0/admixture	8	results/admixture/runs/strict_pass/K06/rep04/dataset.6.Q	results/admixture/runs/strict_pass/K06/rep04/dataset.6.P	results/admixture/runs/strict_pass/K06/rep04/admixture.log
strict_pass	6	5	22325838	0.512170000000	-14693712.465056	31.332	/home/computer/popgen/projects/ashkenazi_reference_test/tools/admixture_linux-1.4.0/admixture	8	results/admixture/runs/strict_pass/K06/rep05/dataset.6.Q	results/admixture/runs/strict_pass/K06/rep05/dataset.6.P	results/admixture/runs/strict_pass/K06/rep05/admixture.log
strict_pass	7	1	22331809	0.522590000000	-14640281.811313	21.486	/home/computer/popgen/projects/ashkenazi_reference_test/tools/admixture_linux-1.4.0/admixture	8	results/admixture/runs/strict_pass/K07/rep01/dataset.7.Q	results/admixture/runs/strict_pass/K07/rep01/dataset.7.P	results/admixture/runs/strict_pass/K07/rep01/admixture.log
strict_pass	7	2	22332818	0.515300000000	-14646699.207773	43.322	/home/computer/popgen/projects/ashkenazi_reference_test/tools/admixture_linux-1.4.0/admixture	8	results/admixture/runs/strict_pass/K07/rep02/dataset.7.Q	results/admixture/runs/strict_pass/K07/rep02/dataset.7.P	results/admixture/runs/strict_pass/K07/rep02/admixture.log
strict_pass	7	3	22333827	0.521140000000	-14645320.301259	46.579	/home/computer/popgen/projects/ashkenazi_reference_test/tools/admixture_linux-1.4.0/admixture	8	results/admixture/runs/strict_pass/K07/rep03/dataset.7.Q	results/admixture/runs/strict_pass/K07/rep03/dataset.7.P	results/admixture/runs/strict_pass/K07/rep03/admixture.log
strict_pass	7	4	22334836	0.519160000000	-14648091.837456	25.383	/home/computer/popgen/projects/ashkenazi_reference_test/tools/admixture_linux-1.4.0/admixture	8	results/admixture/runs/strict_pass/K07/rep04/dataset.7.Q	results/admixture/runs/strict_pass/K07/rep04/dataset.7.P	results/admixture/runs/strict_pass/K07/rep04/admixture.log
strict_pass	7	5	22335845	0.518190000000	-14651187.279590	43.362	/home/computer/popgen/projects/ashkenazi_reference_test/tools/admixture_linux-1.4.0/admixture	8	results/admixture/runs/strict_pass/K07/rep05/dataset.7.Q	results/admixture/runs/strict_pass/K07/rep05/dataset.7.P	results/admixture/runs/strict_pass/K07/rep05/admixture.log
strict_pass	8	1	22341816	0.524990000000	-14604286.765922	44.874	/home/computer/popgen/projects/ashkenazi_reference_test/tools/admixture_linux-1.4.0/admixture	8	results/admixture/runs/strict_pass/K08/rep01/dataset.8.Q	results/admixture/runs/strict_pass/K08/rep01/dataset.8.P	results/admixture/runs/strict_pass/K08/rep01/admixture.log
strict_pass	8	2	22342825	0.524370000000	-14603797.275638	41.028	/home/computer/popgen/projects/ashkenazi_reference_test/tools/admixture_linux-1.4.0/admixture	8	results/admixture/runs/strict_pass/K08/rep02/dataset.8.Q	results/admixture/runs/strict_pass/K08/rep02/dataset.8.P	results/admixture/runs/strict_pass/K08/rep02/admixture.log
strict_pass	8	3	22343834	0.531030000000	-14598396.972536	36.566	/home/computer/popgen/projects/ashkenazi_reference_test/tools/admixture_linux-1.4.0/admixture	8	results/admixture/runs/strict_pass/K08/rep03/dataset.8.Q	results/admixture/runs/strict_pass/K08/rep03/dataset.8.P	results/admixture/runs/strict_pass/K08/rep03/admixture.log
strict_pass	8	4	22344843	0.523280000000	-14600418.588548	65.585	/home/computer/popgen/projects/ashkenazi_reference_test/tools/admixture_linux-1.4.0/admixture	8	results/admixture/runs/strict_pass/K08/rep04/dataset.8.Q	results/admixture/runs/strict_pass/K08/rep04/dataset.8.P	results/admixture/runs/strict_pass/K08/rep04/admixture.log
strict_pass	8	5	22345852	0.530420000000	-14595494.140851	53.453	/home/computer/popgen/projects/ashkenazi_reference_test/tools/admixture_linux-1.4.0/admixture	8	results/admixture/runs/strict_pass/K08/rep05/dataset.8.Q	results/admixture/runs/strict_pass/K08/rep05/dataset.8.P	results/admixture/runs/strict_pass/K08/rep05/admixture.log
strict_pass	9	1	22351823	0.538220000000	-14555907.696427	105.127	/home/computer/popgen/projects/ashkenazi_reference_test/tools/admixture_linux-1.4.0/admixture	8	results/admixture/runs/strict_pass/K09/rep01/dataset.9.Q	results/admixture/runs/strict_pass/K09/rep01/dataset.9.P	results/admixture/runs/strict_pass/K09/rep01/admixture.log
strict_pass	9	2	22352832	0.536230000000	-14558547.653197	70.110	/home/computer/popgen/projects/ashkenazi_reference_test/tools/admixture_linux-1.4.0/admixture	8	results/admixture/runs/strict_pass/K09/rep02/dataset.9.Q	results/admixture/runs/strict_pass/K09/rep02/dataset.9.P	results/admixture/runs/strict_pass/K09/rep02/admixture.log
strict_pass	9	3	22353841	0.537400000000	-14557915.340308	61.979	/home/computer/popgen/projects/ashkenazi_reference_test/tools/admixture_linux-1.4.0/admixture	8	results/admixture/runs/strict_pass/K09/rep03/dataset.9.Q	results/admixture/runs/strict_pass/K09/rep03/dataset.9.P	results/admixture/runs/strict_pass/K09/rep03/admixture.log
strict_pass	9	4	22354850	0.533950000000	-14562069.794618	81.225	/home/computer/popgen/projects/ashkenazi_reference_test/tools/admixture_linux-1.4.0/admixture	8	results/admixture/runs/strict_pass/K09/rep04/dataset.9.Q	results/admixture/runs/strict_pass/K09/rep04/dataset.9.P	results/admixture/runs/strict_pass/K09/rep04/admixture.log
strict_pass	9	5	22355859	0.538060000000	-14560492.254314	77.057	/home/computer/popgen/projects/ashkenazi_reference_test/tools/admixture_linux-1.4.0/admixture	8	results/admixture/runs/strict_pass/K09/rep05/dataset.9.Q	results/admixture/runs/strict_pass/K09/rep05/dataset.9.P	results/admixture/runs/strict_pass/K09/rep05/admixture.log
strict_pass	10	1	22361830	0.539850000000	-14519779.360803	109.802	/home/computer/popgen/projects/ashkenazi_reference_test/tools/admixture_linux-1.4.0/admixture	8	results/admixture/runs/strict_pass/K10/rep01/dataset.10.Q	results/admixture/runs/strict_pass/K10/rep01/dataset.10.P	results/admixture/runs/strict_pass/K10/rep01/admixture.log
strict_pass	10	2	22362839	0.546090000000	-14511518.961025	89.928	/home/computer/popgen/projects/ashkenazi_reference_test/tools/admixture_linux-1.4.0/admixture	8	results/admixture/runs/strict_pass/K10/rep02/dataset.10.Q	results/admixture/runs/strict_pass/K10/rep02/dataset.10.P	results/admixture/runs/strict_pass/K10/rep02/admixture.log
strict_pass	10	3	22363848	0.542180000000	-14518530.045558	86.960	/home/computer/popgen/projects/ashkenazi_reference_test/tools/admixture_linux-1.4.0/admixture	8	results/admixture/runs/strict_pass/K10/rep03/dataset.10.Q	results/admixture/runs/strict_pass/K10/rep03/dataset.10.P	results/admixture/runs/strict_pass/K10/rep03/admixture.log
strict_pass	10	4	22364857	0.544830000000	-14513959.607269	58.424	/home/computer/popgen/projects/ashkenazi_reference_test/tools/admixture_linux-1.4.0/admixture	8	results/admixture/runs/strict_pass/K10/rep04/dataset.10.Q	results/admixture/runs/strict_pass/K10/rep04/dataset.10.P	results/admixture/runs/strict_pass/K10/rep04/admixture.log
strict_pass	10	5	22365866	0.543620000000	-14513916.113876	74.106	/home/computer/popgen/projects/ashkenazi_reference_test/tools/admixture_linux-1.4.0/admixture	8	results/admixture/runs/strict_pass/K10/rep05/dataset.10.Q	results/admixture/runs/strict_pass/K10/rep05/dataset.10.P	results/admixture/runs/strict_pass/K10/rep05/admixture.log
strict_pass	11	1	22371837	0.553020000000	-14474416.463843	111.772	/home/computer/popgen/projects/ashkenazi_reference_test/tools/admixture_linux-1.4.0/admixture	8	results/admixture/runs/strict_pass/K11/rep01/dataset.11.Q	results/admixture/runs/strict_pass/K11/rep01/dataset.11.P	results/admixture/runs/strict_pass/K11/rep01/admixture.log
strict_pass	11	2	22372846	0.553410000000	-14485373.775863	93.350	/home/computer/popgen/projects/ashkenazi_reference_test/tools/admixture_linux-1.4.0/admixture	8	results/admixture/runs/strict_pass/K11/rep02/dataset.11.Q	results/admixture/runs/strict_pass/K11/rep02/dataset.11.P	results/admixture/runs/strict_pass/K11/rep02/admixture.log
strict_pass	11	3	22373855	0.551720000000	-14477426.793495	113.294	/home/computer/popgen/projects/ashkenazi_reference_test/tools/admixture_linux-1.4.0/admixture	8	results/admixture/runs/strict_pass/K11/rep03/dataset.11.Q	results/admixture/runs/strict_pass/K11/rep03/dataset.11.P	results/admixture/runs/strict_pass/K11/rep03/admixture.log
strict_pass	11	4	22374864	0.549980000000	-14477263.883379	98.001	/home/computer/popgen/projects/ashkenazi_reference_test/tools/admixture_linux-1.4.0/admixture	8	results/admixture/runs/strict_pass/K11/rep04/dataset.11.Q	results/admixture/runs/strict_pass/K11/rep04/dataset.11.P	results/admixture/runs/strict_pass/K11/rep04/admixture.log
strict_pass	11	5	22375873	0.552890000000	-14471896.257731	105.645	/home/computer/popgen/projects/ashkenazi_reference_test/tools/admixture_linux-1.4.0/admixture	8	results/admixture/runs/strict_pass/K11/rep05/dataset.11.Q	results/admixture/runs/strict_pass/K11/rep05/dataset.11.P	results/admixture/runs/strict_pass/K11/rep05/admixture.log
strict_pass	12	1	22381844	0.559880000000	-14436199.145699	89.307	/home/computer/popgen/projects/ashkenazi_reference_test/tools/admixture_linux-1.4.0/admixture	8	results/admixture/runs/strict_pass/K12/rep01/dataset.12.Q	results/admixture/runs/strict_pass/K12/rep01/dataset.12.P	results/admixture/runs/strict_pass/K12/rep01/admixture.log
strict_pass	12	2	22382853	0.567990000000	-14436912.274337	87.340	/home/computer/popgen/projects/ashkenazi_reference_test/tools/admixture_linux-1.4.0/admixture	8	results/admixture/runs/strict_pass/K12/rep02/dataset.12.Q	results/admixture/runs/strict_pass/K12/rep02/dataset.12.P	results/admixture/runs/strict_pass/K12/rep02/admixture.log
strict_pass	12	3	22383862	0.557520000000	-14435418.104112	147.294	/home/computer/popgen/projects/ashkenazi_reference_test/tools/admixture_linux-1.4.0/admixture	8	results/admixture/runs/strict_pass/K12/rep03/dataset.12.Q	results/admixture/runs/strict_pass/K12/rep03/dataset.12.P	results/admixture/runs/strict_pass/K12/rep03/admixture.log
strict_pass	12	4	22384871	0.559260000000	-14445705.468675	152.987	/home/computer/popgen/projects/ashkenazi_reference_test/tools/admixture_linux-1.4.0/admixture	8	results/admixture/runs/strict_pass/K12/rep04/dataset.12.Q	results/admixture/runs/strict_pass/K12/rep04/dataset.12.P	results/admixture/runs/strict_pass/K12/rep04/admixture.log
strict_pass	12	5	22385880	0.560560000000	-14435956.233946	134.438	/home/computer/popgen/projects/ashkenazi_reference_test/tools/admixture_linux-1.4.0/admixture	8	results/admixture/runs/strict_pass/K12/rep05/dataset.12.Q	results/admixture/runs/strict_pass/K12/rep05/dataset.12.P	results/admixture/runs/strict_pass/K12/rep05/admixture.log
