panel	K	Ashkenazi_population	comparator	component_euclidean_distance	rank	source
primary	2	Jew_Ashkenazi	Maltese	0.01665761749017482	1	aligned_replicate_consensus
primary	2	Jew_Ashkenazi	Italian_South	0.029516391038872047	2	aligned_replicate_consensus
primary	2	Jew_Ashkenazi	Sicilian	0.03056593034945694	3	aligned_replicate_consensus
primary	2	Jew_Ashkenazi	Jew_Turkish	0.061948867485344956	4	aligned_replicate_consensus
primary	2	Jew_Ashkenazi	Greek	0.07736200947184495	5	aligned_replicate_consensus
primary	2	Jew_Ashkenazi	Italian_Central	0.08577358798979608	6	aligned_replicate_consensus
primary	2	Jew_Ashkenazi	Cypriot	0.09538207818137297	7	aligned_replicate_consensus
primary	2	Jew_Ashkenazi	Lebanese_Christian	0.1539528328109366	8	aligned_replicate_consensus
primary	2	Jew_Ashkenazi	Italian_North	0.15717761780193595	9	aligned_replicate_consensus
primary	2	Jew_Ashkenazi	Jew_Iraqi	0.16845035637452083	10	aligned_replicate_consensus
primary	2	Jew_Ashkenazi	Lebanese_Muslim	0.17494840734976483	11	aligned_replicate_consensus
primary	2	Jew_Ashkenazi	Lebanese	0.19979350084671763	12	aligned_replicate_consensus
primary	2	Jew_Ashkenazi	Palestinian	0.3567556009346317	13	aligned_replicate_consensus
primary	2	Jew_Ashkenazi	Jew_Yemenite	0.3589363601630566	14	aligned_replicate_consensus
primary	2	Jew_Ashkenazi	Italian_Tuscan	0.3773270605135045	15	aligned_replicate_consensus
primary	2	Jew_Ashkenazi	Italian_Bergamo	0.38861217062265235	16	aligned_replicate_consensus
primary	2	Jew_Ashkenazi	Druze	0.6778753631645447	17	aligned_replicate_consensus
strict_pass	2	Jew_Ashkenazi	Maltese	0.024513654641361085	1	aligned_replicate_consensus
strict_pass	2	Jew_Ashkenazi	Sicilian	0.07140442884656134	2	aligned_replicate_consensus
strict_pass	2	Jew_Ashkenazi	Italian_South	0.1251152442830239	3	aligned_replicate_consensus
strict_pass	2	Jew_Ashkenazi	Jew_Turkish	0.14034382651803576	4	aligned_replicate_consensus
strict_pass	2	Jew_Ashkenazi	Cypriot	0.19920512032455007	5	aligned_replicate_consensus
strict_pass	2	Jew_Ashkenazi	Italian_Central	0.25243673702563046	6	aligned_replicate_consensus
strict_pass	2	Jew_Ashkenazi	Greek	0.2825172794860827	7	aligned_replicate_consensus
strict_pass	2	Jew_Ashkenazi	Italian_Tuscan	0.355488735119031	8	aligned_replicate_consensus
strict_pass	2	Jew_Ashkenazi	Italian_North	0.38613579499206047	9	aligned_replicate_consensus
strict_pass	2	Jew_Ashkenazi	Lebanese_Christian	0.3874598745923003	10	aligned_replicate_consensus
strict_pass	2	Jew_Ashkenazi	Italian_Bergamo	0.3875143554862032	11	aligned_replicate_consensus
strict_pass	2	Jew_Ashkenazi	Lebanese_Muslim	0.42725231298906885	12	aligned_replicate_consensus
strict_pass	2	Jew_Ashkenazi	Jew_Iraqi	0.452752276289435	13	aligned_replicate_consensus
strict_pass	2	Jew_Ashkenazi	Lebanese	0.4909082060365558	14	aligned_replicate_consensus
strict_pass	2	Jew_Ashkenazi	Druze	0.7918438500962977	15	aligned_replicate_consensus
strict_pass	2	Jew_Ashkenazi	Palestinian	0.8210140064763618	16	aligned_replicate_consensus
strict_pass	2	Jew_Ashkenazi	Jew_Yemenite	0.9741299189250031	17	aligned_replicate_consensus
primary	3	Jew_Ashkenazi	Maltese	0.01653165651587511	1	aligned_replicate_consensus
primary	3	Jew_Ashkenazi	Sicilian	0.043641402105097225	2	aligned_replicate_consensus
primary	3	Jew_Ashkenazi	Italian_South	0.05535185593169785	3	aligned_replicate_consensus
primary	3	Jew_Ashkenazi	Jew_Turkish	0.06476904075775503	4	aligned_replicate_consensus
primary	3	Jew_Ashkenazi	Cypriot	0.09816877610677453	5	aligned_replicate_consensus
primary	3	Jew_Ashkenazi	Greek	0.10671760678904654	6	aligned_replicate_consensus
primary	3	Jew_Ashkenazi	Italian_Central	0.11274919492180366	7	aligned_replicate_consensus
primary	3	Jew_Ashkenazi	Lebanese_Christian	0.17016173101836043	8	aligned_replicate_consensus
primary	3	Jew_Ashkenazi	Jew_Iraqi	0.19083466133877267	9	aligned_replicate_consensus
primary	3	Jew_Ashkenazi	Lebanese_Muslim	0.19287745159144987	10	aligned_replicate_consensus
primary	3	Jew_Ashkenazi	Italian_North	0.19361915078203132	11	aligned_replicate_consensus
primary	3	Jew_Ashkenazi	Lebanese	0.2237588753002654	12	aligned_replicate_consensus
primary	3	Jew_Ashkenazi	Italian_Tuscan	0.4189253650454598	13	aligned_replicate_consensus
primary	3	Jew_Ashkenazi	Italian_Bergamo	0.42859162769885045	14	aligned_replicate_consensus
primary	3	Jew_Ashkenazi	Jew_Yemenite	0.4375939528464571	15	aligned_replicate_consensus
primary	3	Jew_Ashkenazi	Palestinian	0.6411190865345625	16	aligned_replicate_consensus
primary	3	Jew_Ashkenazi	Druze	0.7447677498019969	17	aligned_replicate_consensus
strict_pass	3	Jew_Ashkenazi	Maltese	0.03155716013994894	1	aligned_replicate_consensus
strict_pass	3	Jew_Ashkenazi	Sicilian	0.0744507850243156	2	aligned_replicate_consensus
strict_pass	3	Jew_Ashkenazi	Jew_Turkish	0.12647941820095446	3	aligned_replicate_consensus
strict_pass	3	Jew_Ashkenazi	Italian_South	0.14007511445776777	4	aligned_replicate_consensus
strict_pass	3	Jew_Ashkenazi	Cypriot	0.17958344892328845	5	aligned_replicate_consensus
strict_pass	3	Jew_Ashkenazi	Italian_Central	0.25152330128818423	6	aligned_replicate_consensus
strict_pass	3	Jew_Ashkenazi	Greek	0.2747830977914395	7	aligned_replicate_consensus
strict_pass	3	Jew_Ashkenazi	Italian_Tuscan	0.3292005581767158	8	aligned_replicate_consensus
strict_pass	3	Jew_Ashkenazi	Lebanese_Christian	0.35551848953168325	9	aligned_replicate_consensus
strict_pass	3	Jew_Ashkenazi	Italian_North	0.36448835936527824	10	aligned_replicate_consensus
strict_pass	3	Jew_Ashkenazi	Italian_Bergamo	0.3716794258615685	11	aligned_replicate_consensus
strict_pass	3	Jew_Ashkenazi	Lebanese_Muslim	0.38950599634027644	12	aligned_replicate_consensus
strict_pass	3	Jew_Ashkenazi	Jew_Iraqi	0.41617958076572137	13	aligned_replicate_consensus
strict_pass	3	Jew_Ashkenazi	Lebanese	0.4522900916624158	14	aligned_replicate_consensus
strict_pass	3	Jew_Ashkenazi	Palestinian	0.8713937593958696	15	aligned_replicate_consensus
strict_pass	3	Jew_Ashkenazi	Druze	0.896795246116874	16	aligned_replicate_consensus
strict_pass	3	Jew_Ashkenazi	Jew_Yemenite	0.920955972931805	17	aligned_replicate_consensus
primary	4	Jew_Ashkenazi	Maltese	0.013704585477437118	1	aligned_replicate_consensus
primary	4	Jew_Ashkenazi	Sicilian	0.04281495913721733	2	aligned_replicate_consensus
primary	4	Jew_Ashkenazi	Italian_South	0.05617814997146668	3	aligned_replicate_consensus
primary	4	Jew_Ashkenazi	Jew_Turkish	0.0635289409747479	4	aligned_replicate_consensus
primary	4	Jew_Ashkenazi	Cypriot	0.09489288717218117	5	aligned_replicate_consensus
primary	4	Jew_Ashkenazi	Greek	0.10796306481367561	6	aligned_replicate_consensus
primary	4	Jew_Ashkenazi	Italian_Central	0.1128102732455303	7	aligned_replicate_consensus
primary	4	Jew_Ashkenazi	Lebanese_Christian	0.1658818349098468	8	aligned_replicate_consensus
primary	4	Jew_Ashkenazi	Jew_Iraqi	0.18085886821412064	9	aligned_replicate_consensus
primary	4	Jew_Ashkenazi	Lebanese_Muslim	0.18997201253047907	10	aligned_replicate_consensus
primary	4	Jew_Ashkenazi	Italian_North	0.19007333315415897	11	aligned_replicate_consensus
primary	4	Jew_Ashkenazi	Lebanese	0.21840083237447797	12	aligned_replicate_consensus
primary	4	Jew_Ashkenazi	Italian_Bergamo	0.3309145658798187	13	aligned_replicate_consensus
primary	4	Jew_Ashkenazi	Italian_Tuscan	0.4232393102119942	14	aligned_replicate_consensus
primary	4	Jew_Ashkenazi	Jew_Yemenite	0.43717463501190984	15	aligned_replicate_consensus
primary	4	Jew_Ashkenazi	Palestinian	0.633382178498409	16	aligned_replicate_consensus
primary	4	Jew_Ashkenazi	Druze	0.7300781055750053	17	aligned_replicate_consensus
strict_pass	4	Jew_Ashkenazi	Maltese	0.028522098095763868	1	aligned_replicate_consensus
strict_pass	4	Jew_Ashkenazi	Italian_South	0.06642460402315724	2	aligned_replicate_consensus
strict_pass	4	Jew_Ashkenazi	Sicilian	0.07406439210702857	3	aligned_replicate_consensus
strict_pass	4	Jew_Ashkenazi	Jew_Turkish	0.11566745237956208	4	aligned_replicate_consensus
strict_pass	4	Jew_Ashkenazi	Cypriot	0.17081366590399588	5	aligned_replicate_consensus
strict_pass	4	Jew_Ashkenazi	Italian_Central	0.23093912467086986	6	aligned_replicate_consensus
strict_pass	4	Jew_Ashkenazi	Greek	0.25477111351304477	7	aligned_replicate_consensus
strict_pass	4	Jew_Ashkenazi	Italian_Tuscan	0.32116157637424175	8	aligned_replicate_consensus
strict_pass	4	Jew_Ashkenazi	Lebanese_Christian	0.3340573545877745	9	aligned_replicate_consensus
strict_pass	4	Jew_Ashkenazi	Italian_North	0.35052299647877383	10	aligned_replicate_consensus
strict_pass	4	Jew_Ashkenazi	Italian_Bergamo	0.3641633348081395	11	aligned_replicate_consensus
strict_pass	4	Jew_Ashkenazi	Lebanese_Muslim	0.36756571352471795	12	aligned_replicate_consensus
strict_pass	4	Jew_Ashkenazi	Jew_Iraqi	0.38599686240104764	13	aligned_replicate_consensus
strict_pass	4	Jew_Ashkenazi	Lebanese	0.42871728713931356	14	aligned_replicate_consensus
strict_pass	4	Jew_Ashkenazi	Jew_Yemenite	0.8466339605508729	15	aligned_replicate_consensus
strict_pass	4	Jew_Ashkenazi	Palestinian	0.8623866591456184	16	aligned_replicate_consensus
strict_pass	4	Jew_Ashkenazi	Druze	0.8737108054133268	17	aligned_replicate_consensus
primary	5	Jew_Ashkenazi	Maltese	0.016404071098343496	1	aligned_replicate_consensus
primary	5	Jew_Ashkenazi	Sicilian	0.04600047114898433	2	aligned_replicate_consensus
primary	5	Jew_Ashkenazi	Italian_South	0.05831597111406049	3	aligned_replicate_consensus
primary	5	Jew_Ashkenazi	Jew_Turkish	0.0616092816905087	4	aligned_replicate_consensus
primary	5	Jew_Ashkenazi	Cypriot	0.09086939319973998	5	aligned_replicate_consensus
primary	5	Jew_Ashkenazi	Greek	0.11419501745094646	6	aligned_replicate_consensus
primary	5	Jew_Ashkenazi	Italian_Central	0.12027117242966937	7	aligned_replicate_consensus
primary	5	Jew_Ashkenazi	Lebanese_Christian	0.1684095819704197	8	aligned_replicate_consensus
primary	5	Jew_Ashkenazi	Jew_Iraqi	0.19136197939643113	9	aligned_replicate_consensus
primary	5	Jew_Ashkenazi	Lebanese_Muslim	0.19187185650218735	10	aligned_replicate_consensus
primary	5	Jew_Ashkenazi	Italian_North	0.1994365874869999	11	aligned_replicate_consensus
primary	5	Jew_Ashkenazi	Lebanese	0.2203202533209756	12	aligned_replicate_consensus
primary	5	Jew_Ashkenazi	Italian_Bergamo	0.3927482036477204	13	aligned_replicate_consensus
primary	5	Jew_Ashkenazi	Italian_Tuscan	0.4368668707219683	14	aligned_replicate_consensus
primary	5	Jew_Ashkenazi	Jew_Yemenite	0.4648658729013892	15	aligned_replicate_consensus
primary	5	Jew_Ashkenazi	Palestinian	0.6230759337829819	16	aligned_replicate_consensus
primary	5	Jew_Ashkenazi	Druze	0.6509388808466707	17	aligned_replicate_consensus
strict_pass	5	Jew_Ashkenazi	Maltese	0.03121511620769464	1	aligned_replicate_consensus
strict_pass	5	Jew_Ashkenazi	Sicilian	0.08192973507537833	2	aligned_replicate_consensus
strict_pass	5	Jew_Ashkenazi	Jew_Turkish	0.11434191846104952	3	aligned_replicate_consensus
strict_pass	5	Jew_Ashkenazi	Cypriot	0.16885180342369976	4	aligned_replicate_consensus
strict_pass	5	Jew_Ashkenazi	Italian_South	0.17464763553954943	5	aligned_replicate_consensus
strict_pass	5	Jew_Ashkenazi	Italian_Central	0.25423727641324134	6	aligned_replicate_consensus
strict_pass	5	Jew_Ashkenazi	Greek	0.28072206262207433	7	aligned_replicate_consensus
strict_pass	5	Jew_Ashkenazi	Lebanese_Christian	0.34065350045550646	8	aligned_replicate_consensus
strict_pass	5	Jew_Ashkenazi	Italian_Tuscan	0.36237728750909937	9	aligned_replicate_consensus
strict_pass	5	Jew_Ashkenazi	Lebanese_Muslim	0.37487197544866807	10	aligned_replicate_consensus
strict_pass	5	Jew_Ashkenazi	Italian_North	0.3845041044548566	11	aligned_replicate_consensus
strict_pass	5	Jew_Ashkenazi	Jew_Iraqi	0.3987131234272232	12	aligned_replicate_consensus
strict_pass	5	Jew_Ashkenazi	Italian_Bergamo	0.40172760617502906	13	aligned_replicate_consensus
strict_pass	5	Jew_Ashkenazi	Lebanese	0.44135680308956327	14	aligned_replicate_consensus
strict_pass	5	Jew_Ashkenazi	Palestinian	0.8368173740186787	15	aligned_replicate_consensus
strict_pass	5	Jew_Ashkenazi	Druze	0.8741815634993669	16	aligned_replicate_consensus
strict_pass	5	Jew_Ashkenazi	Jew_Yemenite	1.0230555529547494	17	aligned_replicate_consensus
primary	6	Jew_Ashkenazi	Maltese	0.015993167115746908	1	aligned_replicate_consensus
primary	6	Jew_Ashkenazi	Sicilian	0.05737935516556299	2	aligned_replicate_consensus
primary	6	Jew_Ashkenazi	Jew_Turkish	0.06834092214954983	3	aligned_replicate_consensus
primary	6	Jew_Ashkenazi	Italian_South	0.07001745857566948	4	aligned_replicate_consensus
primary	6	Jew_Ashkenazi	Cypriot	0.10230567696183135	5	aligned_replicate_consensus
primary	6	Jew_Ashkenazi	Greek	0.1382331348136569	6	aligned_replicate_consensus
primary	6	Jew_Ashkenazi	Italian_Central	0.14489847343018192	7	aligned_replicate_consensus
primary	6	Jew_Ashkenazi	Lebanese_Christian	0.18581710881575075	8	aligned_replicate_consensus
primary	6	Jew_Ashkenazi	Lebanese_Muslim	0.2166751029379404	9	aligned_replicate_consensus
primary	6	Jew_Ashkenazi	Italian_North	0.23150187435600017	10	aligned_replicate_consensus
primary	6	Jew_Ashkenazi	Jew_Iraqi	0.2369269068594045	11	aligned_replicate_consensus
primary	6	Jew_Ashkenazi	Lebanese	0.24236100083301246	12	aligned_replicate_consensus
primary	6	Jew_Ashkenazi	Italian_Bergamo	0.4277403228977243	13	aligned_replicate_consensus
primary	6	Jew_Ashkenazi	Italian_Tuscan	0.5246733734527984	14	aligned_replicate_consensus
primary	6	Jew_Ashkenazi	Jew_Yemenite	0.6102947158467447	15	aligned_replicate_consensus
primary	6	Jew_Ashkenazi	Palestinian	0.6279134054134243	16	aligned_replicate_consensus
primary	6	Jew_Ashkenazi	Druze	0.7095137030472003	17	aligned_replicate_consensus
strict_pass	6	Jew_Ashkenazi	Maltese	0.049378817843406884	1	aligned_replicate_consensus
strict_pass	6	Jew_Ashkenazi	Jew_Turkish	0.10709279080552489	2	aligned_replicate_consensus
strict_pass	6	Jew_Ashkenazi	Sicilian	0.1257262144483252	3	aligned_replicate_consensus
strict_pass	6	Jew_Ashkenazi	Italian_South	0.1503947129765484	4	aligned_replicate_consensus
strict_pass	6	Jew_Ashkenazi	Cypriot	0.17009612790257425	5	aligned_replicate_consensus
strict_pass	6	Jew_Ashkenazi	Italian_Central	0.2858819303751244	6	aligned_replicate_consensus
strict_pass	6	Jew_Ashkenazi	Greek	0.31397152303383086	7	aligned_replicate_consensus
strict_pass	6	Jew_Ashkenazi	Italian_Tuscan	0.3905810782445538	8	aligned_replicate_consensus
strict_pass	6	Jew_Ashkenazi	Lebanese_Muslim	0.40576481634020123	9	aligned_replicate_consensus
strict_pass	6	Jew_Ashkenazi	Italian_North	0.4407192517147066	10	aligned_replicate_consensus
strict_pass	6	Jew_Ashkenazi	Italian_Bergamo	0.46235488811853	11	aligned_replicate_consensus
strict_pass	6	Jew_Ashkenazi	Lebanese_Christian	0.46689068208352	12	aligned_replicate_consensus
strict_pass	6	Jew_Ashkenazi	Lebanese	0.4823186666409535	13	aligned_replicate_consensus
strict_pass	6	Jew_Ashkenazi	Jew_Iraqi	0.5944807716245817	14	aligned_replicate_consensus
strict_pass	6	Jew_Ashkenazi	Druze	0.766159237350036	15	aligned_replicate_consensus
strict_pass	6	Jew_Ashkenazi	Palestinian	0.794959853481604	16	aligned_replicate_consensus
strict_pass	6	Jew_Ashkenazi	Jew_Yemenite	1.0886183359404085	17	aligned_replicate_consensus
primary	7	Jew_Ashkenazi	Maltese	0.014798097381077284	1	aligned_replicate_consensus
primary	7	Jew_Ashkenazi	Sicilian	0.05495480288636577	2	aligned_replicate_consensus
primary	7	Jew_Ashkenazi	Jew_Turkish	0.06697727014230866	3	aligned_replicate_consensus
primary	7	Jew_Ashkenazi	Italian_South	0.0706945327462948	4	aligned_replicate_consensus
primary	7	Jew_Ashkenazi	Cypriot	0.09875447436487489	5	aligned_replicate_consensus
primary	7	Jew_Ashkenazi	Greek	0.1377493202940946	6	aligned_replicate_consensus
primary	7	Jew_Ashkenazi	Italian_Central	0.14263004936901955	7	aligned_replicate_consensus
primary	7	Jew_Ashkenazi	Lebanese_Christian	0.18339197877637164	8	aligned_replicate_consensus
primary	7	Jew_Ashkenazi	Lebanese_Muslim	0.21307881636755877	9	aligned_replicate_consensus
primary	7	Jew_Ashkenazi	Italian_North	0.2275615904767517	10	aligned_replicate_consensus
primary	7	Jew_Ashkenazi	Lebanese	0.23555308033176814	11	aligned_replicate_consensus
primary	7	Jew_Ashkenazi	Jew_Iraqi	0.24056028438796753	12	aligned_replicate_consensus
primary	7	Jew_Ashkenazi	Italian_Bergamo	0.4081639388564552	13	aligned_replicate_consensus
primary	7	Jew_Ashkenazi	Italian_Tuscan	0.5064985061065009	14	aligned_replicate_consensus
primary	7	Jew_Ashkenazi	Jew_Yemenite	0.604971314775918	15	aligned_replicate_consensus
primary	7	Jew_Ashkenazi	Palestinian	0.6171678717632435	16	aligned_replicate_consensus
primary	7	Jew_Ashkenazi	Druze	0.6554882732454	17	aligned_replicate_consensus
strict_pass	7	Jew_Ashkenazi	Maltese	0.06708155280975729	1	aligned_replicate_consensus
strict_pass	7	Jew_Ashkenazi	Jew_Turkish	0.1084992902382239	2	aligned_replicate_consensus
strict_pass	7	Jew_Ashkenazi	Sicilian	0.13860499204091528	3	aligned_replicate_consensus
strict_pass	7	Jew_Ashkenazi	Italian_South	0.14841861067876716	4	aligned_replicate_consensus
strict_pass	7	Jew_Ashkenazi	Cypriot	0.1664346570770136	5	aligned_replicate_consensus
strict_pass	7	Jew_Ashkenazi	Italian_Central	0.2849744752351635	6	aligned_replicate_consensus
strict_pass	7	Jew_Ashkenazi	Greek	0.31514420480927574	7	aligned_replicate_consensus
strict_pass	7	Jew_Ashkenazi	Italian_Tuscan	0.39864818934674473	8	aligned_replicate_consensus
strict_pass	7	Jew_Ashkenazi	Lebanese_Muslim	0.40309410108270893	9	aligned_replicate_consensus
strict_pass	7	Jew_Ashkenazi	Lebanese_Christian	0.4580605689953257	10	aligned_replicate_consensus
strict_pass	7	Jew_Ashkenazi	Italian_North	0.458510832223663	11	aligned_replicate_consensus
strict_pass	7	Jew_Ashkenazi	Lebanese	0.4669212237595472	12	aligned_replicate_consensus
strict_pass	7	Jew_Ashkenazi	Italian_Bergamo	0.48760066378713185	13	aligned_replicate_consensus
strict_pass	7	Jew_Ashkenazi	Jew_Iraqi	0.5994361964939623	14	aligned_replicate_consensus
strict_pass	7	Jew_Ashkenazi	Druze	0.718339377970532	15	aligned_replicate_consensus
strict_pass	7	Jew_Ashkenazi	Palestinian	0.7624316406729444	16	aligned_replicate_consensus
strict_pass	7	Jew_Ashkenazi	Jew_Yemenite	1.0886658274430627	17	aligned_replicate_consensus
primary	8	Jew_Ashkenazi	Maltese	0.015287866816790889	1	aligned_replicate_consensus
primary	8	Jew_Ashkenazi	Sicilian	0.053865776649123766	2	aligned_replicate_consensus
primary	8	Jew_Ashkenazi	Italian_South	0.06715264905475887	3	aligned_replicate_consensus
primary	8	Jew_Ashkenazi	Jew_Turkish	0.06869916910328855	4	aligned_replicate_consensus
primary	8	Jew_Ashkenazi	Cypriot	0.09983838538122651	5	aligned_replicate_consensus
primary	8	Jew_Ashkenazi	Greek	0.13431849329752146	6	aligned_replicate_consensus
primary	8	Jew_Ashkenazi	Italian_Central	0.1400269476809574	7	aligned_replicate_consensus
primary	8	Jew_Ashkenazi	Lebanese_Christian	0.18509267611666536	8	aligned_replicate_consensus
primary	8	Jew_Ashkenazi	Lebanese_Muslim	0.214820066085835	9	aligned_replicate_consensus
primary	8	Jew_Ashkenazi	Italian_North	0.22640435740418374	10	aligned_replicate_consensus
primary	8	Jew_Ashkenazi	Lebanese	0.23752191711460105	11	aligned_replicate_consensus
primary	8	Jew_Ashkenazi	Jew_Iraqi	0.23972230736130132	12	aligned_replicate_consensus
primary	8	Jew_Ashkenazi	Italian_Bergamo	0.35911700579541966	13	aligned_replicate_consensus
primary	8	Jew_Ashkenazi	Italian_Tuscan	0.485624712698262	14	aligned_replicate_consensus
primary	8	Jew_Ashkenazi	Palestinian	0.5988187907564569	15	aligned_replicate_consensus
primary	8	Jew_Ashkenazi	Jew_Yemenite	0.5994881641489795	16	aligned_replicate_consensus
primary	8	Jew_Ashkenazi	Druze	0.6525406120219566	17	aligned_replicate_consensus
strict_pass	8	Jew_Ashkenazi	Jew_Turkish	0.1009484934492638	1	aligned_replicate_consensus
strict_pass	8	Jew_Ashkenazi	Maltese	0.1157486159219876	2	aligned_replicate_consensus
strict_pass	8	Jew_Ashkenazi	Cypriot	0.17544870094983334	3	aligned_replicate_consensus
strict_pass	8	Jew_Ashkenazi	Sicilian	0.19143484132761177	4	aligned_replicate_consensus
strict_pass	8	Jew_Ashkenazi	Italian_South	0.19514717700703768	5	aligned_replicate_consensus
strict_pass	8	Jew_Ashkenazi	Greek	0.3385055718656694	6	aligned_replicate_consensus
strict_pass	8	Jew_Ashkenazi	Italian_Central	0.3529734772325411	7	aligned_replicate_consensus
strict_pass	8	Jew_Ashkenazi	Italian_Tuscan	0.43160090509223303	8	aligned_replicate_consensus
strict_pass	8	Jew_Ashkenazi	Lebanese_Muslim	0.4546652423578342	9	aligned_replicate_consensus
strict_pass	8	Jew_Ashkenazi	Lebanese	0.46913516989901877	10	aligned_replicate_consensus
strict_pass	8	Jew_Ashkenazi	Italian_North	0.48744835612564785	11	aligned_replicate_consensus
strict_pass	8	Jew_Ashkenazi	Italian_Bergamo	0.5754794314126881	12	aligned_replicate_consensus
strict_pass	8	Jew_Ashkenazi	Lebanese_Christian	0.5765628367162362	13	aligned_replicate_consensus
strict_pass	8	Jew_Ashkenazi	Druze	0.6988263771706064	14	aligned_replicate_consensus
strict_pass	8	Jew_Ashkenazi	Palestinian	0.7239366114428056	15	aligned_replicate_consensus
strict_pass	8	Jew_Ashkenazi	Jew_Iraqi	0.7809639828749306	16	aligned_replicate_consensus
strict_pass	8	Jew_Ashkenazi	Jew_Yemenite	1.1460252668202504	17	aligned_replicate_consensus
primary	9	Jew_Ashkenazi	Maltese	0.018285931722274752	1	aligned_replicate_consensus
primary	9	Jew_Ashkenazi	Sicilian	0.048805553780163304	2	aligned_replicate_consensus
primary	9	Jew_Ashkenazi	Italian_South	0.0633588147943367	3	aligned_replicate_consensus
primary	9	Jew_Ashkenazi	Jew_Turkish	0.06461303063797157	4	aligned_replicate_consensus
primary	9	Jew_Ashkenazi	Cypriot	0.09602909647874383	5	aligned_replicate_consensus
primary	9	Jew_Ashkenazi	Greek	0.12437982962436848	6	aligned_replicate_consensus
primary	9	Jew_Ashkenazi	Italian_Central	0.1300758030307391	7	aligned_replicate_consensus
primary	9	Jew_Ashkenazi	Lebanese_Christian	0.17448691006822079	8	aligned_replicate_consensus
primary	9	Jew_Ashkenazi	Lebanese_Muslim	0.2049274382094511	9	aligned_replicate_consensus
primary	9	Jew_Ashkenazi	Italian_North	0.21010221199967455	10	aligned_replicate_consensus
primary	9	Jew_Ashkenazi	Lebanese	0.22539652288111967	11	aligned_replicate_consensus
primary	9	Jew_Ashkenazi	Jew_Iraqi	0.24133909341810408	12	aligned_replicate_consensus
primary	9	Jew_Ashkenazi	Italian_Bergamo	0.27832087244747594	13	aligned_replicate_consensus
primary	9	Jew_Ashkenazi	Italian_Tuscan	0.4698706727311357	14	aligned_replicate_consensus
primary	9	Jew_Ashkenazi	Jew_Yemenite	0.5185569707964917	15	aligned_replicate_consensus
primary	9	Jew_Ashkenazi	Palestinian	0.6002005865559363	16	aligned_replicate_consensus
primary	9	Jew_Ashkenazi	Druze	0.6329127285984651	17	aligned_replicate_consensus
strict_pass	9	Jew_Ashkenazi	Jew_Turkish	0.1337605304993256	1	aligned_replicate_consensus
strict_pass	9	Jew_Ashkenazi	Maltese	0.1514142525833694	2	aligned_replicate_consensus
strict_pass	9	Jew_Ashkenazi	Sicilian	0.18812476000540454	3	aligned_replicate_consensus
strict_pass	9	Jew_Ashkenazi	Cypriot	0.20346535408958014	4	aligned_replicate_consensus
strict_pass	9	Jew_Ashkenazi	Italian_South	0.25076809032668923	5	aligned_replicate_consensus
strict_pass	9	Jew_Ashkenazi	Italian_Central	0.35424927447959864	6	aligned_replicate_consensus
strict_pass	9	Jew_Ashkenazi	Greek	0.41607940097265994	7	aligned_replicate_consensus
strict_pass	9	Jew_Ashkenazi	Lebanese_Muslim	0.4305071973621677	8	aligned_replicate_consensus
strict_pass	9	Jew_Ashkenazi	Lebanese	0.4472082911941677	9	aligned_replicate_consensus
strict_pass	9	Jew_Ashkenazi	Lebanese_Christian	0.4789533234387607	10	aligned_replicate_consensus
strict_pass	9	Jew_Ashkenazi	Italian_Tuscan	0.558435385519505	11	aligned_replicate_consensus
strict_pass	9	Jew_Ashkenazi	Jew_Iraqi	0.6000749109832716	12	aligned_replicate_consensus
strict_pass	9	Jew_Ashkenazi	Palestinian	0.6100521256222867	13	aligned_replicate_consensus
strict_pass	9	Jew_Ashkenazi	Italian_Bergamo	0.6310178226855544	14	aligned_replicate_consensus
strict_pass	9	Jew_Ashkenazi	Italian_North	0.6433746597918762	15	aligned_replicate_consensus
strict_pass	9	Jew_Ashkenazi	Druze	0.6655764028298059	16	aligned_replicate_consensus
strict_pass	9	Jew_Ashkenazi	Jew_Yemenite	1.1149316373838498	17	aligned_replicate_consensus
primary	10	Jew_Ashkenazi	Maltese	0.02314027840252851	1	aligned_replicate_consensus
primary	10	Jew_Ashkenazi	Sicilian	0.047882941604859335	2	aligned_replicate_consensus
primary	10	Jew_Ashkenazi	Italian_South	0.059649379014834844	3	aligned_replicate_consensus
primary	10	Jew_Ashkenazi	Jew_Turkish	0.06816675809972388	4	aligned_replicate_consensus
primary	10	Jew_Ashkenazi	Cypriot	0.09903439045629044	5	aligned_replicate_consensus
primary	10	Jew_Ashkenazi	Greek	0.12118903823807246	6	aligned_replicate_consensus
primary	10	Jew_Ashkenazi	Italian_Central	0.12731139684755305	7	aligned_replicate_consensus
primary	10	Jew_Ashkenazi	Lebanese_Christian	0.17628635150493874	8	aligned_replicate_consensus
primary	10	Jew_Ashkenazi	Lebanese_Muslim	0.2065408934686917	9	aligned_replicate_consensus
primary	10	Jew_Ashkenazi	Italian_North	0.20742909477856059	10	aligned_replicate_consensus
primary	10	Jew_Ashkenazi	Jew_Iraqi	0.22504586832494525	11	aligned_replicate_consensus
primary	10	Jew_Ashkenazi	Lebanese	0.22619058239636927	12	aligned_replicate_consensus
primary	10	Jew_Ashkenazi	Italian_Bergamo	0.32952941767092575	13	aligned_replicate_consensus
primary	10	Jew_Ashkenazi	Italian_Tuscan	0.4899328321970219	14	aligned_replicate_consensus
primary	10	Jew_Ashkenazi	Jew_Yemenite	0.5260794653300179	15	aligned_replicate_consensus
primary	10	Jew_Ashkenazi	Palestinian	0.5961712388256648	16	aligned_replicate_consensus
primary	10	Jew_Ashkenazi	Druze	0.6261365410597448	17	aligned_replicate_consensus
strict_pass	10	Jew_Ashkenazi	Maltese	0.2579539261014657	1	aligned_replicate_consensus
strict_pass	10	Jew_Ashkenazi	Jew_Turkish	0.26850639984848007	2	aligned_replicate_consensus
strict_pass	10	Jew_Ashkenazi	Cypriot	0.39530767168175085	3	aligned_replicate_consensus
strict_pass	10	Jew_Ashkenazi	Sicilian	0.44582240032502823	4	aligned_replicate_consensus
strict_pass	10	Jew_Ashkenazi	Italian_South	0.44652305316743307	5	aligned_replicate_consensus
strict_pass	10	Jew_Ashkenazi	Lebanese	0.4953417101103135	6	aligned_replicate_consensus
strict_pass	10	Jew_Ashkenazi	Lebanese_Muslim	0.49913272836879424	7	aligned_replicate_consensus
strict_pass	10	Jew_Ashkenazi	Italian_Central	0.5662648782774122	8	aligned_replicate_consensus
strict_pass	10	Jew_Ashkenazi	Lebanese_Christian	0.5669918861784066	9	aligned_replicate_consensus
strict_pass	10	Jew_Ashkenazi	Greek	0.5785476542994139	10	aligned_replicate_consensus
strict_pass	10	Jew_Ashkenazi	Italian_Tuscan	0.6291158480012725	11	aligned_replicate_consensus
strict_pass	10	Jew_Ashkenazi	Italian_North	0.654511852190087	12	aligned_replicate_consensus
strict_pass	10	Jew_Ashkenazi	Palestinian	0.6766505009144956	13	aligned_replicate_consensus
strict_pass	10	Jew_Ashkenazi	Italian_Bergamo	0.7096071369689643	14	aligned_replicate_consensus
strict_pass	10	Jew_Ashkenazi	Druze	0.7171514810120126	15	aligned_replicate_consensus
strict_pass	10	Jew_Ashkenazi	Jew_Iraqi	0.8637552829136914	16	aligned_replicate_consensus
strict_pass	10	Jew_Ashkenazi	Jew_Yemenite	1.1469479847061717	17	aligned_replicate_consensus
primary	11	Jew_Ashkenazi	Maltese	0.01848754856337514	1	aligned_replicate_consensus
primary	11	Jew_Ashkenazi	Sicilian	0.05364361483155481	2	aligned_replicate_consensus
primary	11	Jew_Ashkenazi	Jew_Turkish	0.06422047721953576	3	aligned_replicate_consensus
primary	11	Jew_Ashkenazi	Italian_South	0.06695574314441907	4	aligned_replicate_consensus
primary	11	Jew_Ashkenazi	Cypriot	0.09643631177708582	5	aligned_replicate_consensus
primary	11	Jew_Ashkenazi	Greek	0.13257553989523435	6	aligned_replicate_consensus
primary	11	Jew_Ashkenazi	Italian_Central	0.13900383907542946	7	aligned_replicate_consensus
primary	11	Jew_Ashkenazi	Lebanese_Christian	0.17908371352278804	8	aligned_replicate_consensus
primary	11	Jew_Ashkenazi	Lebanese_Muslim	0.21047075807076362	9	aligned_replicate_consensus
primary	11	Jew_Ashkenazi	Italian_North	0.22155423562511964	10	aligned_replicate_consensus
primary	11	Jew_Ashkenazi	Lebanese	0.22776803762865172	11	aligned_replicate_consensus
primary	11	Jew_Ashkenazi	Jew_Iraqi	0.3048010225903176	12	aligned_replicate_consensus
primary	11	Jew_Ashkenazi	Italian_Bergamo	0.3446855121460314	13	aligned_replicate_consensus
primary	11	Jew_Ashkenazi	Italian_Tuscan	0.5299181207209194	14	aligned_replicate_consensus
primary	11	Jew_Ashkenazi	Druze	0.6069262401623144	15	aligned_replicate_consensus
primary	11	Jew_Ashkenazi	Palestinian	0.6102635726468553	16	aligned_replicate_consensus
primary	11	Jew_Ashkenazi	Jew_Yemenite	0.6314560925793233	17	aligned_replicate_consensus
strict_pass	11	Jew_Ashkenazi	Jew_Turkish	0.45219080438430787	1	aligned_replicate_consensus
strict_pass	11	Jew_Ashkenazi	Sicilian	0.5832407867908439	2	aligned_replicate_consensus
strict_pass	11	Jew_Ashkenazi	Lebanese_Christian	0.5991722536945356	3	aligned_replicate_consensus
strict_pass	11	Jew_Ashkenazi	Lebanese_Muslim	0.6152106722463996	4	aligned_replicate_consensus
strict_pass	11	Jew_Ashkenazi	Lebanese	0.6159093210424657	5	aligned_replicate_consensus
strict_pass	11	Jew_Ashkenazi	Italian_South	0.6178882786093065	6	aligned_replicate_consensus
strict_pass	11	Jew_Ashkenazi	Maltese	0.6300840978628955	7	aligned_replicate_consensus
strict_pass	11	Jew_Ashkenazi	Cypriot	0.6507941009545716	8	aligned_replicate_consensus
strict_pass	11	Jew_Ashkenazi	Jew_Iraqi	0.6528884656347879	9	aligned_replicate_consensus
strict_pass	11	Jew_Ashkenazi	Italian_Central	0.6765824117319086	10	aligned_replicate_consensus
strict_pass	11	Jew_Ashkenazi	Greek	0.6766447425307943	11	aligned_replicate_consensus
strict_pass	11	Jew_Ashkenazi	Italian_Tuscan	0.7850218486702683	12	aligned_replicate_consensus
strict_pass	11	Jew_Ashkenazi	Italian_North	0.813058915656512	13	aligned_replicate_consensus
strict_pass	11	Jew_Ashkenazi	Palestinian	0.8169193554243581	14	aligned_replicate_consensus
strict_pass	11	Jew_Ashkenazi	Druze	0.821735374249507	15	aligned_replicate_consensus
strict_pass	11	Jew_Ashkenazi	Italian_Bergamo	0.8237342840781704	16	aligned_replicate_consensus
strict_pass	11	Jew_Ashkenazi	Jew_Yemenite	1.2165078786446313	17	aligned_replicate_consensus
primary	12	Jew_Ashkenazi	Maltese	0.024029581647324785	1	aligned_replicate_consensus
primary	12	Jew_Ashkenazi	Sicilian	0.04993567884988269	2	aligned_replicate_consensus
primary	12	Jew_Ashkenazi	Italian_South	0.06357005611892842	3	aligned_replicate_consensus
primary	12	Jew_Ashkenazi	Jew_Turkish	0.06590920671070832	4	aligned_replicate_consensus
primary	12	Jew_Ashkenazi	Cypriot	0.09712523404865009	5	aligned_replicate_consensus
primary	12	Jew_Ashkenazi	Greek	0.12309957954304154	6	aligned_replicate_consensus
primary	12	Jew_Ashkenazi	Italian_Central	0.129815018700769	7	aligned_replicate_consensus
primary	12	Jew_Ashkenazi	Lebanese_Christian	0.1793366667382545	8	aligned_replicate_consensus
primary	12	Jew_Ashkenazi	Lebanese_Muslim	0.20782846347777786	9	aligned_replicate_consensus
primary	12	Jew_Ashkenazi	Italian_North	0.21517046310879345	10	aligned_replicate_consensus
primary	12	Jew_Ashkenazi	Lebanese	0.2275943984256587	11	aligned_replicate_consensus
primary	12	Jew_Ashkenazi	Jew_Iraqi	0.2952470242335018	12	aligned_replicate_consensus
primary	12	Jew_Ashkenazi	Italian_Bergamo	0.339217806380276	13	aligned_replicate_consensus
primary	12	Jew_Ashkenazi	Italian_Tuscan	0.5194252993546952	14	aligned_replicate_consensus
primary	12	Jew_Ashkenazi	Jew_Yemenite	0.5206252470420338	15	aligned_replicate_consensus
primary	12	Jew_Ashkenazi	Palestinian	0.5873891009650902	16	aligned_replicate_consensus
primary	12	Jew_Ashkenazi	Druze	0.6224618147649407	17	aligned_replicate_consensus
strict_pass	12	Jew_Ashkenazi	Jew_Turkish	0.3251624741620922	1	aligned_replicate_consensus
strict_pass	12	Jew_Ashkenazi	Cypriot	0.4349924987819375	2	aligned_replicate_consensus
strict_pass	12	Jew_Ashkenazi	Lebanese_Christian	0.4963634353360825	3	aligned_replicate_consensus
strict_pass	12	Jew_Ashkenazi	Lebanese	0.5014287348559359	4	aligned_replicate_consensus
strict_pass	12	Jew_Ashkenazi	Sicilian	0.5219184599104696	5	aligned_replicate_consensus
strict_pass	12	Jew_Ashkenazi	Lebanese_Muslim	0.5288276857374345	6	aligned_replicate_consensus
strict_pass	12	Jew_Ashkenazi	Italian_South	0.5347623229891628	7	aligned_replicate_consensus
strict_pass	12	Jew_Ashkenazi	Italian_Central	0.6301689315042264	8	aligned_replicate_consensus
strict_pass	12	Jew_Ashkenazi	Jew_Iraqi	0.6723282624278084	9	aligned_replicate_consensus
strict_pass	12	Jew_Ashkenazi	Maltese	0.6811890819395803	10	aligned_replicate_consensus
strict_pass	12	Jew_Ashkenazi	Greek	0.6876952082696013	11	aligned_replicate_consensus
strict_pass	12	Jew_Ashkenazi	Druze	0.6947901479148513	12	aligned_replicate_consensus
strict_pass	12	Jew_Ashkenazi	Italian_Tuscan	0.703986090501514	13	aligned_replicate_consensus
strict_pass	12	Jew_Ashkenazi	Palestinian	0.7106200647589893	14	aligned_replicate_consensus
strict_pass	12	Jew_Ashkenazi	Italian_North	0.79573986452949	15	aligned_replicate_consensus
strict_pass	12	Jew_Ashkenazi	Italian_Bergamo	0.7999490465100936	16	aligned_replicate_consensus
strict_pass	12	Jew_Ashkenazi	Jew_Yemenite	1.0570795884883857	17	aligned_replicate_consensus
