FID	IID	Population	Original_Group	Locality	Assessment	PC1	PC2	PC3	PC4	PC5	PC6	PC7	PC8	PC9	PC10	PC11	PC12	PC13	PC14	PC15	PC16	PC17	PC18	PC19	PC20
1	CYP19.HO	Cypriot	Cypriot	Nicosia	Pass	-0.0071417600	0.0040449600	-0.0185690000	0.0238267000	0.0042149800	0.0072348600	0.0060787400	0.0143722000	0.0266930000	-0.0111433000	-0.0310586000	-0.0525302000	-0.0480275000	-0.0077128300	-0.0459180000	0.0489318000	-0.0328831000	0.0095928400	0.0038470400	0.0273296000
2	CYP2.HO	Cypriot	Cypriot	Nicosia	Pass	-0.0006986260	0.0141836000	-0.0195690000	0.0007980240	0.0011970800	-0.0221894000	0.0131306000	-0.0283973000	0.0004310170	-0.0055711900	-0.0021488900	-0.0286836000	0.0098927500	0.0054685800	0.0074914400	0.0012822300	-0.0133564000	-0.0140121000	-0.0009720230	-0.0080643400
3	CYP5.HO	Cypriot	Cypriot	Nicosia	Pass	0.0014702700	0.0054470100	-0.0273420000	0.0204779000	0.0043397400	0.0043266300	0.0040560800	-0.0012965400	0.0337242000	0.0099699800	0.0105253000	-0.0506399000	-0.0375390000	-0.0005336020	0.0250976000	-0.0251952000	0.0179350000	0.0223969000	0.0074216100	-0.0137721000
4	Cyprus22AJ19.HO	Cypriot	Cypriot	Nicosia	Pass	-0.0093286000	0.0009676670	-0.0084468200	0.0237679000	0.0126917000	-0.0060500100	0.0123306000	-0.0193325000	0.0219295000	-0.0047042200	-0.0123679000	0.0011733300	0.0320643000	-0.0152674000	0.0142449000	-0.0141880000	-0.0032364200	0.0046659100	0.0078753600	-0.0343758000
5	Cyprus24AJ19.HO	Cypriot	Cypriot	Nicosia	Pass	-0.0127971000	-0.0029623500	0.0055021300	0.0145365000	0.0012217700	0.0157517000	-0.0247577000	-0.0085818300	-0.0023629800	0.0119051000	0.0013366500	-0.0164368000	-0.0168428000	-0.0152051000	-0.0276540000	0.0029328900	-0.0119418000	-0.0425727000	-0.0057934600	0.0156848000
6	HGDP00557.HO	Druze	Druze	Israel, modern 1	Pass	0.0663928000	-0.1435460000	0.0314094000	-0.0344829000	-0.0173944000	0.2295370000	0.0162446000	0.0189340000	-0.0443969000	-0.0155854000	0.0211654000	0.0278378000	0.0115984000	-0.0501365000	-0.0489981000	-0.0957951000	0.0303782000	-0.1873760000	-0.0205635000	0.0578821000
7	HGDP00558.HO	Druze	Druze	Israel, modern 1	Pass	0.0818825000	-0.1913690000	0.0331438000	-0.0472692000	0.0099589500	0.1027330000	0.0166981000	0.0161867000	-0.0746354000	0.0043045300	0.0186695000	0.0504821000	0.0015661300	-0.1129970000	0.0436509000	-0.0026954200	0.0717395000	-0.0507165000	-0.0138548000	-0.1147570000
8	HGDP00559.HO	Druze	Druze	Israel, modern 1	Pass	0.0577045000	-0.1133130000	0.0074376600	0.0005663110	-0.0079075300	0.0166145000	0.0022380100	-0.0467035000	0.0702382000	0.0030395800	-0.0087840400	-0.0732247000	0.0069376000	0.1369340000	-0.1129190000	-0.0647698000	-0.0143726000	-0.0519522000	0.0348054000	0.2388340000
9	HGDP00560.HO	Druze	Druze	Israel, modern 1	Pass	0.0688417000	-0.1552910000	0.0070874400	-0.0366276000	-0.0063883500	-0.0122128000	0.0094537900	-0.0004783280	-0.0223628000	0.0345273000	0.0485567000	0.0378770000	-0.0244282000	-0.0251373000	0.0045046700	0.0005147270	0.0311603000	-0.0621009000	0.0173916000	-0.0301105000
10	HGDP00561.HO	Druze	Druze	Israel, modern 1	Pass	0.0453569000	-0.0772957000	-0.0046817700	-0.0022833600	0.0057882000	-0.0087291900	-0.0182175000	-0.0363432000	0.0120747000	-0.0133774000	0.0117809000	-0.0399680000	0.0352541000	0.0331045000	-0.0241510000	0.0041048000	0.0160546000	0.0156756000	0.0366098000	0.0703355000
11	HGDP00562.HO	Druze	Druze	Israel, modern 1	Pass	0.0612648000	-0.1317180000	0.0331342000	-0.0070258600	-0.0390730000	0.3550150000	-0.0244406000	0.0068874900	-0.0544571000	-0.0188460000	-0.0018009600	0.0287486000	0.0623995000	0.0385283000	0.0588660000	0.0282429000	-0.0559879000	0.0916935000	0.0211848000	0.0225385000
12	HGDP00563.HO	Druze	Druze	Israel, modern 1	Pass	0.0366590000	-0.0047595800	-0.0230115000	0.0480052000	0.0176985000	0.0058346100	0.0101298000	-0.1033000000	0.0208712000	0.0048648800	-0.0311854000	-0.0194022000	0.0208934000	0.1392010000	-0.0032943500	-0.1173860000	-0.0202295000	0.0595003000	0.1498820000	-0.0598147000
13	HGDP00564.HO	Druze	Druze	Israel, modern 1	Pass	0.0551353000	-0.1132490000	0.0131503000	-0.0114892000	-0.0444780000	0.3969650000	-0.0367262000	0.0009063990	-0.0449010000	-0.0275773000	0.0272193000	0.0312878000	0.0169381000	0.0665533000	0.0081943400	0.0184041000	-0.0377556000	0.0580809000	0.0607409000	0.0188356000
14	HGDP00565.HO	Druze	Druze	Israel, modern 1	Pass	0.0801091000	-0.1747260000	0.0305968000	-0.0300700000	-0.0165152000	0.1653380000	-0.0029351300	0.0139881000	-0.0609610000	0.0048075500	-0.0177062000	0.0383353000	-0.0472447000	-0.0660270000	-0.0287914000	-0.0487562000	0.0194127000	-0.0978102000	-0.0376102000	-0.0164563000
15	HGDP00566.HO	Druze	Druze	Israel, modern 1	Pass	0.0376690000	-0.0075807200	-0.0183164000	0.0266886000	-0.0155387000	-0.0147103000	0.0015406100	0.0016300100	0.0419045000	-0.0049634800	0.0041589500	-0.0115103000	0.0207874000	0.0475182000	-0.0313077000	-0.0510597000	-0.0194204000	0.0083790300	0.0692221000	0.0189404000
16	HGDP00567.HO	Druze	Druze	Israel, modern 1	Pass	0.0956814000	-0.2230130000	0.0439230000	-0.0551913000	0.0090811100	-0.1161930000	-0.0018079100	0.0060780100	-0.0259438000	0.0656303000	0.0846537000	0.0269559000	0.0994612000	-0.0872572000	0.1425300000	0.0544859000	0.0359957000	0.0187637000	0.0989371000	-0.0193490000
17	HGDP00568.HO	Druze	Druze	Israel, modern 1	Pass	0.0854817000	-0.2151370000	0.0191286000	-0.0673479000	0.0193063000	-0.1416720000	0.0292303000	0.0020844500	0.0029159000	0.0080439100	-0.1526280000	0.0063808100	-0.1771310000	0.0790433000	-0.1688540000	0.0006007410	-0.1300160000	0.0764602000	-0.2274040000	-0.0368744000
18	HGDP00569.HO	Druze	Druze	Israel, modern 1	Pass	0.0478681000	-0.0805842000	-0.0109645000	0.0124882000	0.0079437500	-0.0042957800	0.0129221000	-0.0229419000	0.0273683000	-0.0472618000	-0.1018710000	-0.0295023000	-0.1899090000	0.1196310000	-0.2118210000	-0.0385263000	-0.1078170000	0.0097710300	-0.1805810000	0.0657056000
19	HGDP00571.HO	Druze	Druze	Israel, modern 1	Pass	0.0504065000	-0.1166170000	0.0060583100	-0.0261254000	-0.0087570400	-0.0539349000	0.0719713000	0.0183145000	-0.0006840060	-0.0221394000	-0.1168210000	-0.0034845300	-0.1634840000	0.0282893000	-0.1697960000	-0.0332943000	-0.1121800000	0.0648174000	-0.2585980000	-0.0715436000
20	HGDP00572.HO	Druze	Druze	Israel, modern 1	Pass	0.0752468000	-0.1448860000	0.0095245400	-0.0285466000	0.0259502000	-0.1354030000	-0.0156948000	-0.0211048000	0.0373376000	0.0060475900	-0.0459847000	0.0028720000	0.0710813000	0.0600734000	-0.0539528000	-0.0411635000	-0.0041752400	0.0395815000	0.0577639000	0.0604751000
21	HGDP00573.HO	Druze	Druze	Israel, modern 1	Pass	0.0674789000	-0.1478790000	0.0005911760	-0.0162094000	-0.0139709000	0.0379896000	0.0123044000	-0.0061406200	-0.0415636000	-0.0220341000	0.0026391700	0.0234979000	0.0130464000	-0.1121090000	0.0745350000	0.0812615000	0.0953254000	-0.0350913000	-0.0131891000	-0.1305300000
22	HGDP00574.HO	Druze	Druze	Israel, modern 1	Pass	0.0702268000	-0.1713950000	0.0076485000	-0.0256288000	-0.0180103000	-0.1716390000	-0.0066174500	0.0237773000	0.0334532000	0.0134750000	0.0165382000	0.0025630400	0.0306798000	0.0390651000	-0.0173346000	0.0100251000	0.0114368000	0.0142971000	0.0241500000	0.0990065000
23	HGDP00575.HO	Druze	Druze	Israel, modern 1	Pass	0.0764211000	-0.2071220000	0.0227152000	-0.0555893000	0.0323908000	-0.2255210000	0.0090245300	0.0274232000	0.0074582000	0.0298612000	0.0052191600	0.0203382000	0.0687014000	0.0117226000	0.0517169000	0.0239621000	-0.0078603900	0.0611282000	0.0447032000	0.0254328000
24	HGDP00577.HO	Druze	Druze	Israel, modern 1	Pass	0.0724932000	-0.1685870000	0.0225401000	-0.0307515000	-0.0007071260	-0.0590107000	-0.0115152000	0.0240563000	-0.0194976000	-0.0238862000	-0.1542010000	0.0065499100	-0.2044010000	0.0271572000	-0.1397050000	0.0293318000	-0.0914699000	0.0915456000	-0.2522090000	-0.0971019000
25	HGDP00578.HO	Druze	Druze	Israel, modern 1	Pass	0.0556559000	-0.0837391000	0.0058143300	-0.0046906700	-0.0118907000	0.1189360000	-0.0065709800	0.0200184000	0.0082681800	-0.0222054000	-0.0074119600	0.0033571700	-0.0293954000	-0.0282947000	-0.0776042000	-0.1114180000	0.0244011000	-0.1831560000	-0.0157817000	0.0955164000
26	HGDP00579.HO	Druze	Druze	Israel, modern 1	Pass	0.0222129000	0.0066299700	-0.0072122500	0.0451520000	-0.0101265000	0.0322840000	0.0091668400	-0.0275636000	0.0245905000	-0.0336117000	0.0245476000	-0.0881265000	-0.0160487000	0.0384739000	-0.0124515000	-0.0118391000	-0.0389317000	-0.0454797000	0.0861333000	0.0560268000
27	HGDP00580.HO	Druze	Druze	Israel, modern 1	Pass	0.0446045000	-0.0633363000	0.0083872100	0.0137260000	0.0143565000	-0.0352218000	0.0017831300	-0.0022079800	0.0103626000	0.0080270800	0.0645145000	-0.0022556300	0.0080933500	-0.0415849000	0.0418104000	0.0024970400	0.0212835000	-0.0293564000	0.0196862000	-0.0093241600
28	HGDP00582.HO	Druze	Druze	Israel, modern 1	Pass	0.0496048000	-0.0644891000	-0.0117187000	0.0028321000	0.0227719000	-0.0228494000	-0.0004001870	-0.0115047000	0.0465174000	-0.0176207000	0.0179026000	-0.0178318000	0.0300706000	0.0490137000	0.0080301100	-0.0240997000	0.0189675000	-0.0325232000	-0.0387261000	0.0482311000
29	HGDP00583.HO	Druze	Druze	Israel, modern 1	Pass	0.0917971000	-0.2225180000	0.0305244000	-0.0796030000	0.0158802000	-0.1762530000	0.0140182000	0.0150786000	0.0033454600	0.0502778000	0.0208045000	0.0209196000	0.0504069000	-0.0142530000	0.0520612000	0.0607822000	0.0097974100	-0.0245744000	0.1131810000	-0.0071332800
30	HGDP00584.HO	Druze	Druze	Israel, modern 1	Pass	0.0431642000	-0.0381909000	-0.0066360100	0.0109053000	-0.0048519300	0.0021288800	0.0006899630	-0.0910003000	0.0473212000	-0.0495978000	-0.0193701000	-0.1009010000	0.0017787600	0.1433630000	-0.1116860000	-0.0526666000	-0.0354494000	-0.0466302000	0.0132355000	0.2058500000
31	HGDP00586.HO	Druze	Druze	Israel, modern 1	Pass	0.0415156000	-0.0658008000	-0.0150317000	0.0175598000	0.0176225000	-0.0306165000	-0.0207832000	-0.0055774300	0.0302963000	-0.0123834000	-0.0015909800	0.0337567000	0.0754520000	0.0389430000	0.0280817000	-0.0314415000	0.0064122200	0.0571820000	0.0944014000	-0.0121979000
32	HGDP00587.HO	Druze	Druze	Israel, modern 1	Pass	0.0244407000	-0.0137561000	-0.0129023000	0.0027893000	0.0194118000	0.0035176800	-0.0152560000	0.0204943000	0.0028328200	-0.0202250000	0.0426457000	-0.0646999000	-0.0127943000	0.0208695000	-0.0178006000	-0.0483377000	0.0443805000	-0.0071534300	-0.0110478000	0.0366562000
33	HGDP00588.HO	Druze	Druze	Israel, modern 1	Pass	0.0890511000	-0.1944430000	0.0356497000	-0.0421229000	-0.0130837000	0.0867647000	0.0076801700	0.0298441000	-0.0498055000	0.0421333000	0.0570362000	0.0812660000	0.0018551400	-0.1497360000	0.0921102000	0.0359668000	0.0620569000	-0.0509935000	-0.0224790000	-0.1225080000
34	HGDP00591.HO	Druze	Druze	Israel, modern 1	Pass	0.0667396000	-0.1592780000	0.0272655000	-0.0360482000	-0.0200275000	-0.0003901320	-0.0002338230	-0.0064225600	0.0021824800	0.0227001000	-0.0062800600	0.0476670000	-0.0113594000	0.0212078000	0.0004058460	0.0129323000	0.0302028000	0.0303090000	-0.0270822000	-0.0050668500
35	HGDP00594.HO	Druze	Druze	Israel, modern 1	Pass	0.0637552000	-0.1229780000	0.0144588000	-0.0082320600	-0.0477354000	0.4698200000	-0.0175282000	0.0066052000	-0.0696915000	-0.0473877000	0.0058889600	0.0760580000	0.0543295000	0.0888486000	0.0326478000	0.0094357500	-0.0368382000	0.0836032000	0.0131679000	0.0170078000
36	HGDP00595.HO	Druze	Druze	Israel, modern 1	Pass	0.0656196000	-0.1401090000	0.0091595600	-0.0257275000	-0.0149333000	-0.1745520000	-0.0100498000	0.0128187000	0.0334283000	0.0032425800	0.0376816000	-0.0335969000	0.0613272000	0.0117787000	0.0441496000	0.0278634000	-0.0231316000	0.0086539300	0.0572457000	0.0960317000
37	HGDP00597.HO	Druze	Druze	Israel, modern 1	Pass	0.0201870000	-0.0128890000	-0.0200893000	0.0321048000	0.0011745600	-0.0139778000	-0.0023137400	-0.0288775000	0.0266256000	-0.0078733400	-0.0241368000	-0.0912138000	0.0180848000	-0.0301841000	-0.0395380000	-0.0672810000	0.0367508000	-0.0707560000	0.0431581000	0.0293768000
38	HGDP00598.HO	Druze	Druze	Israel, modern 1	Pass	0.0572747000	-0.1008190000	0.0130141000	0.0076360800	0.0031788100	0.0248144000	-0.0024863500	-0.0095374700	0.0015984500	-0.0451810000	0.0075329900	0.0250814000	-0.0368049000	-0.0314489000	-0.0333608000	0.0419523000	0.0204708000	-0.0184918000	0.0201648000	-0.0123180000
39	HGDP00599.HO	Druze	Druze	Israel, modern 1	Pass	0.0554337000	-0.1285310000	0.0068020000	-0.0245489000	-0.0102438000	0.0144809000	-0.0064904700	-0.0048884900	0.0018790800	0.0262502000	-0.0214243000	-0.0006926920	-0.0663228000	-0.0146506000	-0.0602706000	-0.0087596600	0.0268734000	-0.0409035000	-0.0855491000	-0.0099854200
40	HGDP00600.HO	Druze	Druze	Israel, modern 1	Pass	0.0272093000	-0.0218404000	-0.0065446000	0.0161177000	0.0079543600	0.0099434200	0.0021385400	-0.0069321500	0.0283089000	-0.0078627500	0.0339582000	-0.0541501000	-0.0128957000	0.0340420000	-0.0051917700	-0.0683956000	0.0283203000	-0.0174597000	-0.0034982000	-0.0146980000
41	HGDP00601.HO	Druze	Druze	Israel, modern 1	Pass	0.0656714000	-0.1182840000	0.0083538000	-0.0016319000	0.0151919000	-0.1547810000	-0.0143295000	-0.0053404000	-0.0196290000	0.0222996000	0.0489587000	-0.0109520000	0.1016910000	-0.0290754000	0.0641078000	-0.0151638000	0.0114401000	0.0244653000	0.1009030000	0.0155107000
42	HGDP00602.HO	Druze	Druze	Israel, modern 1	Pass	0.0178767000	-0.0176081000	-0.0175525000	0.0200819000	0.0172077000	-0.0196596000	0.0018186200	-0.0206977000	0.0280289000	-0.0258759000	0.0223521000	-0.0246635000	0.0124470000	0.0599418000	-0.0166538000	-0.0386320000	0.0239911000	-0.0078297000	0.0118556000	0.0082375300
43	HGDP00604.HO	Druze	Druze	Israel, modern 1	Pass	0.0906657000	-0.2035340000	0.0226511000	-0.0512412000	0.0301339000	-0.2149060000	-0.0069626400	0.0201870000	-0.0103908000	0.0372247000	0.0553104000	-0.0003010770	0.1542970000	-0.0466287000	0.1137660000	0.0243907000	0.0468324000	0.0499225000	0.1033710000	-0.0026590800
44	HGDP00606.HO	Druze	Druze	Israel, modern 1	Pass	0.0491126000	-0.0916859000	0.0240101000	-0.0084261000	-0.0317533000	0.1414000000	-0.0283661000	-0.0651069000	0.0287085000	-0.0140159000	0.0275904000	-0.0408466000	0.0015507600	-0.0389088000	0.0470070000	0.1013930000	0.0775303000	-0.0879282000	0.0840978000	0.0089300900
45	GREEKGRALPOP10.HO	Greek	Greek	Thessaloniki	Pass	-0.0611211000	0.0075473400	-0.0094432200	-0.0052659600	0.0166124000	0.0078776500	-0.0030270200	0.0161454000	-0.0118747000	-0.0045274100	0.0082906300	0.0112927000	-0.0055788300	0.0243124000	0.0177896000	-0.0131530000	-0.0226375000	0.0377285000	0.0157784000	0.0106438000
46	GREEKGRALPOP11.HO	Greek	Greek	Thessaloniki	Pass	-0.0629374000	0.0008598720	-0.0079916900	-0.0278072000	0.0145674000	0.0177086000	-0.0086061500	-0.0341346000	-0.0212069000	0.0164043000	0.0187024000	0.0076998200	0.0168670000	0.0088532700	0.0091146700	-0.0210180000	0.0197522000	0.0342318000	-0.0133477000	0.0219607000
47	GREEKGRALPOP12.HO	Greek	Greek	Thessaloniki	Pass	-0.0642458000	-0.0001487740	-0.0170775000	-0.0121234000	-0.0143749000	0.0061389500	-0.0075726900	0.0052853300	0.0019376400	0.0075421700	-0.0251833000	0.0072786800	-0.0072214400	-0.0013405400	-0.0002791410	-0.0199803000	0.0092431600	0.0187210000	-0.0321569000	0.0072065200
48	GREEKGRALPOP13.HO	Greek	Greek	Thessaloniki	Pass	-0.0676054000	0.0113661000	-0.0179220000	-0.0261171000	0.0040816200	0.0051897100	0.0012053200	-0.0203456000	-0.0433130000	0.0091514500	-0.0132037000	0.0013707100	-0.0016927700	0.0029684900	0.0215273000	0.0291609000	-0.0170908000	0.0181371000	0.0188893000	0.0053653600
49	GREEKGRALPOP14.HO	Greek	Greek	Thessaloniki	Pass	-0.0536488000	-0.0063906800	-0.0104354000	-0.0128344000	0.0064919300	0.0020861100	-0.0015853000	0.0344565000	-0.0392078000	-0.0223664000	0.0140401000	0.0285079000	-0.0176784000	-0.0059011200	0.0102447000	-0.0118178000	-0.0121303000	0.0200934000	-0.0103254000	-0.0011756400
50	GREEKGRALPOP15.HO	Greek	Greek	Thessaloniki	Pass	-0.0648459000	0.0002873240	0.0086329200	-0.0363187000	0.0121058000	-0.0032757900	-0.0095477400	-0.0079603000	-0.0100448000	0.0076807900	-0.0027787000	-0.0247056000	0.0036014500	-0.0147136000	-0.0064979900	-0.0048901300	0.0123093000	-0.0233952000	-0.0078449000	0.0196792000
51	GREEKGRALPOP16.HO	Greek	Greek	Thessaloniki	Pass	-0.0639900000	0.0042559700	-0.0031894000	-0.0260090000	-0.0051214300	0.0049607400	0.0238866000	0.0123844000	0.0162913000	0.0065935200	-0.0175452000	0.0306622000	-0.0086225500	-0.0017860200	-0.0013920600	0.0182418000	0.0369104000	0.0001128660	-0.0176770000	0.0053685600
52	GREEKGRALPOP17.HO	Greek	Greek	Thessaloniki	Pass	-0.0629800000	0.0035336500	-0.0071983100	-0.0149164000	0.0065354500	-0.0001818400	-0.0059576300	0.0413613000	0.0079058800	-0.0029618600	-0.0087207900	0.0150452000	0.0060317600	-0.0377346000	-0.0149682000	0.0377171000	0.0164306000	0.0147896000	-0.0099604000	0.0269085000
53	GREEKGRALPOP18.HO	Greek	Greek	Thessaloniki	Pass	-0.0693887000	0.0060652400	0.0066447700	-0.0238385000	0.0035095500	0.0062707900	0.0031571700	0.0027252100	0.0186204000	-0.0043772200	0.0126591000	0.0183441000	-0.0116666000	-0.0119528000	0.0159404000	0.0319264000	-0.0036927300	-0.0027493100	0.0132819000	0.0309884000
54	GREEKGRALPOP3.HO	Greek	Greek	Thessaloniki	Pass	-0.0705135000	0.0105795000	-0.0027217200	-0.0208161000	0.0219172000	-0.0106551000	0.0296205000	0.0131072000	-0.0187064000	0.0003293280	-0.0067199000	-0.0062841600	0.0114701000	0.0015430200	0.0128224000	-0.0052721400	0.0077990100	-0.0205792000	-0.0017601900	0.0175784000
55	GREEKGRALPOP4.HO	Greek	Greek	Thessaloniki	Pass	-0.0594003000	-0.0098635200	-0.0033837800	-0.0151520000	0.0265206000	-0.0250990000	0.0201620000	0.0067649800	0.0080610900	-0.0014719900	0.0055959200	0.0254485000	0.0111384000	0.0056506900	-0.0151339000	0.0016430800	0.0008420190	-0.0319926000	-0.0198165000	0.0312027000
56	GREEKGRALPOP5.HO	Greek	Greek	Thessaloniki	Pass	-0.0670007000	-0.0019128400	-0.0057886700	-0.0093838200	0.0080823700	-0.0084420100	0.0149862000	-0.0155781000	-0.0180024000	0.0121793000	-0.0410311000	-0.0003342880	-0.0100183000	-0.0311474000	-0.0147368000	0.0062005600	0.0121379000	0.0215424000	-0.0322328000	0.0375792000
57	GREEKGRALPOP8.HO	Greek	Greek	Thessaloniki	Pass	-0.0687742000	-0.0082496500	0.0018976000	-0.0428659000	-0.0162765000	-0.0142640000	0.0170484000	0.0037132600	0.0054022700	-0.0116929000	0.0121872000	0.0178856000	0.0212344000	-0.0315147000	0.0044718400	-0.0020943200	-0.0053500200	-0.0171199000	-0.0241262000	0.0027756700
58	GREEKGRALPOP9.HO	Greek	Greek	Thessaloniki	Pass	-0.0706580000	0.0022228000	-0.0020189500	-0.0386717000	0.0093736700	0.0214825000	0.0114535000	-0.0066487000	0.0050629300	-0.0078569500	0.0043234900	0.0426162000	-0.0241742000	-0.0002306560	0.0074026100	0.0162070000	0.0007614370	-0.0107479000	-0.0073045300	0.0043323100
59	NA17372.HO	Greek	Greek	Greece, modern	Pass	-0.0444578000	0.0021438100	-0.0050237600	-0.0097687000	0.0171549000	0.0133918000	-0.0101435000	-0.0002001050	0.0242208000	0.0261096000	-0.0264405000	0.0164579000	0.0166021000	-0.0103646000	0.0043026200	0.0025556000	0.0148819000	0.0493623000	0.0061780600	-0.0377296000
60	NA17373.HO	Greek	Greek	Greece, modern	Pass	-0.0702034000	-0.0041637000	-0.0259752000	-0.0323757000	0.0065260900	-0.0192038000	0.0039999900	0.0037646600	-0.0128656000	-0.0099305000	0.0075195000	0.0078330000	-0.0365702000	-0.0127698000	-0.0131663000	0.0135533000	0.0206724000	-0.0045786000	0.0165070000	0.0120062000
61	NA17375.HO	Greek	Greek	Greece, modern	Pass	-0.0406831000	-0.0039054900	-0.0146054000	-0.0146382000	0.0106307000	-0.0146902000	0.0233993000	0.0079656500	0.0098468800	0.0058481200	-0.0058619900	-0.0186566000	0.0211789000	0.0254608000	-0.0057895500	-0.0069703800	0.0203109000	-0.0138370000	0.0314213000	-0.0142183000
62	NA17376.HO	Greek	Greek	Greece, modern	Pass	-0.0309927000	0.0034082200	-0.0053445600	0.0196502000	0.0048322800	0.0233105000	0.0082677500	0.0144627000	0.0220202000	0.0178431000	0.0035800900	-0.0242838000	-0.0107248000	0.0129128000	-0.0127887000	0.0008790190	0.0146564000	0.0202191000	0.0476973000	0.0267050000
63	HGDP01147.HO	Italian_Bergamo	Italian_North	Italy, modern 2	Pass	-0.0803870000	0.0006232540	0.0061010200	-0.0455679000	0.0266889000	0.0176211000	0.0186868000	0.0211969000	-0.0300430000	0.0108348000	-0.0223873000	0.0267151000	-0.0004981760	0.0078371700	0.0231062000	0.0354284000	-0.0066801300	0.0195581000	-0.0219313000	-0.0062161600
64	HGDP01151.HO	Italian_Bergamo	Italian_North	Italy, modern 2	Pass	-0.0897033000	0.0116335000	-0.0000957730	-0.0285736000	0.0029265800	-0.0083332200	0.0256276000	0.0063550200	-0.0072078600	-0.0018277500	-0.0020557600	0.0207317000	0.0362281000	-0.0103996000	-0.0048643600	0.0328096000	0.0305768000	-0.0018590700	-0.0191294000	0.0156904000
65	HGDP01152.HO	Italian_Bergamo	Italian_North	Italy, modern 2	Pass	-0.0846570000	0.0070869000	-0.0110236000	-0.0208623000	0.0302059000	-0.0162077000	0.0054835900	-0.0080380400	-0.0108929000	-0.0164553000	0.0048307100	0.0270807000	0.0018298700	-0.0005261850	0.0153216000	-0.0002900900	-0.0128120000	0.0112305000	0.0065828800	0.0006064840
66	HGDP01153.HO	Italian_Bergamo	Italian_North	Italy, modern 2	Pass	-0.0823349000	-0.0029401100	-0.0062638300	-0.0363558000	0.0125742000	0.0109486000	0.0076411200	0.0173787000	-0.0063926800	0.0146246000	0.0074121900	0.0259548000	0.0038765700	-0.0353597000	0.0156346000	0.0298549000	0.0198188000	-0.0317463000	-0.0439610000	-0.0015826200
67	HGDP01155.HO	Italian_Bergamo	Italian_North	Italy, modern 2	Pass	-0.0854881000	0.0091637000	0.0006992400	-0.0356390000	0.0185188000	0.0006914300	-0.0017117900	0.0055969800	-0.0175404000	-0.0064183400	0.0006005400	0.0294136000	0.0176205000	-0.0252212000	0.0195334000	0.0239114000	-0.0465079000	-0.0031689200	-0.0039570900	-0.0233805000
68	HGDP01156.HO	Italian_Bergamo	Italian_North	Italy, modern 2	Pass	-0.0878820000	0.0109549000	-0.0042512100	-0.0319488000	0.0178068000	-0.0004578770	0.0163647000	0.0092687400	0.0069160300	0.0050548600	0.0202764000	0.0118967000	0.0178192000	0.0007280990	-0.0068081900	0.0319661000	0.0073928400	-0.0053769100	-0.0530371000	-0.0189834000
69	HGDP01157.HO	Italian_Bergamo	Italian_North	Italy, modern 2	Pass	-0.0795434000	0.0070407700	-0.0268197000	-0.0329838000	0.0064985500	0.0144624000	-0.0136579000	0.0136932000	-0.0118215000	0.0021748800	-0.0234509000	0.0240409000	-0.0402910000	0.0117061000	0.0281595000	0.0394319000	0.0309518000	-0.0187492000	-0.0003973880	-0.0018545500
70	HGDP01171.HO	Italian_Bergamo	Italian_North	Italy, modern 2	Pass	-0.0801005000	0.0033174300	-0.0086854500	-0.0289531000	0.0125305000	-0.0120220000	0.0076348400	0.0031673200	-0.0453966000	0.0219237000	0.0044236400	0.0264121000	0.0000498378	-0.0161369000	0.0037980800	0.0162686000	0.0009488380	-0.0177347000	0.0238139000	0.0059276400
71	HGDP01172.HO	Italian_Bergamo	Italian_North	Italy, modern 2	Pass	-0.0852150000	0.0127045000	-0.0032255300	-0.0367375000	0.0075065900	-0.0278319000	0.0212385000	0.0096832700	-0.0177525000	-0.0160765000	0.0198910000	-0.0022749500	0.0104471000	-0.0009546630	0.0443276000	0.0144903000	-0.0050896900	0.0002467450	-0.0116488000	-0.0049799700
72	HGDP01173.HO	Italian_Bergamo	Italian_North	Italy, modern 2	Pass	-0.0813265000	0.0064452100	-0.0086644300	-0.0324320000	0.0303385000	-0.0139016000	0.0106755000	0.0112170000	-0.0022098700	0.0027598700	0.0123568000	0.0267704000	0.0239269000	-0.0250727000	0.0033820400	0.0093014200	-0.0019614300	0.0002859520	-0.0066840700	0.0127049000
73	HGDP01174.HO	Italian_Bergamo	Italian_North	Italy, modern 2	Pass	-0.0769448000	0.0025539000	-0.0003465940	-0.0201379000	0.0149390000	0.0144595000	-0.0098380900	0.0462425000	-0.0206034000	0.0401834000	-0.0052228100	0.0451031000	-0.0066811800	0.0016721800	-0.0083621200	0.0137167000	0.0185831000	-0.0098920900	-0.0069188500	0.0361046000
74	HGDP01177.HO	Italian_Bergamo	Italian_North	Italy, modern 2	Pass	-0.0762368000	0.0042772200	-0.0052565300	-0.0346304000	0.0087919200	0.0068046400	0.0041744000	-0.0002382340	-0.0351504000	0.0235886000	0.0366573000	0.0116015000	0.0121004000	0.0159335000	-0.0322106000	-0.0023797800	-0.0097012100	-0.0146030000	-0.0190912000	0.0291525000
75	PG128.HO	Italian_Central	Italian_Central	Perugia Case Nuove (Umbria, Perugia)	Pass	-0.0513651000	0.0007532620	0.0024228300	-0.0226125000	-0.0072218200	-0.0017434600	0.0176080000	0.0202580000	0.0103364000	0.0113083000	0.0030262400	-0.0014176500	-0.0179511000	-0.0095263000	-0.0136835000	-0.0003486690	-0.0031396900	-0.0143109000	-0.0159942000	0.0351820000
76	PG2012_242.HO	Italian_Central	Italian_Central	Castiglion Fiorentino (Southern Tuscany, Arezzo)	Pass	-0.0679534000	0.0029633700	-0.0119483000	-0.0200681000	0.0148934000	0.0030587700	-0.0089694300	0.0135945000	0.0017556700	-0.0078203600	0.0134080000	-0.0109946000	0.0137691000	0.0331011000	-0.0208325000	0.0346992000	-0.0183414000	0.0316282000	0.0298382000	0.0189578000
77	PG2012_477.HO	Italian_Central	Italian_Central	Bettolle (Southern Tuscany, Siena)	Pass	-0.0688633000	0.0005145000	0.0049388500	-0.0121377000	0.0132847000	0.0099102000	-0.0273701000	0.0101723000	0.0013885600	0.0042525900	-0.0168946000	0.0050766800	0.0121872000	-0.0182782000	0.0324920000	-0.0287810000	-0.0063662100	0.0001644900	-0.0122043000	-0.0071463300
78	PG2012_625.HO	Italian_Central	Italian_Central	Perugia (Umbria, Perugia)	Pass	-0.0603755000	0.0034813300	-0.0060993800	-0.0199445000	0.0154128000	-0.0142679000	0.0013922200	0.0085860100	-0.0123669000	0.0251637000	0.0087851200	-0.0119898000	0.0156270000	0.0049672000	0.0093545800	0.0119574000	-0.0106259000	0.0206950000	-0.0264706000	0.0460190000
79	PG2012_639.HO	Italian_Central	Italian_Central	Arezzo (Southern Tuscany, Arezzo)	Pass	-0.0633282000	0.0022613400	-0.0031583100	-0.0107644000	0.0258850000	-0.0016594600	0.0241494000	0.0235807000	-0.0069204200	0.0128782000	-0.0062609700	-0.0152018000	0.0091982700	0.0011253500	-0.0276319000	0.0421782000	-0.0009878530	-0.0057082300	-0.0131573000	-0.0134445000
80	PG2012_642.HO	Italian_Central	Italian_Central	Cupramontana (Marche, Ancona)	Pass	-0.0508114000	-0.0040496600	-0.0120337000	-0.0141553000	0.0187350000	0.0037686700	-0.0306491000	-0.0044736300	-0.0264114000	-0.0084435500	0.0124231000	-0.0200142000	0.0130696000	0.0026070500	0.0257418000	0.0078597800	-0.0297192000	0.0198659000	-0.0161358000	-0.0081445100
81	PG2012_647.HO	Italian_Central	Italian_Central	Chiusi (Tuscany, Siena)	Pass	-0.0611853000	0.0051489900	-0.0129164000	-0.0147457000	0.0106674000	-0.0047724700	0.0119654000	0.0059227800	-0.0210269000	-0.0003170440	0.0096637000	0.0116805000	0.0121766000	-0.0035908900	-0.0281913000	0.0242310000	-0.0373488000	-0.0003045910	0.0075671200	0.0213062000
82	PG470.HO	Italian_Central	Italian_Central	Ascoli Piceno (Marche, Ascoli Piceno)	Pass	-0.0548532000	0.0096013600	0.0017997200	-0.0067774500	0.0202425000	0.0100956000	0.0149272000	0.0194296000	-0.0228897000	0.0518722000	-0.0452572000	-0.0141281000	-0.0178181000	0.0071985800	-0.0128271000	-0.0078789500	-0.0240244000	-0.0003277650	0.0147396000	0.0243786000
83	PG720.HO	Italian_Central	Italian_Central	Ascoli Piceno (Marche, Ascoli Piceno)	Pass	-0.0538418000	-0.0005345300	-0.0189551000	-0.0102864000	-0.0005558090	0.0020174900	-0.0022722000	0.0164970000	0.0132068000	0.0285787000	-0.0078578000	0.0155418000	0.0083539200	0.0056301800	0.0053314100	0.0083849400	-0.0019945600	0.0072786100	-0.0017538500	0.0443939000
84	PG722.HO	Italian_Central	Italian_Central	Fabriano (Marche, Ancona)	Pass	-0.0535980000	0.0008960670	-0.0105072000	-0.0143990000	0.0148193000	0.0080881900	0.0180544000	0.0046005200	-0.0133497000	0.0168411000	-0.0114775000	-0.0251782000	0.0183432000	0.0003631590	-0.0380221000	0.0217581000	0.0071561900	0.0293354000	-0.0000687961	0.0117048000
85	PG723.HO	Italian_Central	Italian_Central	Perugia Montegrillo (Umbria, Perugia)	Pass	-0.0644963000	-0.0035918900	-0.0198536000	-0.0242939000	0.0050503000	-0.0008798710	-0.0047161800	-0.0118262000	-0.0206500000	0.0130840000	-0.0197223000	0.0119892000	0.0120072000	0.0083290000	0.0160353000	-0.0257010000	-0.0206672000	0.0037112400	0.0089297100	-0.0038723800
86	PG731.HO	Italian_Central	Italian_Central	Montepulciano (Southern Tuscany, Siena)	Pass	-0.0511889000	0.0073486500	0.0020655700	-0.0257047000	0.0222819000	-0.0058868600	0.0205766000	-0.0077979700	-0.0198703000	-0.0031449000	-0.0081384900	0.0233535000	-0.0046961800	0.0309835000	-0.0137621000	0.0316815000	-0.0312339000	-0.0245461000	0.0156345000	0.0241620000
87	PG734.HO	Italian_Central	Italian_Central	Perugia (Umbria, Perugia)	Pass	-0.0607225000	0.0013197800	-0.0198982000	-0.0107804000	0.0182962000	-0.0113771000	0.0007620390	0.0124354000	0.0165350000	-0.0091862100	-0.0107311000	0.0146831000	-0.0008530400	0.0073667600	-0.0237418000	0.0042903700	-0.0268843000	-0.0310099000	0.0205516000	0.0074027400
88	PG739.HO	Italian_Central	Italian_Central	Ca' De Cio (Southern Tuscany, Arezzo)	Pass	-0.0651814000	-0.0007545750	0.0012563300	-0.0208522000	0.0096924800	-0.0020228600	0.0178254000	0.0210342000	0.0154767000	-0.0122982000	-0.0184782000	0.0150177000	-0.0064750300	0.0301710000	0.0004687230	0.0294113000	-0.0302639000	0.0393475000	0.0125289000	-0.0140267000
89	PG775.HO	Italian_Central	Italian_Central	Perugia Stazione (Umbria, Perugia)	Pass	-0.0591193000	0.0122003000	-0.0231516000	-0.0182035000	0.0140913000	-0.0084255400	0.0028448600	-0.0071418400	0.0091615400	0.0018332200	0.0004343270	0.0112228000	0.0305217000	-0.0032195200	-0.0061857800	-0.0237757000	0.0052999100	0.0091525900	-0.0325275000	-0.0163631000
90	VT035.HO	Italian_Central	Italian_Central	Bolsena (Northern Latium, Viterbo)	Pass	-0.0552749000	0.0047645700	-0.0207944000	-0.0211662000	0.0056831800	0.0105622000	0.0024105100	0.0496110000	-0.0245127000	-0.0202071000	-0.0271046000	0.0264519000	-0.0231568000	-0.0194028000	0.0164818000	-0.0046896400	0.0107031000	-0.0235044000	-0.0053006800	-0.0150335000
91	ALP108.HO	Italian_North	Italian_North	Treviso (Veneto, Treviso)	Pass	-0.0842897000	0.0019018400	-0.0043681500	-0.0288032000	0.0071295800	-0.0040068400	0.0026864600	-0.0074801100	-0.0256668000	0.0227766000	-0.0003729960	0.0228027000	-0.0259369000	0.0019642100	0.0095406800	0.0356916000	0.0039203800	-0.0034965100	-0.0262859000	0.0164258000
92	ALP134.HO	Italian_North	Italian_North	Cremona (Lombardy)	Pass	-0.0850931000	-0.0040765600	-0.0071908100	-0.0470967000	0.0171170000	0.0015715300	0.0076969500	0.0077141900	-0.0150513000	0.0178292000	-0.0048242200	0.0198337000	0.0080006700	0.0124799000	-0.0028778900	0.0193383000	0.0043991800	0.0268144000	-0.0539576000	0.0191042000
93	ALP156.HO	Italian_North	Italian_North	Piacenza (Emilia-Romagna, Piacenza)	Pass	-0.0778785000	0.0057588200	-0.0051954800	-0.0247608000	0.0091222200	0.0190756000	0.0125788000	0.0027628200	0.0022533300	0.0355187000	0.0130358000	0.0227816000	-0.0254346000	-0.0190626000	0.0069369600	0.0203781000	0.0237109000	0.0077818400	0.0018478600	0.0116566000
94	ALP202.HO	Italian_North	Italian_North	Bassano del Grappa (Veneto, Vicenza)	Pass	-0.0840647000	-0.0044202200	0.0071741000	-0.0396535000	0.0067959600	-0.0183109000	-0.0057221000	0.0148288000	-0.0266731000	0.0252848000	-0.0055352300	0.0032691800	0.0269558000	-0.0319538000	-0.0023039000	0.0339894000	0.0173121000	0.0282319000	-0.0371589000	0.0288707000
95	ALP211.HO	Italian_North	Italian_North	Modena (Emilia-Romagna, Modena)	Pass	-0.0699891000	0.0072056000	-0.0206167000	-0.0225984000	0.0207701000	0.0001799450	-0.0048964600	0.0048611600	0.0082394100	0.0023678200	0.0305769000	-0.0197110000	-0.0113207000	0.0369314000	0.0114750000	0.0127131000	-0.0131412000	0.0118844000	-0.0020494000	0.0189956000
96	ALP277.HO	Italian_North	Italian_North	Domodossola (Piedmont, Verbano-Cusio-Ossola)	Pass	-0.0823965000	0.0003653600	-0.0056718000	-0.0213618000	0.0159008000	-0.0210966000	0.0118391000	0.0361638000	-0.0218471000	-0.0004794140	0.0234994000	0.0584917000	-0.0190069000	-0.0217943000	0.0171954000	0.0163934000	0.0069405100	0.0382561000	-0.0339152000	0.0493430000
97	ALP278.HO	Italian_North	Italian_North	Borgonovo Val Tidone (Emilia-Romagna, Piacenza)	Pass	-0.0745706000	-0.0031178700	0.0113253000	-0.0040028500	0.0155925000	0.0061691900	-0.0034863400	0.0293997000	-0.0314613000	0.0148059000	-0.0145634000	0.0233757000	-0.0018605400	-0.0161102000	-0.0021477300	0.0139653000	0.0135541000	-0.0198611000	-0.0035988600	0.0273970000
98	ALP28.HO	Italian_North	Italian_North	Ferrara (Emilia-Romagna, Ferrara)	Pass	-0.0723144000	-0.0034237600	-0.0054873600	-0.0167046000	0.0206733000	0.0089756500	0.0144004000	0.0233442000	-0.0255163000	0.0279809000	0.0150328000	0.0154690000	0.0254813000	-0.0090169600	0.0494119000	-0.0183530000	-0.0440270000	-0.0133206000	-0.0260196000	0.0068371400
99	ALP342.HO	Italian_North	Italian_North	Parma (Emilia-Romagna, Parma)	Pass	-0.0711003000	0.0121305000	-0.0006281450	-0.0192873000	0.0188160000	-0.0232298000	0.0053966900	0.0252653000	-0.0058940500	0.0002827750	-0.0183288000	0.0128309000	-0.0017367200	-0.0217084000	-0.0100549000	-0.0329128000	-0.0301616000	-0.0134432000	-0.0031961700	0.0040931100
100	ALP392.HO	Italian_North	Italian_North	Busseto (Emilia-Romagna, Parma)	Pass	-0.0673074000	0.0036560500	-0.0083884400	-0.0095371100	-0.0034362300	-0.0147635000	0.0111914000	-0.0272243000	-0.0303461000	0.0214509000	-0.0359806000	-0.0071221600	0.0104876000	-0.0106872000	0.0006882780	0.0342638000	0.0110507000	-0.0294363000	-0.0166733000	0.0138127000
101	ALP481.HO	Italian_North	Italian_North	Sappada (Veneto, Belluno)	Pass	-0.0905033000	-0.0038766200	0.0099524900	-0.0291126000	0.0323024000	-0.0040574800	0.0137516000	0.0105663000	-0.0311145000	0.0055423900	0.0071585700	0.0239655000	-0.0066910200	-0.0382652000	-0.0010485000	0.0075313900	0.0043755200	0.0210337000	-0.0391924000	-0.0118212000
102	ALP533.HO	Italian_North	Italian_North	Torino (Piedmont, Turin)	Pass	-0.0802341000	0.0060782100	-0.0090657500	-0.0241895000	0.0098073700	0.0022177100	0.0029666400	0.0149047000	-0.0245477000	0.0236570000	-0.0259646000	0.0295230000	-0.0210182000	-0.0347485000	0.0009696260	0.0174162000	0.0421702000	-0.0298668000	-0.0021299800	0.0020233200
103	ALP603.HO	Italian_North	Italian_North	Vernate (Lombardy, Milan)	Pass	-0.0760180000	0.0070925000	-0.0118459000	-0.0121724000	0.0091137200	0.0032711700	0.0097588100	0.0068273400	-0.0227398000	0.0074801700	-0.0166581000	0.0104359000	-0.0030880900	0.0217143000	-0.0170554000	0.0102663000	-0.0079090000	0.0229090000	-0.0147974000	0.0195347000
104	ALP67.HO	Italian_North	Italian_North	Borgo Val di Taro (Emilia-Romagna, Parma)	Pass	-0.0830403000	-0.0066944000	-0.0084726700	-0.0345134000	0.0083682700	-0.0081772100	0.0238362000	0.0281269000	-0.0092071600	0.0405842000	0.0180837000	0.0008288780	0.0403876000	-0.0152185000	0.0037062700	-0.0042996000	0.0119623000	-0.0182727000	-0.0428400000	0.0113193000
105	ALP68.HO	Italian_North	Italian_North	Alessandria (Piedmont, Alessandria)	Pass	-0.0806048000	0.0083570500	-0.0069539300	-0.0160617000	0.0254494000	-0.0248700000	-0.0056110300	0.0251352000	-0.0111658000	-0.0144350000	-0.0180185000	0.0174360000	0.0129916000	-0.0332782000	-0.0124255000	0.0028855700	0.0114425000	-0.0112994000	-0.0311417000	0.0130812000
106	ALP73.HO	Italian_North	Italian_North	Cuneo (Piedmont, Cuneo)	Pass	-0.0885138000	-0.0056453400	-0.0020366300	-0.0393871000	-0.0016437100	-0.0046828400	0.0111746000	0.0155907000	-0.0514947000	0.0207900000	0.0048830300	0.0329402000	-0.0082318600	0.0011056400	-0.0299210000	-0.0069825100	0.0059046700	0.0192518000	-0.0268311000	0.0429438000
107	ALP76.HO	Italian_North	Italian_North	Bergamo (Lombardy, Bergamo)	Pass	-0.0759674000	-0.0030794700	0.0110351000	-0.0123464000	0.0194947000	-0.0117879000	0.0167892000	0.0190170000	-0.0159952000	0.0277122000	-0.0173182000	-0.0116463000	-0.0048734600	-0.0090573800	0.0015498500	-0.0102933000	0.0196117000	0.0149552000	-0.0123854000	0.0233846000
108	Nei18.HO	Italian_North	Italian_North	Taio (Trentino-Alto Adige, Trento)	Pass	-0.0918806000	-0.0057325500	-0.0057681700	-0.0172835000	0.0120348000	-0.0363429000	0.0049358000	0.0263308000	-0.0313025000	0.0206513000	-0.0106541000	0.0441694000	-0.0288831000	-0.0346691000	-0.0085706000	-0.0004757930	0.0103510000	-0.0051748500	0.0020432100	0.0416692000
109	Nei27.HO	Italian_North	Italian_North	Nogarè (Trentino-Alto Adige, Trento)	Pass	-0.0944455000	-0.0014125300	0.0038411700	-0.0372980000	0.0221266000	-0.0067723200	0.0113328000	-0.0019262600	-0.0397855000	0.0161775000	0.0375098000	0.0401118000	-0.0102027000	0.0113605000	0.0085222800	-0.0185426000	0.0044859400	-0.0146389000	-0.0163332000	0.0093749000
110	ALP129.HO	Italian_South	Italian_South	Reggio Calabria (Calabria, Reggio Calabria)	Pass	-0.0256555000	-0.0034977600	-0.0094678800	0.0033542900	0.0001337700	-0.0121405000	0.0102311000	-0.0111040000	0.0286371000	-0.0284351000	0.0096414100	-0.0066635500	0.0269194000	0.0051891200	0.0452859000	0.0141413000	0.0086267000	0.0164852000	0.0081859700	0.0019689700
111	ALP374.HO	Italian_South	Italian_South	Benevento (Campania, Benevento)	Pass	-0.0422382000	0.0010222400	-0.0144138000	-0.0062645900	0.0256481000	-0.0031150000	0.0201406000	0.0203314000	-0.0109557000	0.0100296000	0.0213985000	0.0112903000	-0.0184557000	-0.0012405500	0.0290830000	-0.0148071000	-0.0118706000	-0.0190197000	-0.0109935000	-0.0291329000
112	ALP597.HO	Italian_South	Italian_South	Cetraro (Calabria, of Cosenza Province)	Pass	-0.0289458000	-0.0002696060	0.0052203800	-0.0064861800	-0.0063398700	0.0204710000	-0.0040136800	-0.0120256000	0.0088012700	0.0069099600	-0.0055135000	-0.0139329000	0.0125670000	0.0167546000	-0.0128626000	0.0022912400	-0.0016817100	0.0082489100	0.0023870300	-0.0116169000
113	BEL57.HO	Italian_South	Italian_South	Belvedere (Cosenza)	Pass	-0.0414010000	0.0081003100	-0.0131225000	-0.0101453000	0.0253481000	0.0313643000	-0.0071915900	-0.0053673100	0.0044100800	0.0172652000	-0.0013793000	0.0169955000	0.0097019600	-0.0401083000	-0.0034855400	-0.0088816900	0.0044207700	-0.0333698000	-0.0362645000	0.0131737000
114	ITS2.HO	Italian_South	Italian_South	Naples, modern 1	Pass	-0.0852494000	0.0050287300	0.6317520000	0.2776050000	0.0086307700	-0.0212951000	0.0172763000	0.0231644000	-0.0060077800	-0.0110445000	-0.0116453000	-0.0007740080	-0.0026894700	0.0184026000	-0.0032750900	-0.0026809800	0.0055699800	0.0171169000	-0.0027320700	0.0054498500
115	ITS4.HO	Italian_South	Italian_South	Naples, modern 2	Pass	-0.0346215000	-0.0060937200	0.0041659700	0.0114628000	0.0074943600	-0.0114309000	-0.0069674900	0.0011093000	-0.0273031000	-0.0072129100	0.0351936000	0.0053472100	-0.0005579720	0.0219437000	-0.0016753800	0.0368303000	0.0074119800	0.0047521100	-0.0012614500	-0.0264365000
116	ITS5.HO	Italian_South	Italian_South	Salerno	Pass	-0.0865522000	0.0093902400	0.6312430000	0.2772430000	0.0173047000	-0.0187222000	0.0177156000	0.0186927000	-0.0085654700	-0.0071561000	-0.0113239000	0.0038489600	-0.0063615700	0.0169092000	-0.0092034100	-0.0002336920	0.0009960000	0.0144440000	0.0024484400	0.0035399600
117	ITS7.HO	Italian_South	Italian_South	Crispiano	Pass	-0.0366062000	0.0017998700	-0.0159668000	-0.0056410900	0.0234380000	-0.0274973000	0.0074218700	-0.0152589000	0.0002849140	0.0068867100	0.0165017000	-0.0310739000	0.0245347000	0.0124880000	-0.0024812700	0.0410352000	-0.0027796300	0.0320294000	0.0231267000	-0.0587961000
118	NaN129RT.HO	Italian_South	Italian_South	Portici (Campania, Naples)	Pass	-0.0474056000	0.0029604200	-0.0228157000	0.0052994300	-0.0025910200	0.0174322000	0.0151379000	0.0003122860	-0.0034377400	0.0221062000	0.0023409900	0.0050667100	0.0172861000	-0.0034793200	-0.0056696400	-0.0030132400	-0.0089007500	0.0113138000	0.0456957000	-0.0083237100
119	PG2012_398.HO	Italian_South	Italian_South	Lamezia Terme (Calabria, Catanzaro)	Pass	-0.0255627000	0.0043149200	-0.0192717000	0.0087306200	0.0106877000	-0.0050685800	-0.0147787000	-0.0202333000	-0.0393190000	-0.0287901000	-0.0356571000	-0.0105270000	-0.0294548000	-0.0000158283	0.0045968100	-0.0234499000	-0.0129542000	-0.0262657000	-0.0288055000	0.0030488100
120	PG2012_424.HO	Italian_South	Italian_South	Amendolara (Calabria, Cosenza)	Pass	-0.0416151000	0.0106304000	-0.0137489000	-0.0162915000	-0.0173253000	0.0046423400	-0.0012228700	0.0155817000	-0.0076053700	-0.0336970000	-0.0256639000	-0.0319079000	0.0017459700	0.0014319400	0.0241529000	-0.0263975000	0.0152479000	-0.0010513800	-0.0091248300	-0.0128129000
121	PG2012_699.HO	Italian_South	Italian_South	Mileto (Calabria, Vibo Valentia)	Pass	-0.0253990000	0.0057542400	-0.0060384200	-0.0083379800	0.0083672700	-0.0091635200	0.0015913500	-0.0055733500	-0.0031510500	0.0345696000	-0.0647225000	0.0548645000	0.0304439000	0.0279546000	0.0178232000	0.0182557000	-0.0327740000	0.0121347000	-0.0292118000	0.0242827000
122	PuG12.HO	Italian_South	Italian_South	Soleto (Apulia, Lecce)	Pass	-0.0446004000	0.0038506700	0.0056881500	-0.0126906000	-0.0137990000	-0.0174171000	-0.0084121200	0.0092463900	0.0059651400	0.0015426800	-0.0300823000	-0.0074968300	-0.0021503900	-0.0274269000	0.0231361000	0.0205823000	-0.0184998000	0.0029687900	0.0337362000	-0.0094177900
123	PuG17.HO	Italian_South	Italian_South	Soleto (Apulia, Lecce)	Pass	-0.0702801000	0.0061955200	-0.0123767000	0.0166531000	-0.6866600000	-0.0638281000	0.0249618000	0.0010802000	-0.0278040000	-0.0019683800	0.0026211500	-0.0181569000	0.0118693000	0.0087781400	0.0397199000	-0.0066026100	-0.0049514500	0.0291013000	-0.0131016000	-0.0027279000
124	PuG20.HO	Italian_South	Italian_South	Calimera (Apulia, Lecce)	Pass	-0.0541802000	-0.0009964200	-0.0119668000	0.0181531000	-0.6836010000	-0.0656543000	0.0333259000	0.0095381300	-0.0159878000	-0.0029488200	-0.0132299000	-0.0141810000	0.0147994000	0.0100576000	0.0245442000	-0.0076899600	-0.0160686000	0.0118102000	-0.0086722200	-0.0012281300
125	PuG28.HO	Italian_South	Italian_South	Martano (Apulia, Lecce)	Pass	-0.0457148000	-0.0043860100	0.0096996900	0.0091040700	0.0162641000	-0.0007933490	-0.0035597300	-0.0053966700	-0.0230423000	-0.0228143000	0.0091839700	0.0015327600	-0.0221542000	-0.0426620000	0.0133025000	-0.0316554000	0.0168553000	-0.0188632000	0.0105477000	-0.0006633490
126	PuG33.HO	Italian_South	Italian_South	Sternatia (Apulia, Lecce)	Pass	-0.0430736000	0.0058877200	-0.0108711000	0.0024147300	0.0108732000	-0.0222804000	-0.0099981400	0.0006321680	-0.0303798000	-0.0216226000	0.0055219700	-0.0140044000	-0.0037080300	0.0262233000	-0.0303545000	0.0066303100	0.0414196000	-0.0170262000	-0.0035277400	0.0173281000
127	PuG37.HO	Italian_South	Italian_South	Soleto (Apulia, Lecce)	Pass	-0.0420085000	0.0144066000	-0.0189067000	-0.0170120000	0.0178325000	0.0189520000	0.0145869000	-0.0164557000	0.0090627800	-0.0288087000	-0.0187949000	-0.0238730000	0.0311997000	0.0272432000	0.0037937400	-0.0015710800	0.0198987000	-0.0280029000	-0.0337450000	-0.0149031000
128	PuG46.HO	Italian_South	Italian_South	Martano (Apulia, Lecce)	Pass	-0.0480313000	-0.0014758700	-0.0153934000	-0.0115506000	0.0083954700	-0.0022128200	0.0014893700	-0.0013449800	-0.0315068000	-0.0135650000	0.0277243000	-0.0256660000	0.0243632000	0.0063168500	-0.0201084000	-0.0081895500	-0.0137300000	-0.0072989700	-0.0103184000	0.0391788000
129	PuG58.HO	Italian_South	Italian_South	Martano (Apulia, Lecce)	Pass	-0.0453529000	0.0143032000	-0.0165802000	-0.0225579000	0.0050430600	0.0042549600	0.0088010300	0.0247871000	0.0068540800	0.0023992300	-0.0236121000	0.0118311000	-0.0022720400	0.0064977200	-0.0221583000	-0.0091096100	-0.0185831000	0.0058544300	0.0343392000	-0.0018459500
130	PuG66.HO	Italian_South	Italian_South	Zollino (Apulia, Lecce)	Pass	-0.0459695000	0.0013436700	-0.0325684000	-0.0042343300	0.0001426530	0.0102092000	0.0042805800	0.0232491000	-0.0209036000	0.0000192194	0.0064908600	-0.0021639000	0.0332378000	-0.0188757000	-0.0080009900	-0.0013288500	0.0493861000	0.0219016000	-0.0202301000	0.0109262000
131	PuG74.HO	Italian_South	Italian_South	Zollino (Apulia, Lecce)	Pass	-0.0515959000	0.0028505800	-0.0005370700	0.0012686600	0.0182692000	0.0177267000	0.0102843000	0.0414737000	0.0137658000	-0.0100781000	0.0199567000	0.0120847000	0.0127685000	0.0097329600	0.0082865000	-0.0049191000	0.0204599000	-0.0008731840	-0.0449530000	-0.0130636000
132	HGDP01161.HO	Italian_Tuscan	Italian_North	Italy, modern 3	Pass	-0.0703971000	0.0026835100	-0.0088772600	-0.0173691000	0.0132578000	-0.0126127000	-0.0100405000	0.0181471000	-0.0114318000	0.0110655000	0.0015336500	-0.0176583000	-0.0234895000	-0.0062263700	-0.0176760000	0.0134854000	-0.0169339000	0.0061188300	-0.0186899000	-0.0130866000
133	HGDP01162.HO	Italian_Tuscan	Italian_North	Italy, modern 3	Pass	-0.0819394000	0.0124921000	-0.0119048000	-0.0225450000	0.0405201000	0.0145124000	-0.0022179000	0.0185112000	-0.0252389000	0.0132166000	-0.0149855000	-0.0024191000	-0.0208918000	-0.0161007000	-0.0123395000	-0.0359413000	-0.0321698000	0.0037748100	-0.0138622000	-0.0123614000
134	HGDP01164.HO	Italian_Tuscan	Italian_North	Italy, modern 3	Pass	-0.0677401000	0.0082867300	-0.0128643000	-0.0381034000	0.0122940000	0.0091266300	-0.0087705000	0.0146380000	-0.0161747000	0.0141723000	0.0089865100	0.0240833000	-0.0122075000	0.0144564000	-0.0095453200	-0.0334006000	-0.0286416000	-0.0325007000	-0.0074196500	0.0202856000
135	HGDP01166.HO	Italian_Tuscan	Italian_North	Italy, modern 3	Pass	-0.0732561000	-0.0016551800	0.0022555000	-0.0333631000	0.0132245000	0.0044031100	-0.0075459000	-0.0217831000	0.0205526000	0.0035093300	-0.0338900000	0.0091700200	-0.0075334500	0.0164113000	-0.0215577000	0.0134018000	0.0000580850	0.0097009300	0.0130168000	-0.0245853000
136	HGDP01167.HO	Italian_Tuscan	Italian_North	Italy, modern 3	Pass	-0.0665716000	0.0073056800	-0.0040213100	-0.0287265000	0.0195114000	-0.0165386000	-0.0222074000	-0.0139992000	-0.0219056000	0.0076582800	-0.0291649000	0.0011546100	0.0007500780	0.0025563000	-0.0113605000	-0.0098788200	-0.0096387700	0.0094950600	-0.0319434000	-0.0239647000
137	HGDP01169.HO	Italian_Tuscan	Italian_North	Italy, modern 3	Pass	-0.0621468000	0.0039416200	-0.0217466000	-0.0311216000	0.0053571600	-0.0158951000	-0.0024705400	0.0030871800	-0.0094180100	-0.0164797000	-0.0116248000	0.0178415000	0.0033968800	-0.0298172000	-0.0179771000	-0.0134985000	-0.0315825000	-0.0024237400	0.0094243500	0.0023695900
138	AshkenaziJew5704.HO	Jew_Ashkenazi	Jew_Ashkenazi	Poland, modern	Pass	-0.0321192000	0.0116441000	-0.0037299000	-0.0017418100	-0.0017466600	0.0047163000	-0.0006417660	-0.0309256000	-0.0220414000	0.0215955000	0.0169802000	-0.0171928000	-0.0263993000	0.0055074200	-0.0354956000	-0.0304895000	-0.0086079900	0.0205761000	0.0636063000	-0.1416270000
139	AshkenaziJew5728.HO	Jew_Ashkenazi	Jew_Ashkenazi	Poland, modern	Pass	-0.0322488000	0.0169503000	0.0025774700	0.0188964000	-0.0023442400	-0.0029323500	-0.0204633000	-0.0164870000	0.0370099000	0.0162744000	0.0258662000	-0.0217831000	0.0172000000	-0.0307602000	-0.0293522000	-0.0069263500	0.0362608000	-0.0108801000	0.0415183000	-0.0143388000
140	AshkenaziJew5779.HO	Jew_Ashkenazi	Jew_Ashkenazi	Poland, modern	Pass	-0.0210076000	0.0118385000	-0.0148182000	-0.0055626000	-0.0046519000	0.0179348000	0.0135132000	-0.0171468000	0.0014380300	0.0085326800	-0.0173639000	-0.0327308000	-0.0262188000	-0.0023292300	-0.0279284000	-0.0038600800	0.0110707000	0.0111610000	0.0747019000	-0.0883418000
141	AshkenaziJew5782.HO	Jew_Ashkenazi	Jew_Ashkenazi	Poland, modern	Pass	-0.0421431000	0.0115895000	-0.0149797000	0.0255861000	0.0100834000	-0.0040827100	0.0077244100	0.0072045900	-0.0081058400	-0.0118892000	0.0014001200	-0.0230636000	-0.0497324000	-0.0164397000	-0.0452254000	-0.0151664000	0.0050091700	0.0000809208	0.0363883000	-0.0517223000
142	AshkenaziJew5783.HO	Jew_Ashkenazi	Jew_Ashkenazi	Poland, modern	Pass	-0.0229602000	0.0235959000	-0.0141353000	0.0128381000	-0.0075956300	0.0082316500	-0.0049756400	-0.0470301000	-0.0145131000	0.0238957000	-0.0107017000	-0.0438188000	-0.0066054600	-0.0407219000	0.0071593300	-0.0302101000	0.0761775000	0.0192988000	0.0445731000	-0.0528143000
143	AshkenaziJew5788.HO	Jew_Ashkenazi	Jew_Ashkenazi	Poland, modern	Pass	-0.0354361000	0.0114247000	-0.0011419900	0.0130509000	-0.0108750000	-0.0040376800	0.0105434000	-0.0246226000	-0.0055465800	0.0143819000	0.0369241000	-0.0256170000	-0.0065430200	0.0107686000	-0.0500663000	-0.0472234000	0.0666158000	-0.0158665000	0.0471057000	-0.1026290000
144	AshkenaziJew5790.HO	Jew_Ashkenazi	Jew_Ashkenazi	Poland, modern	Pass	-0.0323909000	0.0163143000	-0.0251518000	0.0151046000	0.0220642000	0.0024050700	-0.0175380000	-0.0333468000	0.0110363000	0.0044914400	0.0211962000	-0.0274726000	0.0498490000	-0.0393091000	-0.0127276000	-0.0333738000	0.0232023000	0.0090296000	0.0697881000	-0.0875555000
145	IraqiJew1417.HO	Jew_Iraqi	Jew_Iraqi	Iraq, modern 1	Pass	0.0259737000	0.0177875000	-0.0165974000	0.0437864000	0.0005086450	0.0139834000	0.0030270500	-0.0096634600	0.0489301000	-0.0566040000	0.0258385000	-0.0963196000	0.0124432000	0.0584708000	0.0326939000	-0.0583214000	0.0084844700	-0.0521449000	0.0702737000	0.0145765000
146	IraqiJew1430.HO	Jew_Iraqi	Jew_Iraqi	Iraq, modern 1	Pass	0.0231018000	0.0161689000	-0.0369200000	0.0264659000	0.0049442800	0.0195372000	0.0152627000	-0.0241571000	0.0315792000	-0.0346506000	-0.0014252700	-0.0755973000	-0.0471282000	0.0730560000	-0.0053086300	-0.0410499000	-0.0437348000	-0.1118970000	0.0797667000	0.0272961000
147	IraqiJew1771.HO	Jew_Iraqi	Jew_Iraqi	Iraq, modern 1	Pass	0.0204736000	0.0082475800	-0.0262044000	0.0309374000	0.0107510000	0.0159941000	0.0210399000	-0.0021807900	0.0154241000	-0.0225027000	0.0003593900	-0.0893418000	0.0288240000	0.0452837000	-0.0003833750	-0.0228120000	-0.0117238000	-0.0135320000	0.0526435000	0.0022760300
148	IraqiJew4061.HO	Jew_Iraqi	Jew_Iraqi	Iraq, modern 1	Pass	0.0259181000	0.0094948100	-0.0267099000	0.0289905000	0.0104805000	0.0053421900	0.0008086070	-0.0444869000	0.0316429000	-0.0265358000	-0.0026225700	-0.0884281000	-0.0030510600	0.0666096000	-0.0233394000	-0.0125248000	-0.0197886000	-0.0767583000	0.0698186000	0.0151044000
149	IraqiJew4241.HO	Jew_Iraqi	Jew_Iraqi	Iraq, modern 1	Pass	0.0271171000	0.0097186800	-0.0419921000	0.0336432000	-0.0016688000	-0.0149924000	0.0145828000	-0.0350305000	0.0128949000	-0.0550285000	0.0055128500	-0.1076530000	-0.0005731520	0.0484992000	0.0100432000	-0.0609592000	0.0024019500	-0.0089387100	0.0576234000	0.0100847000
150	IraqiJew4291.HO	Jew_Iraqi	Jew_Iraqi	Iraq, modern 1	Pass	0.0309953000	0.0070740600	-0.0251114000	0.0522679000	0.0008240460	-0.0023496000	-0.0022962000	-0.0271584000	0.0268319000	-0.0067177500	0.0451063000	-0.0956755000	-0.0457686000	0.0462098000	0.0094964400	-0.0665831000	-0.0503714000	-0.0193332000	0.0545679000	0.0075838000
151	SephardiJewTurkey4950.HO	Jew_Turkish	Jew_Turkish	Turkey, modern	Pass	-0.0218940000	0.0079027500	-0.0147440000	0.0009204440	-0.0060166100	-0.0187925000	0.0111401000	-0.0051984800	0.0190743000	0.0090637400	-0.0275793000	0.0393443000	-0.0198137000	-0.0169074000	-0.0513870000	-0.0112973000	-0.0063100600	-0.0287816000	0.0176444000	-0.0588996000
152	SephardiJewTurkey4953.HO	Jew_Turkish	Jew_Turkish	Turkey, modern	Pass	-0.0040556300	0.0152557000	-0.0433859000	0.0096922700	-0.0070345900	0.0115296000	0.0190713000	-0.0012746700	0.0082203500	-0.0073626900	-0.0229410000	0.0237941000	-0.0027381900	-0.0336190000	0.0096568500	0.0280060000	0.0091079600	0.0461389000	0.0490825000	-0.0072726900
153	SephardiJewTurkey4955.HO	Jew_Turkish	Jew_Turkish	Turkey, modern	Pass	-0.0160110000	0.0127710000	-0.0085550000	0.0055141300	0.0107806000	0.0148917000	-0.0431280000	0.0106487000	0.0272929000	0.0506096000	-0.0328329000	0.0183066000	0.0155301000	-0.0253373000	0.0122819000	0.0190577000	0.0027159500	0.0147277000	0.0171042000	-0.0643708000
154	SephardiJewTurkey5033.HO	Jew_Turkish	Jew_Turkish	Turkey, modern	Pass	-0.0155675000	0.0068175300	-0.0104017000	0.0283914000	0.0057235500	0.0007824930	0.0080088100	0.0281853000	0.0448898000	-0.0195152000	-0.0262974000	0.0217103000	0.0022425600	-0.0355624000	-0.0069972100	-0.0213736000	0.0086030900	0.0133545000	0.0495330000	-0.0632431000
155	SephardiJewTurkey5075.HO	Jew_Turkish	Jew_Turkish	Turkey, modern	Pass	-0.0220341000	0.0115137000	-0.0240909000	0.0229213000	-0.0147448000	0.0024219400	0.0130204000	-0.0318369000	0.0061388500	0.0018550900	0.0225429000	0.0150429000	0.0062676200	0.0393463000	-0.0855696000	-0.0375437000	-0.0334600000	0.0198493000	0.0029090200	-0.0825213000
156	SephardiJewTurkey5832.HO	Jew_Turkish	Jew_Turkish	Turkey, modern	Pass	-0.0083647700	0.0105725000	-0.0143723000	0.0207305000	0.0019836700	0.0006059160	0.0002585010	-0.0165960000	0.0176070000	0.0066634300	0.0025027100	0.0093816700	-0.0068591100	-0.0238103000	-0.0164860000	-0.0383114000	-0.0137334000	0.0056768100	0.0119106000	-0.0748300000
157	SephardiJewTurkey5877.HO	Jew_Turkish	Jew_Turkish	Turkey, modern	Pass	-0.0100878000	0.0085876300	-0.0214811000	0.0168758000	-0.0086136500	-0.0241842000	-0.0330056000	-0.0039523100	0.0225097000	-0.0069453300	-0.0357897000	-0.0028861800	-0.0119472000	0.0168657000	-0.0075131300	-0.0153025000	0.0266783000	-0.0552544000	0.0474099000	-0.0514283000
158	SephardiJewTurkey6077.HO	Jew_Turkish	Jew_Turkish	Turkey, modern	Pass	-0.0091631200	-0.0003659120	-0.0298565000	0.0184193000	0.0189662000	0.0187733000	0.0041410300	-0.0055320600	0.0421411000	0.0069405900	-0.0536614000	0.0128521000	0.0414902000	0.0376382000	-0.0122147000	0.0717980000	-0.0213867000	0.0282343000	0.0251690000	-0.0435503000
159	YemeniteJew4667.HO	Jew_Yemenite	Jew_Yemenite	Yemen, modern 2	Pass	0.1040560000	0.0556005000	-0.1113440000	0.2098100000	0.0112742000	0.0004608270	0.1235840000	0.1252020000	-0.1502310000	0.1187030000	-0.0187938000	0.0213385000	-0.0206335000	-0.0443386000	-0.0258441000	0.0742739000	0.0139093000	0.0101197000	-0.0545660000	0.0610114000
160	YemeniteJew4675.HO	Jew_Yemenite	Jew_Yemenite	Yemen, modern 2	Pass	0.0819961000	0.0475264000	-0.0651754000	0.1541710000	0.0238181000	-0.0019860700	0.1444750000	0.1038080000	-0.0474802000	0.0366062000	-0.0330245000	-0.0129815000	0.0420650000	0.0355258000	0.0279678000	-0.0300488000	0.0106087000	-0.0241365000	-0.0159157000	-0.1390300000
161	YemeniteJew4684.HO	Jew_Yemenite	Jew_Yemenite	Yemen, modern 2	Pass	0.1078490000	0.0436633000	-0.1105220000	0.2508480000	0.0152750000	-0.0122680000	0.2157490000	0.1506290000	-0.1973870000	0.1441570000	0.0279312000	0.0522820000	0.0348415000	-0.0524818000	-0.0139314000	0.1664370000	-0.0129992000	-0.0509050000	-0.0821644000	0.0596620000
162	YemeniteJew4695.HO	Jew_Yemenite	Jew_Yemenite	Yemen, modern 2	Pass	0.1053870000	0.0518810000	-0.1008250000	0.2187540000	0.0222514000	0.0180413000	0.2094620000	0.1455430000	-0.1766400000	0.1301980000	0.0107010000	0.0364563000	0.0060392400	-0.0413036000	-0.0123691000	0.1050010000	0.0269528000	-0.0760063000	-0.0393754000	0.0876971000
163	YemeniteJew4937.HO	Jew_Yemenite	Jew_Yemenite	Yemen, modern 2	Pass	0.1037480000	0.0538427000	-0.0643638000	0.1652480000	0.0270144000	-0.0410084000	0.2027560000	0.0866699000	-0.0840733000	0.0479246000	-0.0467882000	-0.0172268000	-0.0115877000	0.0665189000	0.0856923000	-0.0278253000	0.0108377000	-0.0254132000	0.0223622000	-0.1188150000
164	YemeniteJew4938.HO	Jew_Yemenite	Jew_Yemenite	Yemen, modern 2	Pass	0.0941054000	0.0420293000	-0.0842431000	0.1534220000	0.0166848000	-0.0136352000	0.1172010000	0.0654656000	-0.0534708000	0.0276392000	-0.0134097000	0.0222646000	-0.0042860800	0.0055977500	-0.0284704000	-0.0290399000	0.0335985000	0.0318881000	0.0269255000	-0.0841119000
165	YemeniteJew4960.HO	Jew_Yemenite	Jew_Yemenite	Yemen, modern 2	Pass	0.0860036000	0.0424718000	-0.0578209000	0.1466720000	-0.0030286300	-0.0207987000	0.1025030000	0.0597328000	-0.0443600000	0.0301032000	-0.0082174300	-0.0231619000	-0.0075277700	-0.0289946000	-0.0233660000	0.0170387000	0.0169060000	0.0705607000	-0.0384683000	0.0271324000
166	YemeniteJew5433.HO	Jew_Yemenite	Jew_Yemenite	Yemen, modern 2	Pass	0.1018660000	0.0396872000	-0.0681355000	0.1775190000	-0.0164520000	-0.0232556000	0.1165400000	0.0442135000	-0.0488546000	0.0388678000	-0.0512817000	0.0215646000	-0.0167851000	0.0241470000	-0.0544641000	0.0077944600	0.0395654000	0.0716866000	0.0138864000	-0.0438083000
167	Lebanon1.HO	Lebanese	Lebanese	Lebanon, modern	Pass	0.0201005000	0.0085819100	-0.0102230000	0.0615853000	-0.0071888500	0.0160811000	0.0032766500	-0.0237667000	0.0296420000	-0.0341723000	-0.0056502300	-0.0329782000	-0.0016564900	0.0579113000	-0.0020562200	-0.0268159000	-0.0253878000	0.0493590000	0.0601666000	0.0198344000
168	Lebanon2.HO	Lebanese	Lebanese	Lebanon, modern	Pass	0.0257127000	0.0081286500	-0.0124323000	0.0445715000	0.0187803000	-0.0020736300	0.0036993900	0.0053910300	0.0206779000	-0.0530273000	0.0401335000	0.0391128000	-0.0102758000	0.0204083000	0.0573754000	0.0062142800	-0.0495821000	0.0069580100	-0.0247877000	-0.0560757000
169	Lebanon3.HO	Lebanese	Lebanese	Lebanon, modern	Pass	0.0229039000	0.0233178000	-0.0037196100	0.0497376000	0.0048295000	-0.0042608200	-0.0200518000	-0.0640581000	-0.0011920000	-0.0231333000	0.3465940000	-0.1278350000	-0.0217905000	-0.2663630000	0.0645861000	0.0824555000	-0.7081520000	-0.1125780000	-0.0491804000	0.0484264000
170	Lebanon4.HO	Lebanese	Lebanese	Lebanon, modern	Pass	0.0740111000	0.0378440000	-0.0145368000	0.0919013000	-0.0060903300	0.0086821600	-0.0087023200	-0.0456312000	0.0032326800	-0.0161523000	0.0047310600	-0.0235528000	-0.0361253000	-0.1114190000	0.0794236000	0.0416781000	-0.0444736000	0.2176270000	0.1014860000	0.0310175000
171	Lebanon5.HO	Lebanese	Lebanese	Lebanon, modern	Pass	0.0894184000	0.0266816000	-0.0342658000	0.0698903000	0.0249021000	0.0059445800	-0.0658134000	-0.1074020000	0.1116480000	-0.0739520000	-0.1030890000	0.0711131000	0.0154399000	-0.2635010000	0.2316030000	-0.1118200000	-0.1694330000	0.3229590000	-0.1209200000	-0.2625570000
172	Lebanon6.HO	Lebanese	Lebanese	Lebanon, modern	Pass	0.0232456000	0.0020559400	-0.0122617000	0.0182273000	0.0204639000	-0.0102689000	-0.0214627000	-0.1502850000	0.0413786000	-0.0981354000	0.0686125000	-0.1648660000	-0.4725750000	0.3037720000	0.5116430000	0.3362780000	0.1415290000	0.0060927700	-0.1398130000	-0.0648308000
173	Lebanon7.HO	Lebanese	Lebanese	Lebanon, modern	Pass	0.0281088000	0.0113305000	-0.0029416100	0.0468558000	0.0174389000	0.0074455700	-0.0093273800	0.0029320700	0.0220448000	0.0299119000	-0.0367684000	-0.0380763000	-0.0059665300	-0.0105004000	0.0093072600	-0.0568662000	-0.0272834000	0.0811358000	0.0973970000	-0.0067316200
174	Lebanon8.HO	Lebanese	Lebanese	Lebanon, modern	Pass	0.0097014000	0.0053469000	-0.0187550000	0.0127346000	0.0049469800	-0.0055440800	0.0082547300	-0.0403702000	0.0572359000	-0.0297224000	0.0159294000	-0.0500473000	-0.0115038000	0.0653655000	0.0023665800	-0.0086390300	0.0601310000	-0.0781037000	-0.0317916000	-0.0012393900
175	Lebanese10AR37.HO	Lebanese_Christian	Lebanese_Christian	Beirut	Pass	0.0175867000	0.0232625000	-0.0102554000	0.0331282000	0.0122747000	-0.0050289200	0.0081928400	-0.0230742000	0.0405905000	-0.0024508500	0.0619516000	-0.0780975000	0.0267203000	0.0050457000	-0.0354728000	-0.0194344000	-0.0412308000	-0.0183514000	0.0740434000	0.0276440000
176	Lebanese15AR37.HO	Lebanese_Christian	Lebanese_Christian	Beirut	Pass	0.0182881000	0.0172922000	-0.0197625000	0.0536176000	0.0090637400	-0.0254301000	-0.0205026000	-0.0003497830	0.0046161900	-0.0296907000	0.0353283000	-0.0444176000	-0.0109914000	0.0460154000	0.0052344400	-0.0219416000	-0.0275801000	0.0032098500	0.0923242000	0.0127180000
177	Lebanese1AQ127.HO	Lebanese_Christian	Lebanese_Christian	Beirut	Pass	0.0185073000	0.0162890000	-0.0193612000	0.0384658000	0.0108042000	0.0113508000	0.0007244260	-0.0305650000	0.0237619000	-0.0303429000	0.0433215000	-0.0839468000	-0.0186657000	0.0475869000	0.0402336000	0.0036743600	0.0150328000	-0.0100339000	0.0170683000	0.0051540000
178	Lebanese1AQ170.HO	Lebanese_Christian	Lebanese_Christian	Beirut	Pass	0.0161086000	0.0020289400	-0.0199245000	0.0362708000	0.0099004000	0.0156849000	-0.0068058900	-0.0467809000	0.0263505000	-0.0086918900	0.0410624000	-0.0630897000	-0.0202272000	0.0263522000	-0.0092599100	-0.0216125000	-0.0383615000	-0.0043204400	0.0526790000	-0.0303303000
179	Lebanese22BA23.HO	Lebanese_Christian	Lebanese_Christian	Beirut	Pass	0.0251302000	0.0149007000	-0.0101376000	0.0362866000	0.0043246300	0.0019472000	-0.0209339000	-0.0123185000	0.0415944000	-0.0353657000	0.0406145000	-0.0384516000	-0.0369446000	0.0420721000	-0.0063231700	0.0102832000	-0.0251334000	-0.0060049500	0.0648619000	0.0020926200
180	Lebanese4AQ115.HO	Lebanese_Christian	Lebanese_Christian	Beirut	Pass	0.0233433000	0.0064007800	-0.0169381000	0.0301028000	0.0155053000	0.0111145000	-0.0113498000	-0.0083386700	0.0300420000	-0.0182519000	0.0075967400	-0.0451054000	-0.0365690000	0.0510647000	0.0099221600	-0.0029247000	-0.0456174000	-0.0125463000	0.0213108000	0.0110425000
181	Lebanese6AQ115.HO	Lebanese_Christian	Lebanese_Christian	Beirut	Pass	0.0169066000	0.0083649000	-0.0138245000	0.0277731000	-0.0070337200	0.0038716200	-0.0010344800	-0.0294843000	0.0138349000	-0.0032663900	0.0383471000	-0.0609737000	0.0087977200	0.0230370000	0.0234591000	-0.0406645000	-0.0148066000	-0.0061173100	0.0345400000	0.0102668000
182	Lebanese6AQ170.HO	Lebanese_Christian	Lebanese_Christian	Beirut	Pass	0.0186357000	0.0126250000	-0.0117387000	0.0254051000	-0.0043532200	-0.0026890900	0.0101686000	-0.0069557800	0.0225626000	-0.0405006000	-0.0282935000	-0.0606313000	-0.0490350000	-0.0406801000	0.0038029600	-0.0218663000	0.0006523290	-0.0328899000	-0.0099980600	0.0210469000
183	Lebanese8AS15.HO	Lebanese_Christian	Lebanese_Christian	Beirut	Pass	0.0138724000	0.0161933000	-0.0273336000	0.0415650000	0.0103211000	-0.0025753800	0.0050332300	-0.0174547000	0.0164382000	0.0047818400	0.0228084000	-0.0630389000	0.0190623000	0.0425954000	-0.0153049000	0.0017493300	0.0049503200	-0.0217524000	-0.0016826100	0.0038296200
184	Lebanese10AQ127.HO	Lebanese_Muslim	Lebanese_Muslim	Beirut	Pass	0.0458348000	0.0177288000	-0.0268710000	0.0428142000	0.0017028000	-0.0107823000	-0.0008997400	-0.0276208000	0.0502894000	-0.0154241000	-0.0238250000	-0.0399277000	0.0368473000	-0.0331218000	-0.0140049000	-0.0846096000	0.0413558000	-0.0267253000	-0.0261231000	0.0670908000
185	Lebanese11AS14.HO	Lebanese_Muslim	Lebanese_Muslim	Beirut	Pass	0.0124635000	0.0071614800	-0.0070188000	0.0323407000	-0.0012813600	-0.0078818500	0.0132643000	-0.0075567500	0.0430026000	-0.0396035000	0.0142269000	-0.0243421000	0.0061267400	0.0004300670	0.0055875700	0.0241986000	0.0003523790	0.0488624000	0.0591039000	0.0468136000
186	Lebanese20AR21.HO	Lebanese_Muslim	Lebanese_Muslim	Beirut	Pass	0.0258024000	-0.0015040300	-0.0353839000	0.0687581000	0.0069965900	0.0142133000	-0.0031360700	0.0006024460	0.0204472000	-0.0052452400	-0.0196977000	-0.0995251000	0.0086332000	0.0657451000	-0.0080508300	-0.0953845000	-0.0011138100	0.0058537100	0.0572035000	0.0015308200
187	Lebanese24AR27.HO	Lebanese_Muslim	Lebanese_Muslim	Beirut	Pass	0.0316054000	0.0214932000	-0.0103862000	0.0425113000	0.0248729000	0.0177350000	-0.0313055000	-0.0464851000	0.0141989000	-0.0379077000	-0.0369652000	-0.0070947100	-0.0055884000	-0.0270778000	-0.0202568000	0.0321041000	0.0290418000	-0.0123058000	0.0395828000	0.0506407000
188	Lebanese2AQ121.HO	Lebanese_Muslim	Lebanese_Muslim	Beirut	Pass	0.0318346000	0.0228844000	-0.0248644000	0.0421867000	-0.0035683500	0.0133467000	-0.0091694500	-0.0377322000	0.0652573000	-0.0198879000	-0.0177702000	-0.0253917000	-0.0431678000	0.0036297000	-0.0103892000	-0.0117595000	-0.0849640000	-0.0047637700	0.0037963700	-0.0059049800
189	Lebanese2AQ127.HO	Lebanese_Muslim	Lebanese_Muslim	Beirut	Pass	0.0279080000	0.0214234000	-0.0254814000	0.0319189000	0.0226665000	0.0258287000	-0.0194264000	-0.0301155000	0.0796969000	-0.0041810700	0.0561014000	-0.0408362000	-0.0088387500	-0.0737728000	0.0381846000	-0.0254657000	-0.0093247400	-0.0580330000	-0.0242359000	-0.0302274000
190	Lebanese30AR21.HO	Lebanese_Muslim	Lebanese_Muslim	Beirut	Pass	0.0408298000	0.0200347000	-0.0235327000	0.0285386000	0.0003040250	0.0002371670	-0.0613218000	-0.0466308000	0.0516015000	-0.0772570000	-0.0104925000	-0.0519730000	-0.0222278000	-0.0194290000	0.0129185000	-0.1035000000	-0.0208495000	0.1003050000	-0.0467386000	0.0583223000
191	Lebanese6AS15.HO	Lebanese_Muslim	Lebanese_Muslim	Beirut	Pass	0.0112282000	0.0123778000	-0.0083130500	0.0307979000	-0.0057108500	-0.0053464700	-0.0027414200	0.0089960200	0.0505943000	-0.0429545000	-0.0161375000	-0.0139139000	-0.0279791000	-0.0185428000	-0.0546166000	-0.0201535000	0.0364509000	-0.0301930000	-0.0043877800	-0.0307951000
192	Lebanese7AQ150.HO	Lebanese_Muslim	Lebanese_Muslim	Beirut	Pass	0.0164936000	0.0158572000	-0.0032128900	0.0389725000	0.0090430400	-0.0210480000	-0.0217470000	-0.0480591000	0.0627250000	-0.0183750000	0.0202257000	-0.0071250100	0.0038906700	0.0654155000	0.0353819000	-0.0466973000	-0.0183686000	-0.0150931000	0.0346532000	-0.0325725000
193	Lebanese7AR20.HO	Lebanese_Muslim	Lebanese_Muslim	Beirut	Pass	0.0165577000	0.0150194000	-0.0242159000	0.0231234000	0.0033293000	-0.0040850000	0.0112751000	-0.0183732000	0.0322583000	-0.0307976000	-0.0131535000	-0.0462029000	-0.0656523000	-0.0185202000	-0.0114166000	-0.0155199000	0.0181109000	-0.0020783900	0.0471496000	-0.0717115000
194	Lebanese7AR23.HO	Lebanese_Muslim	Lebanese_Muslim	Beirut	Pass	0.0217926000	0.0082211500	-0.0203543000	0.0646884000	-0.0028713400	0.0011442900	0.0090051100	0.0085228600	0.0454370000	-0.0195095000	0.0222362000	-0.0189351000	-0.0048220500	0.0352683000	0.0132806000	-0.1451320000	0.1011000000	-0.0040942800	0.0657788000	-0.0511313000
195	Malta12AM91.HO	Maltese	Maltese	La Valetta	Pass	-0.0264624000	0.0157012000	-0.0203201000	0.0063445400	0.0065877300	0.0430984000	-0.0274688000	-0.0069311500	-0.0065245500	0.0031433600	-0.0061029300	0.0314224000	0.0464210000	-0.0127041000	0.0062453300	0.0306628000	0.0160847000	0.0128407000	0.0276513000	-0.0226302000
196	Malta15AM91.HO	Maltese	Maltese	La Valetta	Pass	-0.0342873000	0.0060191600	-0.0291161000	0.0110929000	0.0018013000	0.0133031000	-0.0083447400	-0.0342878000	0.0277646000	-0.0143568000	-0.0026505700	0.0201048000	-0.0030721100	-0.0090633900	0.0130694000	0.0384821000	0.0307580000	0.0522354000	-0.0298149000	-0.0371285000
197	Malta16AM91.HO	Maltese	Maltese	La Valetta	Pass	-0.0173175000	0.0005208630	-0.0031572700	0.0054928200	0.0136034000	0.0028018300	-0.0054480200	-0.0124448000	0.0423652000	0.0302899000	-0.0279220000	0.0075608400	0.0098372400	-0.0353700000	0.0136882000	-0.0424477000	-0.0065918000	-0.0390931000	0.0354447000	0.0011625300
198	Malta17AM91.HO	Maltese	Maltese	La Valetta	Pass	-0.0364320000	0.0061991900	-0.0082801900	-0.0039260500	0.0149214000	-0.0110064000	-0.0126247000	0.0126911000	0.0200298000	0.0179859000	0.0210220000	0.0238315000	0.0359975000	-0.0136876000	0.0136636000	0.0036106100	0.0355354000	0.0885794000	-0.0348998000	0.0174904000
199	Malta2AM91.HO	Maltese	Maltese	La Valetta	Pass	-0.0289390000	0.0206695000	-0.0061200100	-0.0064434700	0.0101738000	0.0274310000	0.0009146050	-0.0145346000	0.0329049000	-0.0032144900	-0.0415487000	0.0021452700	0.0195938000	-0.0082525800	-0.0065855100	-0.0031804700	0.0124861000	0.0037143300	-0.0104622000	-0.0460601000
200	Malta4AM91.HO	Maltese	Maltese	La Valetta	Pass	-0.0279780000	0.0149206000	-0.0255176000	0.0068727900	0.0126489000	0.0297393000	-0.0163694000	0.0154802000	0.0098982900	-0.0033002700	0.0032852800	0.0328741000	0.0292280000	-0.0202854000	0.1029360000	-0.0238399000	0.0522990000	0.0686602000	-0.0288477000	-0.0510851000
201	Malta7AM91.HO	Maltese	Maltese	La Valetta	Pass	-0.0328246000	-0.0027097800	-0.0233039000	0.0302767000	0.0145901000	0.0132824000	-0.0115911000	0.0046824700	0.0075532000	0.0388593000	-0.0324741000	0.0411273000	0.0474835000	0.0044798500	0.0277534000	-0.0187022000	0.0314640000	-0.0391993000	-0.0154618000	-0.0013079300
202	Malta8AM91.HO	Maltese	Maltese	La Valetta	Pass	-0.0358703000	0.0150811000	-0.0192945000	0.0084687400	0.0179335000	0.0194766000	-0.0082504700	-0.0067804700	0.0118809000	0.0150591000	-0.0297956000	-0.0223200000	0.0381371000	0.0030652700	0.0402047000	0.0234818000	-0.0079933300	0.0065189500	0.0026915200	-0.0257023000
203	HGDP00675.HO	Palestinian	Palestinian	Israel, modern 1	Pass	0.1177680000	0.1247170000	0.0790067000	-0.1800600000	-0.0096007200	0.0358057000	0.0433967000	-0.0117534000	0.1163580000	0.2977700000	0.1418680000	-0.0313774000	-0.0747983000	0.0435119000	0.0032815100	-0.0625186000	0.0367974000	0.0266702000	-0.0805893000	-0.0192878000
204	HGDP00676.HO	Palestinian	Palestinian	Israel, modern 1	Pass	0.0752639000	0.0781142000	-0.0044692700	-0.0060672100	-0.0011047500	-0.0192390000	-0.0445971000	-0.0349796000	0.0058117900	-0.1177490000	0.0555023000	0.0185683000	0.1310690000	0.0461839000	-0.0774924000	0.0251914000	0.0444926000	-0.0579160000	-0.0836956000	-0.0843420000
205	HGDP00677.HO	Palestinian	Palestinian	Israel, modern 1	Pass	0.1317150000	0.1420870000	0.1030820000	-0.2459750000	-0.0204259000	-0.0006310900	0.1463390000	0.1470930000	0.0276826000	-0.0049135900	-0.0458339000	-0.0063327500	-0.1143320000	-0.0427188000	0.0096330000	-0.0607760000	-0.0270425000	0.0124891000	0.1101120000	0.0277445000
206	HGDP00679.HO	Palestinian	Palestinian	Israel, modern 1	Pass	0.0870317000	0.0895505000	0.0348115000	-0.0806215000	-0.0063879800	0.0024953900	-0.0702824000	-0.0346389000	0.0228059000	0.2071670000	0.0329073000	-0.0534712000	-0.0420378000	0.0206131000	-0.0628803000	0.0406090000	0.0497675000	-0.0542111000	-0.0298349000	0.0182834000
207	HGDP00680.HO	Palestinian	Palestinian	Israel, modern 1	Pass	0.0848859000	0.0503663000	-0.0680766000	0.0771499000	0.0221530000	0.0208623000	-0.0065916500	-0.0140191000	0.0346207000	-0.0756208000	-0.1319550000	0.0411566000	-0.0625411000	-0.0063854400	0.0114994000	-0.1309580000	0.0238780000	0.2992430000	0.0127814000	0.3319000000
208	HGDP00683.HO	Palestinian	Palestinian	Israel, modern 1	Pass	0.0973455000	0.1059730000	0.0341048000	-0.0251307000	0.0125909000	-0.0972737000	0.0158437000	-0.3115280000	-0.3627880000	-0.1648480000	0.0284256000	0.0681774000	0.0765032000	0.0087605600	0.1280590000	-0.2594670000	0.0689840000	-0.2101970000	-0.1837090000	-0.0221231000
209	HGDP00684.HO	Palestinian	Palestinian	Israel, modern 1	Pass	0.0613195000	0.0642897000	-0.0465149000	0.1090030000	-0.0358965000	-0.0078049600	-0.0958587000	-0.0472250000	0.2397460000	0.0148681000	0.0875648000	0.5228100000	-0.1329930000	0.0291704000	0.0354861000	-0.0133637000	-0.0222442000	-0.0671436000	0.0377848000	0.0988819000
210	HGDP00686.HO	Palestinian	Palestinian	Israel, modern 1	Pass	0.0720292000	0.0634711000	-0.0403063000	0.1299180000	-0.0133469000	-0.0691997000	-0.1004690000	-0.0441090000	0.2295760000	0.0205305000	0.0183395000	0.5662840000	-0.1114410000	0.0723122000	0.0325997000	-0.0319631000	-0.0443146000	-0.1658500000	0.0687598000	0.0661252000
211	HGDP00688.HO	Palestinian	Palestinian	Israel, modern 1	Pass	0.0781705000	0.0627197000	-0.0159742000	0.0441651000	-0.0111830000	-0.0464239000	-0.5048270000	0.3621680000	-0.1973600000	-0.0322335000	-0.0254504000	-0.0308103000	-0.0835339000	0.0480107000	0.0356665000	-0.0401389000	-0.0242270000	-0.0442929000	0.0397435000	-0.0098912700
212	HGDP00689.HO	Palestinian	Palestinian	Israel, modern 1	Pass	0.0897307000	0.0838918000	0.0449136000	-0.0763449000	-0.0057405600	0.0182963000	-0.0074326800	0.0184516000	0.1010250000	0.2702910000	0.1621050000	-0.0313601000	-0.0639105000	-0.0117071000	-0.0007169330	-0.1348440000	0.0493448000	0.0315998000	-0.0236760000	-0.0476878000
213	HGDP00690.HO	Palestinian	Palestinian	Israel, modern 1	Pass	0.1010640000	0.1147890000	0.0415342000	-0.0686247000	0.0099688100	-0.0647946000	-0.0628116000	-0.3507800000	-0.3687020000	-0.0321150000	0.0189037000	0.0784621000	0.0037591300	0.0003525120	0.0171595000	-0.1370330000	0.0741350000	-0.0762896000	-0.0471653000	-0.0112766000
214	HGDP00691.HO	Palestinian	Palestinian	Israel, modern 1	Pass	0.0848997000	0.0731965000	0.0341107000	-0.0041787800	0.0176241000	0.0298031000	-0.0537251000	-0.0266701000	0.0912950000	0.0446638000	-0.1299030000	-0.0342392000	0.2545780000	0.0381279000	0.1694950000	-0.0570319000	-0.0288083000	0.0011418400	-0.2911200000	0.1268810000
215	HGDP00694.HO	Palestinian	Palestinian	Israel, modern 1	Pass	0.0951431000	0.0900740000	0.0520846000	-0.0980187000	0.0062346000	-0.0182057000	0.1233780000	0.0847005000	0.0688660000	-0.1157470000	-0.0543566000	0.0157754000	-0.0838447000	-0.0334385000	0.0188398000	-0.0114369000	0.0740294000	-0.0211925000	0.0826274000	-0.0548185000
216	HGDP00696.HO	Palestinian	Palestinian	Israel, modern 1	Pass	0.0986599000	0.0983392000	0.0406223000	-0.1032290000	0.0025758600	-0.0077203500	0.0332112000	0.0456725000	-0.0682532000	-0.2162160000	0.2726570000	0.1302410000	0.1962820000	0.2015340000	-0.1061930000	0.1994000000	0.0454507000	0.1717900000	-0.1143350000	-0.0099364100
217	HGDP00697.HO	Palestinian	Palestinian	Israel, modern 1	Pass	0.1088930000	0.1183240000	0.0708773000	-0.1613350000	-0.0010077900	0.0501664000	0.0322016000	0.1352610000	0.0849165000	-0.0141307000	-0.1194110000	-0.0366731000	0.0622985000	-0.0350748000	-0.0110848000	0.1366810000	-0.0011464400	0.0052358300	0.0426792000	-0.0116650000
218	HGDP00698.HO	Palestinian	Palestinian	Israel, modern 1	Pass	0.0557767000	0.0532348000	-0.0073531100	0.0594938000	-0.0239668000	-0.0087847000	-0.0763070000	0.0038023100	0.1615140000	-0.1442730000	0.1144450000	-0.1264150000	-0.1246090000	-0.5132610000	-0.0089239600	0.0602449000	0.3689570000	-0.0030023400	-0.1937850000	0.3426970000
219	HGDP00699.HO	Palestinian	Palestinian	Israel, modern 1	Pass	0.0697702000	0.0658456000	0.0021514100	0.0134495000	0.0074636400	-0.0331752000	-0.0680037000	-0.1443340000	-0.0999704000	-0.0280697000	0.0120185000	0.0247664000	0.0222036000	-0.0603460000	-0.0785013000	-0.0265632000	-0.0434003000	0.0135223000	-0.0395693000	0.0243159000
220	HGDP00700.HO	Palestinian	Palestinian	Israel, modern 1	Pass	0.0832302000	0.0600906000	-0.0089051900	0.0436647000	-0.0145808000	0.0388956000	-0.1107980000	-0.0669238000	0.1101470000	-0.0987596000	-0.0985993000	-0.0347056000	0.1094640000	-0.1297430000	-0.1598110000	-0.0869931000	0.0929431000	0.2457100000	-0.0024172800	-0.2184700000
221	HGDP00722.HO	Palestinian	Palestinian	Israel, modern 1	Pass	0.0545129000	0.0545210000	-0.0081119300	0.0598090000	0.0242006000	-0.0098063400	-0.0354058000	-0.0682271000	0.1171750000	-0.1308990000	0.0918435000	-0.0686634000	0.1144920000	0.0218131000	-0.1179010000	0.2993390000	-0.0144816000	-0.0709379000	0.0609326000	-0.0406789000
222	HGDP00724.HO	Palestinian	Palestinian	Israel, modern 1	Pass	0.1328470000	0.1387220000	0.0909291000	-0.2424510000	0.0149330000	-0.0304002000	0.2493000000	0.2139970000	-0.0430966000	-0.3552840000	-0.0502029000	0.0614746000	-0.0751750000	-0.0738872000	0.1086180000	-0.1000480000	-0.0821630000	-0.0549437000	0.0801982000	0.0248756000
223	HGDP00725.HO	Palestinian	Palestinian	Israel, modern 1	Pass	0.1136560000	0.1162630000	0.0859859000	-0.1879330000	-0.0139084000	-0.0287919000	0.1646000000	0.1285980000	-0.0284869000	-0.2295500000	-0.0278777000	0.0397647000	-0.0616784000	-0.0107878000	0.0522886000	-0.1026860000	-0.0673869000	-0.0494730000	0.1048860000	0.0174295000
224	HGDP00726.HO	Palestinian	Palestinian	Israel, modern 1	Pass	0.0965510000	0.0856725000	0.0342476000	-0.0482147000	-0.0194349000	0.0286681000	-0.0475794000	-0.0531933000	0.0625370000	0.1538930000	-0.1825280000	-0.0195842000	0.1784940000	-0.0138346000	0.1818940000	0.1142560000	-0.1725360000	-0.1051260000	-0.1075380000	0.1351790000
225	HGDP00727.HO	Palestinian	Palestinian	Israel, modern 1	Pass	0.0914610000	0.0700098000	-0.0140977000	0.0261931000	-0.0025801600	-0.0656509000	-0.5053270000	0.3785560000	-0.1858280000	-0.0128109000	-0.0271537000	-0.0495143000	-0.0199256000	0.0760771000	0.0568891000	-0.0550573000	-0.0228630000	-0.0388514000	-0.0097472500	-0.0307930000
226	HGDP00729.HO	Palestinian	Palestinian	Israel, modern 1	Pass	0.0971473000	0.0880245000	0.0206437000	-0.0400777000	0.0152427000	0.0121933000	-0.0326499000	0.0199898000	0.0054705000	0.0160157000	-0.0127285000	-0.0141167000	0.2465600000	0.0962840000	0.0762666000	0.0311022000	0.0002960310	0.1755070000	-0.1972270000	0.1585020000
227	HGDP00730.HO	Palestinian	Palestinian	Israel, modern 1	Pass	0.0784874000	0.0688567000	0.0202582000	-0.0772977000	-0.0131527000	-0.0186523000	0.0276887000	0.0160031000	-0.0299809000	-0.1182530000	0.2534220000	0.0950618000	0.1627860000	0.2023640000	-0.1130820000	0.1636620000	0.0645760000	0.1562820000	-0.1008990000	-0.0011057900
228	HGDP00732.HO	Palestinian	Palestinian	Israel, modern 1	Pass	0.1256340000	0.1339110000	0.0956950000	-0.1821280000	-0.0270822000	0.0044288100	-0.0118924000	-0.0853810000	-0.1427190000	0.1046690000	-0.1226090000	0.0410846000	-0.1042700000	-0.0910813000	-0.0993891000	0.1738010000	-0.0497566000	0.0845446000	0.2067490000	0.0841030000
229	HGDP00733.HO	Palestinian	Palestinian	Israel, modern 1	Pass	0.1065550000	0.1156740000	0.0875055000	-0.1614780000	-0.0073192300	0.0340309000	0.0229639000	0.0542559000	0.1168160000	0.0584310000	-0.2501490000	-0.0407838000	0.0502133000	-0.0014673600	0.0134241000	0.1484840000	0.0041847700	-0.1087910000	0.0235063000	-0.0420505000
230	HGDP00734.HO	Palestinian	Palestinian	Israel, modern 1	Pass	0.0797320000	0.0691560000	0.0084569200	0.0223960000	0.0034826900	0.0302656000	-0.0960550000	-0.0905509000	-0.0630913000	0.0746030000	0.0232602000	-0.0605657000	-0.1200730000	-0.0836601000	-0.0525513000	0.1312770000	0.0695887000	0.0162567000	0.0902984000	-0.0060803700
231	HGDP00735.HO	Palestinian	Palestinian	Israel, modern 1	Pass	0.0913229000	0.0963855000	0.0350612000	-0.0615584000	-0.0089750800	-0.0280278000	-0.1243350000	-0.2856440000	-0.2621620000	0.1246170000	-0.0782187000	0.0746862000	-0.1472410000	-0.0787023000	-0.1887030000	0.2091620000	-0.0283092000	0.1653290000	0.2182200000	0.0595707000
232	HGDP00736.HO	Palestinian	Palestinian	Israel, modern 1	Pass	0.0539497000	0.0440305000	-0.0159152000	0.0372566000	0.0065788700	0.0003476350	-0.0511575000	0.0138488000	0.0533265000	-0.1179430000	-0.0138950000	-0.0010346200	0.0461282000	-0.0091763500	-0.0616466000	0.0883737000	-0.0225953000	-0.0890125000	-0.0549024000	-0.0234270000
233	HGDP00737.HO	Palestinian	Palestinian	Israel, modern 1	Pass	0.1185290000	0.1266560000	0.0827566000	-0.1420300000	-0.0183244000	0.0263269000	0.0275565000	0.0202647000	0.1044570000	0.3483720000	0.1791840000	-0.0585585000	-0.0209968000	0.0375408000	-0.0152655000	-0.1437270000	0.0178701000	0.0110452000	-0.0926706000	-0.0736071000
234	HGDP00739.HO	Palestinian	Palestinian	Israel, modern 1	Pass	0.0841988000	0.0764309000	0.0008923270	0.0250014000	-0.0246307000	-0.0198047000	-0.0582861000	-0.1404400000	0.1111330000	0.0767750000	-0.4053710000	-0.0153211000	0.2027110000	0.0252526000	0.0496510000	0.1570310000	-0.0158779000	-0.2720300000	-0.0418056000	-0.0978488000
235	HGDP00740.HO	Palestinian	Palestinian	Israel, modern 1	Pass	0.0933910000	0.0904601000	0.0544289000	-0.0771795000	-0.0116264000	0.0094678900	-0.0136397000	0.0419348000	0.0448229000	0.1959620000	0.2165680000	-0.0222110000	-0.0516335000	0.0653524000	-0.0306332000	-0.1400250000	0.0548022000	0.0326121000	-0.0890646000	-0.0826249000
236	HGDP00745.HO	Palestinian	Palestinian	Israel, modern 1	Pass	0.0649483000	0.0460575000	-0.0017793600	0.0291572000	-0.0473836000	-0.0307408000	-0.0962678000	0.0133414000	0.1278700000	-0.1604530000	0.1301080000	-0.0252881000	0.0300411000	-0.0901985000	-0.2985010000	0.1545480000	0.0544332000	-0.1893290000	-0.1057610000	-0.2589060000
237	SR23.HO	Sicilian	Sicilian	Siracusa	Pass	-0.0416142000	0.0076245900	-0.0164088000	-0.0156985000	0.0317221000	0.0076961900	0.0071435800	0.0285465000	0.0043769300	-0.0218240000	-0.0120193000	-0.0034130400	0.0090494000	0.0238261000	-0.0053888700	0.0419570000	0.0073038900	0.0283991000	0.0066374300	0.0414362000
238	SR44.HO	Sicilian	Sicilian	Siracusa	Pass	-0.0396197000	0.0111816000	-0.0060904600	0.0109943000	0.0241958000	0.0067118500	-0.0043495700	0.0172986000	0.0122130000	-0.0025084500	-0.0329814000	0.0220046000	0.0018151800	0.0027808400	0.0216951000	-0.0312170000	0.0340514000	0.0206442000	0.0022798800	0.0028111800
239	SR48R.HO	Sicilian	Sicilian	Siracusa	Pass	-0.0466154000	0.0109251000	-0.0034086800	0.0193690000	-0.0071148600	-0.0112959000	0.0100801000	-0.0051537900	0.0113070000	-0.0329652000	0.0215578000	0.0355469000	0.0178906000	0.0318232000	0.0031582500	-0.0291397000	0.0136858000	0.0252117000	0.0108259000	-0.0191833000
240	SR60.HO	Sicilian	Sicilian	Siracusa	Pass	-0.0360878000	-0.0021149900	-0.0164963000	0.0171196000	0.0194862000	0.0010202600	0.0136790000	0.0021574300	0.0438196000	0.0065718700	-0.0090255900	0.0599219000	-0.0022642800	-0.0229794000	0.0008900140	-0.0108509000	-0.0453099000	0.0469188000	-0.0161855000	-0.0796905000
241	SR64.HO	Sicilian	Sicilian	Siracusa	Pass	-0.0353368000	0.0128831000	0.0127075000	-0.0027629700	0.0118994000	0.0076214500	0.0034075800	0.0133357000	-0.0227060000	-0.0033513700	0.0290654000	-0.0003689560	-0.0013468000	-0.0102686000	0.0220285000	-0.0560340000	-0.0259128000	0.0036986000	-0.0220685000	0.0242289000
242	TP04.HO	Sicilian	Sicilian	Trapani	Pass	-0.0505999000	0.0088197300	-0.0166108000	-0.0052715400	0.0074632400	-0.0388991000	0.0106709000	0.0043663900	-0.0170568000	0.0045392000	0.0012883800	0.0134737000	0.0031488200	-0.0249353000	0.0032669400	0.0061126500	-0.0157804000	-0.0489062000	-0.0025968600	-0.0110470000
243	TP05.HO	Sicilian	Sicilian	Trapani	Pass	-0.0373960000	0.0081457700	-0.0125599000	0.0046696100	-0.0058652100	0.0171005000	-0.0203505000	-0.0000118108	0.0024360900	0.0130399000	-0.0305753000	-0.0097518200	0.0275601000	-0.0091597900	0.0870912000	-0.0521138000	0.0030741000	0.0141241000	0.0182331000	0.0149101000
244	TP06.HO	Sicilian	Sicilian	Trapani	Pass	-0.0437945000	0.0047496800	-0.0150773000	-0.0034251200	0.0206628000	0.0056762500	0.0004778250	0.0262864000	-0.0106211000	0.0168691000	0.0288607000	-0.0024479400	0.0085032200	-0.0237725000	-0.0184638000	-0.0236937000	-0.0017077000	-0.0142840000	0.0049928700	-0.0228204000
245	TP07.HO	Sicilian	Sicilian	Trapani	Pass	-0.0337806000	0.0196806000	-0.0109616000	-0.0025820600	0.0102423000	-0.0012141300	-0.0015690700	0.0103304000	-0.0091301300	-0.0083583800	-0.0212676000	0.0303572000	-0.0372249000	0.0338292000	0.0142218000	0.0043542400	0.0320715000	-0.0120971000	0.0041415700	-0.0072206800
246	TP08.HO	Sicilian	Sicilian	Trapani	Pass	-0.0452161000	0.0118359000	-0.0292549000	-0.0099644700	0.0000437855	0.0143078000	0.0024434200	0.0052635600	-0.0503163000	0.0267179000	0.0026845200	-0.0378273000	0.0377225000	0.0075868700	-0.0200099000	0.0228207000	0.0110525000	-0.0351923000	0.0385857000	0.0322574000
247	TP25.HO	Sicilian	Sicilian	Trapani	Pass	-0.0396660000	0.0115388000	-0.0058365700	-0.0004039480	0.0173120000	-0.0148725000	-0.0048967100	-0.0316408000	0.0186958000	0.0106685000	0.0192128000	-0.0128842000	-0.0011463400	-0.0309011000	-0.0044976000	-0.0358264000	0.0128649000	0.0000268728	0.0034002300	-0.0356630000
