IID	Population	RMSD	Aligned_PC1	Aligned_PC2	Aligned_PC3	Aligned_PC4	Aligned_PC5	Aligned_PC6	Aligned_PC7	Aligned_PC8	Aligned_PC9	Aligned_PC10
ALP108.HO	Italian_North	0.0193567673	-0.0467317762	-0.0773492340	0.0404153307	0.0147235155	-0.0135351478	-0.0137577288	0.0163199181	-0.0029486073	0.0049705942	-0.0062526503
ALP129.HO	Italian_South	0.0170590884	-0.0204185656	-0.0262634121	-0.0269852246	-0.0225634281	0.0053445158	0.0003216215	0.0203250636	0.0042807787	-0.0135423331	-0.0153597605
ALP134.HO	Italian_North	0.0194312293	-0.0463014147	-0.0723589412	0.0462324236	0.0069271250	-0.0271663565	-0.0195552292	0.0302524681	0.0155702222	-0.0001994507	-0.0059582324
ALP156.HO	Italian_North	0.0155013743	-0.0338341129	-0.0700125420	0.0334843234	0.0292206107	-0.0132235262	-0.0137233557	0.0323085577	0.0099534344	-0.0216814941	0.0057278713
ALP202.HO	Italian_North	0.0210216613	-0.0451299093	-0.0713444736	0.0501128347	0.0132297734	-0.0269843640	-0.0319604118	0.0073072410	0.0041678485	0.0039298361	-0.0233205609
ALP211.HO	Italian_North	0.0142376881	-0.0353288526	-0.0672974953	0.0124330193	0.0039675912	-0.0194055612	0.0014865107	0.0220040505	0.0264338774	-0.0085514815	-0.0125457604
ALP277.HO	Italian_North	0.0177663638	-0.0432483819	-0.0678551878	0.0480445926	-0.0156603067	-0.0277326027	-0.0112393804	0.0066012758	0.0093913542	-0.0216904224	-0.0332138744
ALP278.HO	Italian_North	0.0181998705	-0.0437354980	-0.0611857605	0.0428065607	0.0087551526	-0.0346207833	-0.0106512866	-0.0130811831	-0.0026555827	-0.0269845167	-0.0060623004
ALP28.HO	Italian_North	0.0186976283	-0.0423328731	-0.0578606523	0.0543219972	0.0150109708	-0.0260345134	-0.0025573870	0.0127736710	0.0040625783	-0.0241244556	-0.0044447891
ALP342.HO	Italian_North	0.0146694752	-0.0268785192	-0.0665965929	0.0291770920	-0.0084252927	-0.0280297533	-0.0092277506	0.0104909162	0.0085901077	-0.0168373527	-0.0348971070
ALP374.HO	Italian_South	0.0140859649	-0.0258465097	-0.0357609227	0.0346012600	-0.0006138148	-0.0187890081	0.0141861456	0.0158781778	0.0056671161	-0.0229044514	-0.0154200181
ALP392.HO	Italian_North	0.0193152727	-0.0425721806	-0.0662508717	0.0307907918	0.0131609137	0.0092925701	-0.0015185766	0.0129061061	-0.0235618843	0.0112128286	-0.0094157936
ALP481.HO	Italian_North	0.0204091886	-0.0511052245	-0.0748456190	0.0470108317	-0.0051169610	-0.0449279860	-0.0101102983	0.0192216725	-0.0085807089	-0.0080863029	-0.0099509413
ALP533.HO	Italian_North	0.0166762941	-0.0402531514	-0.0731560491	0.0483433699	0.0134048317	-0.0177036251	-0.0090727030	0.0088324647	0.0090758660	-0.0111646730	-0.0076217299
ALP597.HO	Italian_South	0.0101319192	-0.0170683568	-0.0325631412	-0.0047395956	0.0132774259	-0.0014277211	-0.0128411297	0.0078388223	0.0023084478	-0.0097984952	0.0172356718
ALP603.HO	Italian_North	0.0144854078	-0.0408420776	-0.0710422120	0.0362434105	-0.0001514149	-0.0114160441	0.0008623590	0.0090801981	0.0017906845	-0.0142895737	-0.0040530567
ALP67.HO	Italian_North	0.0221379247	-0.0426900075	-0.0625033913	0.0612245317	0.0196278335	-0.0153906201	-0.0229948916	0.0322956897	0.0122131137	-0.0247018684	-0.0235414040
ALP68.HO	Italian_North	0.0165292854	-0.0397114344	-0.0740630473	0.0233149187	-0.0181571447	-0.0345683025	-0.0022756930	0.0018642517	0.0140774557	-0.0124064392	-0.0364861623
ALP73.HO	Italian_North	0.0239950921	-0.0529021621	-0.0744740931	0.0724590792	0.0003360306	-0.0157349258	-0.0246125214	0.0050012670	-0.0025059874	0.0012908403	-0.0056462558
ALP76.HO	Italian_North	0.0154035448	-0.0395079794	-0.0597578971	0.0435843235	0.0149638185	-0.0287296434	-0.0136315334	0.0162062364	-0.0110494567	-0.0246136450	-0.0233112127
AshkenaziJew5704.HO	Jew_Ashkenazi	0.0170419037	-0.0187456626	-0.0441314154	0.0140586241	0.0220968456	0.0079869705	0.0068757916	0.0025773728	-0.0189203871	0.0121441009	0.0098575969
AshkenaziJew5728.HO	Jew_Ashkenazi	0.0148515767	-0.0068001662	-0.0436783009	-0.0348340049	0.0330622074	0.0041610420	-0.0028502822	0.0030088914	0.0025736495	-0.0177342293	-0.0136313250
AshkenaziJew5779.HO	Jew_Ashkenazi	0.0106534493	-0.0085777654	-0.0324109294	0.0070016868	0.0076343408	0.0137112925	0.0079708533	0.0175959283	0.0011481191	-0.0066138576	0.0163777513
AshkenaziJew5782.HO	Jew_Ashkenazi	0.0105234413	-0.0254179481	-0.0451637092	0.0043122347	-0.0108593185	-0.0013525354	0.0238554646	-0.0071948062	-0.0049574676	-0.0279729684	-0.0131314650
AshkenaziJew5783.HO	Jew_Ashkenazi	0.0198281394	-0.0101033533	-0.0457738496	-0.0019521632	0.0305696573	0.0251181535	0.0210521826	0.0003407380	-0.0206220242	0.0144908233	0.0144267345
AshkenaziJew5788.HO	Jew_Ashkenazi	0.0129931154	-0.0177068321	-0.0434803255	0.0023708072	0.0141110898	0.0177362839	0.0029221239	0.0061383635	-0.0236164629	-0.0075164696	-0.0024569582
AshkenaziJew5790.HO	Jew_Ashkenazi	0.0175266498	-0.0212628779	-0.0472305786	-0.0236197669	0.0211046619	-0.0000509977	0.0337973609	0.0076107685	0.0045937581	0.0050906537	-0.0028287340
BEL57.HO	Italian_South	0.0144484655	-0.0217740215	-0.0456815626	0.0081381661	0.0247485266	-0.0207633890	0.0134440091	0.0158479934	0.0181758286	-0.0113733920	0.0192201587
CYP19.HO	Cypriot	0.0116959449	-0.0070048971	-0.0112853929	-0.0168821335	-0.0052777475	0.0055599126	0.0181708169	0.0022355257	0.0164094977	-0.0381469336	-0.0076637730
CYP2.HO	Cypriot	0.0133582855	-0.0010721851	-0.0187098449	-0.0055166757	-0.0073254463	0.0196164608	0.0205939610	0.0149394946	-0.0106857896	0.0143774926	-0.0159531958
CYP5.HO	Cypriot	0.0138798888	-0.0026916576	-0.0064458470	-0.0189254540	0.0165506475	0.0161526949	0.0229383403	0.0129966864	0.0173586938	-0.0263183027	-0.0094966643
Cyprus22AJ19.HO	Cypriot	0.0133154171	-0.0127257765	-0.0140791430	-0.0246314354	0.0026262985	0.0051441477	0.0213987030	0.0165250773	-0.0112453236	-0.0168934471	-0.0108196292
Cyprus24AJ19.HO	Cypriot	0.0099342609	-0.0174253048	-0.0188149426	-0.0101638506	0.0248086976	-0.0066974677	0.0015237095	-0.0193624951	-0.0012827482	-0.0066522148	0.0114980387
GREEKGRALPOP10.HO	Greek	0.0106755277	-0.0326476569	-0.0591566517	0.0201736750	-0.0045341963	-0.0219316124	0.0053482944	-0.0011426389	0.0125043015	-0.0197121692	-0.0034797740
GREEKGRALPOP11.HO	Greek	0.0213935390	-0.0420266477	-0.0651195272	0.0185280730	0.0204348343	-0.0137663648	-0.0000881383	0.0184733648	-0.0014432022	0.0218323108	0.0208579446
GREEKGRALPOP12.HO	Greek	0.0153285111	-0.0380287585	-0.0599940095	0.0135159777	0.0076406577	0.0071609570	-0.0153133682	0.0039978302	0.0204623240	-0.0145265020	-0.0028021347
GREEKGRALPOP13.HO	Greek	0.0228492026	-0.0396962422	-0.0736347296	0.0408186550	0.0024595718	-0.0021017879	0.0052100013	0.0063346025	-0.0042138932	0.0202308525	0.0104485961
GREEKGRALPOP14.HO	Greek	0.0190490169	-0.0413552967	-0.0457135760	0.0411712583	-0.0309763228	-0.0218379605	-0.0018511962	-0.0202559198	0.0142037008	-0.0142190576	-0.0039191729
GREEKGRALPOP15.HO	Greek	0.0168434897	-0.0336204676	-0.0624280149	0.0192432545	0.0073803871	-0.0269216519	-0.0223936457	0.0148996044	0.0040052057	0.0118992426	-0.0041482960
GREEKGRALPOP16.HO	Greek	0.0152800456	-0.0236292660	-0.0568557738	0.0208969185	-0.0028348543	-0.0034953575	-0.0239804895	0.0343116137	0.0130651900	-0.0281244474	-0.0060503269
GREEKGRALPOP17.HO	Greek	0.0158578035	-0.0278566427	-0.0549411972	0.0205740561	-0.0060092122	-0.0227261965	-0.0157894236	0.0002870025	0.0320949350	-0.0337190391	-0.0192868918
GREEKGRALPOP18.HO	Greek	0.0121615997	-0.0268769702	-0.0656965810	0.0019377104	-0.0024314844	-0.0181051767	-0.0246448664	0.0246966456	0.0123683627	-0.0184222410	-0.0029573414
GREEKGRALPOP3.HO	Greek	0.0168060905	-0.0297346926	-0.0649443682	0.0418455292	-0.0148003705	-0.0232101198	0.0003725641	0.0253306796	-0.0063160480	-0.0166975462	-0.0174003477
GREEKGRALPOP4.HO	Greek	0.0141727072	-0.0384391188	-0.0444889433	0.0147526649	-0.0086989500	-0.0239446730	-0.0036123437	0.0328880448	-0.0003597992	-0.0146186863	-0.0339658225
GREEKGRALPOP5.HO	Greek	0.0139098505	-0.0434844061	-0.0602241501	0.0248759886	0.0057199597	-0.0043165665	-0.0007781560	0.0195037154	-0.0154051570	-0.0020273191	-0.0088990175
GREEKGRALPOP8.HO	Greek	0.0168917450	-0.0360228298	-0.0580047817	0.0200682030	-0.0226732994	-0.0017136996	-0.0418697523	0.0300280872	0.0093722882	-0.0039799000	-0.0144726251
GREEKGRALPOP9.HO	Greek	0.0175677786	-0.0334490632	-0.0667574669	0.0146306830	-0.0089487692	-0.0198625071	-0.0179717556	0.0352382483	0.0145663066	-0.0069146563	0.0166883259
HGDP00557.HO	Druze	0.0295417260	-0.0738228216	0.1217021649	0.0376330476	-0.0058679513	-0.0377641178	-0.0430990829	-0.0084709760	0.0323955442	-0.0461137573	0.2310493106
HGDP00558.HO	Druze	0.0327144961	-0.1059329104	0.1640376176	0.0649837969	-0.0072883582	-0.0500786494	-0.0467725704	-0.0064044559	-0.0022567875	0.0122058622	0.1192734043
HGDP00559.HO	Druze	0.0316402853	-0.0548322954	0.0996684279	-0.0691962649	0.0229755762	0.0131716776	-0.0321404820	0.0463228394	0.0038982025	0.0024022964	0.0207215307
HGDP00560.HO	Druze	0.0225989565	-0.0831775562	0.1357629518	0.0349802698	0.0181908496	-0.0036098754	-0.0474373056	0.0142701390	-0.0038358017	0.0325249651	0.0015855735
HGDP00561.HO	Druze	0.0193950076	-0.0473146695	0.0654087775	-0.0369188582	0.0009421325	0.0005665299	-0.0047065965	0.0050939304	-0.0000958810	0.0325539391	0.0028634047
HGDP00562.HO	Druze	0.0373129417	-0.0773255518	0.1015066104	0.0147959488	0.0217755383	-0.0344194501	-0.0336183088	-0.0514413668	0.0541715911	-0.0739199043	0.3499999963
HGDP00563.HO	Druze	0.0408594024	-0.0113493502	0.0152136645	-0.0656750421	0.0288353736	0.0369850373	0.0622396401	0.0299130909	-0.0454127226	0.0276276152	0.0211110143
HGDP00564.HO	Druze	0.0433792976	-0.0705581866	0.0818455539	0.0037343120	0.0235071323	-0.0265826462	-0.0225686336	-0.0514347086	0.0821177868	-0.0778041459	0.3874690813
HGDP00565.HO	Druze	0.0291790997	-0.0956395581	0.1494238908	0.0438630652	0.0095190589	-0.0331937007	-0.0488623666	-0.0256053946	0.0168252541	-0.0126314631	0.1748880608
HGDP00566.HO	Druze	0.0177170615	0.0085206857	0.0293902159	-0.0355321955	0.0015068333	0.0301286624	0.0093231732	0.0002171726	0.0125605678	-0.0215675892	-0.0221785800
HGDP00567.HO	Druze	0.0330477335	-0.1102760192	0.1998501972	0.0449715285	0.0357509393	-0.0296114335	-0.0904352248	0.0157889062	-0.0343436996	0.0745092089	-0.0918971790
HGDP00568.HO	Druze	0.0419733767	-0.1099690191	0.1881395002	0.0225519190	-0.0253139882	-0.0236197948	-0.0762821729	0.0537856849	-0.0208971280	0.0736148282	-0.1159879463
HGDP00569.HO	Druze	0.1661085326	-0.0474367485	0.0741919671	-0.0470640613	-0.0365262093	0.0046015842	0.0063545764	0.0188202263	-0.0003492355	0.0022333050	0.0028273028
HGDP00571.HO	Druze	0.0258944038	-0.0560359256	0.1081658106	0.0287582698	-0.0558687492	0.0086376118	-0.0376608194	0.0446817002	-0.0221194882	-0.0029241210	-0.0414579695
HGDP00572.HO	Druze	0.0304676585	-0.0704393832	0.1350541527	-0.0358151557	0.0024914089	-0.0167029482	-0.0416088885	0.0311378392	-0.0101423059	0.0694574166	-0.1190806963
HGDP00573.HO	Druze	0.0211243945	-0.0895365572	0.1252898911	0.0191646760	-0.0276207461	0.0001567574	-0.0259048849	-0.0077346059	-0.0041250421	0.0186235854	0.0567887879
HGDP00574.HO	Druze	0.0258833390	-0.0858374562	0.1524150774	-0.0089502579	-0.0090103819	0.0113826985	-0.0789896763	0.0120451514	-0.0035553873	0.0464772913	-0.1595521983
HGDP00575.HO	Druze	0.0330688039	-0.1063746716	0.1821580243	0.0271458615	-0.0097035460	-0.0337892201	-0.0788554680	0.0357223406	-0.0260842100	0.0803289792	-0.2066768504
HGDP00577.HO	Druze	0.0343808601	-0.0910033105	0.1459495850	0.0088825077	-0.0345223430	-0.0271289632	-0.0594868393	-0.0150830134	-0.0006355185	0.0375913310	-0.0423132074
HGDP00578.HO	Druze	0.0191692705	-0.0367337154	0.0822779618	-0.0111997570	-0.0062700204	-0.0150189402	-0.0191901093	-0.0118790630	0.0401756676	-0.0382345840	0.1114709617
HGDP00579.HO	Druze	0.0202988017	0.0032910218	0.0039419040	-0.0509747961	-0.0154222677	0.0243479761	0.0284632418	-0.0039275902	-0.0113902604	-0.0276992961	0.0320938768
HGDP00580.HO	Druze	0.0163545760	-0.0296553908	0.0673082080	-0.0133532188	0.0082705851	-0.0078598316	-0.0027984410	0.0017861647	-0.0149751258	0.0032422932	-0.0336533101
HGDP00582.HO	Druze	0.0217322044	-0.0282075282	0.0696412789	-0.0449074377	-0.0069247922	-0.0071846822	0.0052819816	0.0257867576	0.0146788846	0.0045399702	-0.0251447052
HGDP00583.HO	Druze	0.0345458700	-0.1048303459	0.2000644818	0.0400081558	0.0096355383	-0.0273228877	-0.0990868792	0.0479057888	-0.0207435331	0.0857569193	-0.1528056780
HGDP00584.HO	Druze	0.0358037521	-0.0215046743	0.0355704763	-0.0922451986	-0.0213622921	0.0283004472	0.0113739161	0.0351742049	-0.0186730660	0.0364311689	0.0237031507
HGDP00586.HO	Druze	0.0191089980	-0.0395657304	0.0625164097	-0.0412679394	0.0014350181	-0.0047638312	0.0087172381	-0.0018558949	0.0138607059	0.0065684281	-0.0337218515
HGDP00587.HO	Druze	0.0130300472	-0.0065520495	0.0204696412	-0.0066596324	-0.0136805789	-0.0185538486	0.0168094669	-0.0159554325	0.0247293286	-0.0065706619	-0.0039223731
HGDP00588.HO	Druze	0.0291061116	-0.0963009769	0.1752403331	0.0633013141	0.0281486923	-0.0308978455	-0.0694172904	-0.0090418260	0.0066059134	-0.0007292799	0.0950961002
HGDP00591.HO	Druze	0.0186600741	-0.0804123339	0.1345517421	0.0059465827	0.0168433788	-0.0052100444	-0.0711901991	0.0146847636	-0.0026563007	0.0246883382	0.0134819327
HGDP00594.HO	Druze	0.0481280764	-0.0768353663	0.0934303967	0.0195989138	0.0036935670	-0.0309450512	-0.0127657068	-0.0569775881	0.0829022702	-0.1002307610	0.4612288592
HGDP00595.HO	Druze	0.0264618847	-0.0659794264	0.1286968706	-0.0178385168	-0.0155551607	0.0109301681	-0.0695412652	0.0105629133	-0.0080252584	0.0546304347	-0.1594899588
HGDP00597.HO	Druze	0.1735100288	-0.0135909961	0.0139822939	-0.0415429087	0.0050423099	0.0229028910	0.0254026913	0.0045272179	-0.0052480092	-0.0028367036	-0.0143470436
HGDP00598.HO	Druze	0.0175105383	-0.0558403642	0.0916527491	-0.0324249259	-0.0325747843	-0.0145036727	-0.0122008734	-0.0080886503	-0.0031111440	0.0017005909	0.0345343361
HGDP00599.HO	Druze	0.0181166051	-0.0694740279	0.1079439661	0.0062505163	0.0251052192	-0.0025922879	-0.0432062101	0.0098130549	0.0100576121	0.0162889331	0.0207893726
HGDP00600.HO	Druze	0.0158818008	-0.0083800192	0.0276339369	-0.0291430580	0.0021937970	0.0016324532	0.0116643103	0.0082561605	0.0065101178	-0.0158533397	0.0044352298
HGDP00601.HO	Druze	0.0212171575	-0.0649018217	0.1141772943	0.0064963949	0.0053414166	-0.0040179637	-0.0230564331	-0.0126818607	-0.0389622931	0.0670345005	-0.1348746074
HGDP00602.HO	Druze	0.0172857336	-0.0162748068	0.0158129619	-0.0407958742	-0.0142805077	0.0040254710	0.0255248223	0.0124124079	0.0003941223	-0.0005376633	-0.0204979265
HGDP00604.HO	Druze	0.0337073729	-0.1017547047	0.1880162576	0.0302718599	0.0016860027	-0.0320672110	-0.0715759158	0.0161440679	-0.0287964632	0.0934489523	-0.1918676720
HGDP00606.HO	Druze	0.0322009321	-0.0493617598	0.0675458232	-0.0653398913	0.0261909038	0.0055497002	-0.0376543377	0.0072712546	0.0144209879	0.0026348588	0.1530722023
HGDP00675.HO	Palestinian	0.0864395673	0.2385601850	0.0327803233	0.0931315240	0.2527864705	-0.0018732285	-0.1108316166	0.1583482507	0.0298494161	0.0327122244	0.0166409459
HGDP00676.HO	Palestinian	0.0322517183	0.0803601270	-0.0087558869	-0.0787776847	-0.0894843319	0.0012009157	0.0361929552	-0.0448333589	0.0140574702	0.0598887676	0.0052333733
HGDP00677.HO	Palestinian	0.0777000939	0.2717792188	0.0438492123	0.1576348670	-0.1046781375	-0.0648204415	-0.1352176592	0.1121710560	0.0516155031	-0.0079445065	0.0027954675
HGDP00679.HO	Palestinian	0.0608608231	0.1359855818	0.0070560241	0.0427340131	0.2056437917	0.0020850541	-0.0397611450	0.0099536759	0.0190109514	0.0787492118	-0.0000916226
HGDP00680.HO	Palestinian	0.0334329188	0.0484681013	0.0287752645	-0.0794624597	-0.0466666772	0.0336677438	0.1122460116	-0.0273962040	0.0277209979	-0.0227493482	0.0125522012
HGDP00683.HO	Palestinian	0.1406384467	0.0306688399	-0.0560543108	0.0469546928	-0.1769162717	0.0422431764	0.1427727632	-0.1004704227	-0.2838520039	0.3562600813	0.0872318113
HGDP00684.HO	Palestinian	0.0850310886	0.0778105627	0.0020808516	-0.2345687966	0.0985366322	0.0816561876	0.0295383357	0.0054808771	0.0825123495	-0.0626731122	-0.0524115320
HGDP00686.HO	Palestinian	0.0858141589	0.0784532102	0.0144974768	-0.2353622389	0.1004429762	0.0704566375	0.0460354290	-0.0078446654	0.0574339679	-0.0500832240	-0.1116919874
HGDP00688.HO	Palestinian	0.1852540517	0.0405626755	0.0007613901	0.0677953336	0.0415777401	-0.1679627233	-0.0154396894	-0.5633766632	0.2740009190	0.0447738407	-0.1112454505
HGDP00689.HO	Palestinian	0.0644613838	0.1636379510	0.0347311000	0.0578479705	0.2493199146	0.0059466557	-0.0641168673	0.0755186607	0.0351906983	-0.0112839750	-0.0185321356
HGDP00690.HO	Palestinian	0.1483325555	0.0429068289	-0.0683767090	0.0696654615	-0.0297629991	0.0372648128	0.1148528830	-0.1086097573	-0.2610431003	0.4166992505	0.1183038964
HGDP00691.HO	Palestinian	0.0441832195	0.1130523761	0.0162248688	-0.0794364585	0.0807376789	-0.0187113408	0.0008339067	0.0069441702	0.0267716013	0.0059619549	0.0169108622
HGDP00694.HO	Palestinian	0.0669594969	0.1671567181	0.0367255028	0.0135977117	-0.1603622916	-0.0377525458	-0.0407080642	0.0834795417	0.0236666121	-0.0452929977	-0.0183333203
HGDP00696.HO	Palestinian	0.0665466902	0.1319205274	0.0054753368	0.0185102551	-0.2378662846	-0.0559171200	-0.0052702496	-0.0369791236	0.0133064565	0.0621600415	0.0356364909
HGDP00697.HO	Palestinian	0.0707023742	0.2174465886	0.0297865576	0.0482115454	-0.0463638161	-0.0768889640	-0.0952037405	0.0494185924	0.1083170238	-0.0372870868	0.0248762385
HGDP00698.HO	Palestinian	0.0698308468	0.0678804042	-0.0005147526	-0.2047864064	-0.0751838921	0.0147585915	0.0067686854	-0.0344540477	0.0771192545	-0.0441782254	-0.0282793492
HGDP00699.HO	Palestinian	0.0523589084	0.0379285008	-0.0219600647	-0.0383913461	0.0007666230	0.0229524078	0.0714775049	-0.0695688907	-0.0805892935	0.1548914336	0.0286213557
HGDP00700.HO	Palestinian	0.0591125293	0.0709204863	0.0022696482	-0.1927864992	-0.0167414406	0.0169797551	0.0302743956	-0.0471034620	0.0568649312	0.0252880706	0.0409105892
HGDP00722.HO	Palestinian	0.1291530595	0.0534512516	-0.0063771804	-0.1869409825	-0.0680590992	0.0044329174	0.0573055212	0.0067831076	0.0135694214	-0.0005579096	-0.0078630362
HGDP00724.HO	Palestinian	0.1171358874	0.2494717998	0.0466966010	0.1359896441	-0.4741227261	-0.1177142942	-0.0762600716	0.0880771304	0.0383779878	-0.0335992957	0.0048394069
HGDP00725.HO	Palestinian	0.0577260969	0.2058023731	0.0316883671	0.0914501210	-0.3128757616	-0.0690601157	-0.0791804449	0.0587050670	0.0137719680	0.0014493010	0.0069294558
HGDP00726.HO	Palestinian	0.0560872976	0.1364354855	0.0162561394	-0.0138488487	0.1663939473	0.0219226559	-0.0300436679	0.0249621453	0.0125638184	0.0471446723	0.0265004322
HGDP00727.HO	Palestinian	0.1857741485	0.0609568927	0.0109865485	0.0791879148	0.0540968716	-0.1770588360	-0.0228971581	-0.5539414566	0.2859703579	0.0488335979	-0.1354301871
HGDP00729.HO	Palestinian	0.0246831088	0.1252437590	0.0187135122	0.0054927292	0.0188594168	-0.0267056156	0.0095875927	-0.0255607358	0.0290017427	0.0291275160	0.0116023607
HGDP00730.HO	Palestinian	0.0458623860	0.0989110332	0.0092125246	0.0116306321	-0.1367771197	-0.0137874821	-0.0112299100	-0.0085525226	0.0086766879	0.0504206622	0.0120828060
HGDP00732.HO	Palestinian	0.0762178296	0.1858401298	-0.0061872605	0.1345448688	0.0621403627	-0.0163355458	-0.0614961291	-0.0079408684	-0.0711144507	0.1997780666	0.0786674617
HGDP00733.HO	Palestinian	0.0705988815	0.2169807810	0.0233336482	0.0158060493	0.0377584317	-0.0520003290	-0.1094074048	0.0894933258	0.0703529151	0.0008514722	0.0196214199
HGDP00734.HO	Palestinian	0.0391131141	0.0622878575	-0.0050297980	-0.0155105170	0.1078781723	0.0131676581	0.0523393686	-0.0797042670	-0.0345967896	0.0950569205	0.0553642776
HGDP00735.HO	Palestinian	0.1144633805	0.0518577694	-0.0512974424	0.0642808794	0.1411678979	0.0423922440	0.0616266809	-0.1014417446	-0.1738347045	0.3418019062	0.0974281832
HGDP00736.HO	Palestinian	0.0342697750	0.0466960815	0.0038621908	-0.1036763511	-0.0783172167	-0.0086546845	0.0380889214	-0.0503555926	0.0477773497	-0.0130237105	-0.0061662935
HGDP00737.HO	Palestinian	0.0608919892	0.2395884532	0.0391039287	0.1142405076	0.2997743359	0.0051728619	-0.1078527397	0.1205849981	0.0232989417	0.0034951464	-0.0064517781
HGDP00739.HO	Palestinian	0.0643165258	0.0959734610	-0.0000111378	-0.1336922191	0.1251373801	0.0712500337	0.0176440787	0.0327188464	-0.0180051492	0.0652058654	-0.0070950688
HGDP00740.HO	Palestinian	0.0484478079	0.1618181853	0.0295855275	0.0723997114	0.1705211855	-0.0097854838	-0.0604436959	0.0251426246	0.0264603830	0.0020205625	-0.0129573715
HGDP00745.HO	Palestinian	0.0703310964	0.0670812705	0.0051679879	-0.1835897818	-0.0990190488	0.0172209034	-0.0204092756	-0.0629861338	0.0830957377	-0.0082677686	-0.0364129919
HGDP01147.HO	Italian_Bergamo	0.0223262483	-0.0382442070	-0.0686806722	0.0600988645	-0.0039895970	-0.0436232880	-0.0157414461	0.0246039811	0.0072776525	-0.0120190757	0.0093072872
HGDP01151.HO	Italian_Bergamo	0.0170304262	-0.0353875942	-0.0830890757	0.0332575675	-0.0145231529	-0.0123060514	-0.0193842158	0.0302291662	-0.0017225140	-0.0170687618	-0.0140247174
HGDP01152.HO	Italian_Bergamo	0.0168587946	-0.0465030345	-0.0802720694	0.0149740408	-0.0175456318	-0.0281484597	0.0063625705	0.0233313605	0.0016036194	0.0026270443	-0.0200509285
HGDP01153.HO	Italian_Bergamo	0.1696087441	-0.0427758351	-0.0690830667	0.0396099057	0.0061758922	-0.0250164940	-0.0195457461	0.0249254051	0.0201710785	-0.0166431591	-0.0014646000
HGDP01155.HO	Italian_Bergamo	0.0210048183	-0.0392354986	-0.0822071918	0.0297171045	-0.0100058892	-0.0331475202	-0.0138796221	0.0144700288	0.0098373143	-0.0001468786	-0.0043649575
HGDP01156.HO	Italian_Bergamo	0.0116876621	-0.0338855872	-0.0806155026	0.0260363300	-0.0020066017	-0.0244655423	-0.0141229675	0.0367050612	0.0129804128	-0.0191586086	-0.0126736782
HGDP01157.HO	Italian_Bergamo	0.0210885526	-0.0424712245	-0.0772991711	0.0310568951	0.0009390241	-0.0144439760	-0.0063149807	0.0068667170	0.0373314569	-0.0045858476	0.0031509080
HGDP01161.HO	Italian_Tuscan	0.0141597605	-0.0383147342	-0.0637374009	0.0286340286	0.0072024998	-0.0215148002	-0.0081908703	0.0012686513	0.0153780132	-0.0091331579	-0.0237836760
HGDP01162.HO	Italian_Tuscan	0.0227909748	-0.0394196798	-0.0776683509	0.0442165133	0.0092564512	-0.0437242490	0.0121489600	0.0103081984	0.0165420579	-0.0132140745	-0.0002897070
HGDP01164.HO	Italian_Tuscan	0.0235377222	-0.0312410190	-0.0669251357	0.0393831090	0.0087648268	-0.0229361261	-0.0109182248	0.0094724022	0.0264171014	-0.0005391852	-0.0002633850
HGDP01166.HO	Italian_Tuscan	0.0243375486	-0.0381326770	-0.0685993129	-0.0065917903	0.0114616084	-0.0213211026	-0.0217516447	0.0354429181	0.0121404606	0.0044186430	-0.0003655314
HGDP01167.HO	Italian_Tuscan	0.0221192144	-0.0373095172	-0.0699835785	0.0191729102	0.0099923853	-0.0252439348	-0.0050685694	0.0029681972	0.0038749540	0.0253024944	-0.0157950600
HGDP01169.HO	Italian_Tuscan	0.0202825515	-0.0360231763	-0.0619823775	0.0193956614	-0.0208970574	-0.0083060519	-0.0057439921	0.0121199645	0.0207675485	0.0083035410	-0.0183123041
HGDP01171.HO	Italian_Bergamo	0.0185267754	-0.0462605886	-0.0734479886	0.0593273120	0.0067177024	-0.0167875548	-0.0049757977	0.0079853201	-0.0061713544	0.0076803156	-0.0131360911
HGDP01172.HO	Italian_Bergamo	0.1717942439	-0.0344722208	-0.0813868780	0.0372731077	-0.0314421667	-0.0172657565	-0.0170049568	0.0237144008	-0.0001641704	-0.0017214855	-0.0290808548
HGDP01173.HO	Italian_Bergamo	0.0175340549	-0.0374945848	-0.0730554146	0.0298424992	-0.0049078199	-0.0327793152	-0.0046804639	0.0313304968	0.0131752513	-0.0083406146	-0.0248471919
HGDP01174.HO	Italian_Bergamo	0.0223858420	-0.0357917674	-0.0641270951	0.0575163051	0.0308332234	-0.0346186875	-0.0166404810	-0.0062611716	0.0238265345	-0.0323392594	-0.0073033828
HGDP01177.HO	Italian_Bergamo	0.0206447872	-0.0406634560	-0.0720153555	0.0519414504	0.0127412104	-0.0173073214	-0.0113863033	0.0125304987	0.0013455652	0.0051916778	0.0044892370
ITS2.HO	Italian_South	0.2173520186	0.0584789194	-0.0406064758	-0.1603599242	0.0453787316	-0.2666123493	-0.2474400608	-0.1787760942	-0.4786673257	-0.2496519651	-0.0067916725
ITS4.HO	Italian_South	0.0128231842	-0.0336270181	-0.0325350052	0.0117352871	-0.0063942384	-0.0127711045	0.0046453442	-0.0197109576	-0.0154231067	-0.0041344615	-0.0112291359
ITS5.HO	Italian_South	0.2170598094	0.0599639032	-0.0442538668	-0.1586786952	0.0499900456	-0.2716846843	-0.2404254230	-0.1755481067	-0.4810315260	-0.2467935581	-0.0043209182
ITS7.HO	Italian_South	0.0137750077	-0.0265573102	-0.0373878851	0.0063635141	0.0048343643	-0.0072783003	0.0156508002	0.0220784087	-0.0047355734	0.0066455133	-0.0300646235
IraqiJew1417.HO	Jew_Iraqi	0.0265337101	0.0158657174	0.0027524603	-0.0684855767	-0.0349888661	0.0158244304	0.0343580886	-0.0018680208	0.0108448443	-0.0343014292	0.0064594193
IraqiJew1430.HO	Jew_Iraqi	0.0210900886	0.0086366337	-0.0001204251	-0.0418136991	-0.0218995556	0.0258670476	0.0459919163	0.0160264086	0.0119049260	-0.0162552366	0.0159854611
IraqiJew1771.HO	Jew_Iraqi	0.0162702077	0.0038968045	0.0068439584	-0.0186744106	-0.0176872066	0.0132529272	0.0422743144	0.0061353122	0.0039634256	-0.0290203329	0.0085886378
IraqiJew4061.HO	Jew_Iraqi	0.0199936614	0.0032141551	0.0028613963	-0.0552237630	-0.0072531769	0.0211487290	0.0434050720	0.0135006859	-0.0013227475	0.0029009854	0.0074173864
IraqiJew4241.HO	Jew_Iraqi	0.0256759987	-0.0019118708	0.0037562837	-0.0443472541	-0.0452287808	0.0375999954	0.0515851999	0.0031554357	-0.0043999721	0.0046204377	-0.0072701856
IraqiJew4291.HO	Jew_Iraqi	0.0206611598	0.0035180915	0.0121966749	-0.0469232862	0.0094743653	0.0303552190	0.0440667645	-0.0063155759	-0.0071932521	-0.0150605049	-0.0061233289
Lebanese10AQ127.HO	Lebanese_Muslim	0.0260652916	0.0239008365	0.0183180278	-0.0624276421	0.0023934521	0.0318831571	0.0418372045	0.0062174075	0.0038284182	-0.0119019605	-0.0154516624
Lebanese10AR37.HO	Lebanese_Christian	0.0185287137	0.0189661776	-0.0049539779	-0.0431949404	0.0102345316	0.0129324898	0.0325488915	0.0153612731	-0.0071925727	-0.0188801523	-0.0119053995
Lebanese11AS14.HO	Lebanese_Muslim	0.0202774641	0.0059814371	0.0002997514	-0.0504605394	-0.0280045906	0.0137822455	0.0175179133	0.0085887608	-0.0011853643	-0.0297959365	-0.0133735821
Lebanese15AR37.HO	Lebanese_Christian	0.0185972040	0.0022690064	-0.0034088287	-0.0369287735	-0.0146187813	0.0095290445	0.0449556454	-0.0380293265	-0.0031773283	-0.0121745295	-0.0301688450
Lebanese1AQ127.HO	Lebanese_Christian	0.0196872976	0.0050729326	-0.0049769819	-0.0493696083	-0.0116359681	0.0142238942	0.0441087760	0.0007070693	-0.0046756624	-0.0113422031	0.0100429482
Lebanese1AQ170.HO	Lebanese_Christian	0.0205311216	-0.0079796539	-0.0008024315	-0.0516355566	0.0134194073	0.0180539336	0.0393550576	0.0071519558	-0.0070300645	-0.0017517389	0.0156945658
Lebanese20AR21.HO	Lebanese_Muslim	0.0241263743	-0.0086035486	0.0170068196	-0.0349454015	0.0102350901	0.0240364490	0.0557332848	-0.0206289987	0.0056518959	-0.0418089996	-0.0007173245
Lebanese22BA23.HO	Lebanese_Christian	0.0202947774	0.0132318066	0.0016358596	-0.0639755354	-0.0109258960	0.0067778192	0.0261611497	-0.0134354697	0.0120129438	-0.0158324813	-0.0044791632
Lebanese24AR27.HO	Lebanese_Muslim	0.0244094653	0.0095860113	-0.0033872201	-0.0679023960	-0.0045460156	-0.0032330108	0.0539832891	-0.0209749761	-0.0068794087	0.0117438975	0.0216824421
Lebanese2AQ121.HO	Lebanese_Muslim	0.0286604219	0.0217157687	0.0015848735	-0.0797976395	0.0077328164	0.0324021933	0.0360400062	0.0108381752	0.0120924905	-0.0178646863	0.0064004712
Lebanese2AQ127.HO	Lebanese_Muslim	0.0308571284	0.0220141814	0.0011782651	-0.0802159102	0.0286127214	0.0070553523	0.0403795105	0.0226650178	0.0302213758	-0.0214482085	0.0090059958
Lebanese30AR21.HO	Lebanese_Muslim	0.0395100492	0.0148841631	-0.0011967122	-0.1115597418	-0.0310204774	0.0124512363	0.0333342429	-0.0274301392	0.0303630585	0.0265376117	0.0057520984
Lebanese4AQ115.HO	Lebanese_Christian	0.0153793032	0.0049666650	0.0069963313	-0.0420933143	-0.0001284277	0.0011863576	0.0334992683	-0.0046748323	0.0130156549	-0.0169839880	0.0023290659
Lebanese6AQ115.HO	Lebanese_Christian	0.0150349215	0.0018971857	-0.0018318314	-0.0299742557	0.0077992756	0.0252299081	0.0237461280	-0.0021965302	-0.0092468032	-0.0035731531	0.0054520311
Lebanese6AQ170.HO	Lebanese_Christian	0.0177780731	0.0098752322	0.0000298474	-0.0357819097	-0.0321650817	0.0158969114	0.0218769793	-0.0018505764	-0.0001278700	-0.0183721141	-0.0038243039
Lebanese6AS15.HO	Lebanese_Muslim	0.0218104807	0.0113049091	-0.0034638150	-0.0545321080	-0.0276259489	0.0099210657	0.0109355314	-0.0040486447	0.0169871935	-0.0361538446	-0.0165437598
Lebanese7AQ150.HO	Lebanese_Muslim	0.0281379839	0.0104823486	-0.0077661495	-0.0877068186	0.0120305679	0.0129127701	0.0234907736	0.0091783431	-0.0068252312	0.0002200164	-0.0229212045
Lebanese7AR20.HO	Lebanese_Muslim	0.0181136089	0.0086548499	-0.0034746354	-0.0400834245	-0.0207879852	0.0200427158	0.0318148284	0.0125903788	0.0049667818	-0.0128477257	-0.0068189760
Lebanese7AR23.HO	Lebanese_Muslim	0.0238711023	0.0068808544	0.0111851749	-0.0488958011	-0.0060289775	0.0250929585	0.0364928533	-0.0085693565	0.0038856779	-0.0555976963	-0.0154346461
Lebanese8AS15.HO	Lebanese_Christian	0.0137464715	0.0033186176	-0.0043845181	-0.0239890113	0.0136636896	0.0210724470	0.0460643796	0.0002511440	-0.0052436468	-0.0174631297	-0.0097119990
Lebanon1.HO	Lebanese	0.0218462479	0.0011589384	0.0024762664	-0.0599645799	-0.0133384153	0.0260241561	0.0360080631	-0.0121952419	-0.0137241779	-0.0332933174	0.0126821280
Lebanon2.HO	Lebanese	0.0222781567	0.0055979266	0.0104571696	-0.0437369869	-0.0389454002	-0.0034259343	0.0422575158	-0.0143885657	0.0010623623	-0.0292614109	-0.0089451134
Lebanon3.HO	Lebanese	0.0261655748	0.0051436953	-0.0122570535	-0.0581827056	0.0024118270	0.0194830766	0.0458283484	-0.0222170160	-0.0365686631	0.0209949861	0.0090535866
Lebanon4.HO	Lebanese	0.0330467246	0.0386765801	0.0257226173	-0.0624754107	0.0078815040	0.0445074675	0.0743524303	-0.0438212888	-0.0391897800	-0.0102772767	0.0149285661
Lebanon5.HO	Lebanese	0.0635248738	0.0369745002	0.0307150711	-0.1919571846	-0.0001378747	0.0275515730	0.0778810964	0.0016644818	0.0182546388	0.0325800606	0.0113877826
Lebanon6.HO	Lebanese	0.0574334847	-0.0174687393	-0.0153116126	-0.1391730367	-0.0478620761	0.0191007214	0.0484024842	0.0338151723	-0.0369149770	0.0809452892	0.0270850113
Lebanon7.HO	Lebanese	0.0174427268	0.0148864188	0.0136255591	-0.0212499231	0.0418318785	-0.0001382492	0.0331748154	-0.0136461537	-0.0044545936	-0.0320500954	-0.0078493068
Lebanon8.HO	Lebanese	0.0237995093	0.0015749663	-0.0058616503	-0.0630254596	-0.0124233113	0.0188434782	0.0193807655	0.0350394568	0.0058949240	-0.0034748595	-0.0063259186
Malta12AM91.HO	Maltese	0.0152948550	-0.0161148573	-0.0425644509	-0.0033047493	0.0185565381	-0.0047524642	0.0206637600	-0.0164327612	0.0230852342	-0.0079909456	0.0343796802
Malta15AM91.HO	Maltese	0.0175415814	-0.0271288699	-0.0437650793	-0.0364566951	0.0030883602	0.0156105773	0.0196271732	0.0172671079	0.0138377667	-0.0046344801	0.0088372056
Malta16AM91.HO	Maltese	0.0163605556	-0.0084182521	-0.0192960183	-0.0221676876	0.0408520083	-0.0041762690	0.0011805818	0.0254327352	0.0092898379	-0.0179709200	-0.0108832798
Malta17AM91.HO	Maltese	0.0110192643	-0.0154657324	-0.0371331241	0.0007963759	0.0217699989	-0.0145542639	-0.0013013793	0.0075431547	0.0195828951	-0.0162379084	-0.0262584871
Malta2AM91.HO	Maltese	0.0141430043	-0.0007103403	-0.0433290052	-0.0215034086	0.0085509130	-0.0065919623	0.0050763469	0.0257866660	0.0160079275	-0.0173905064	0.0177545224
Malta4AM91.HO	Maltese	0.0137071902	-0.0128701980	-0.0380368444	-0.0024091764	0.0071404805	-0.0090388164	0.0206934260	-0.0073547734	0.0344123846	-0.0259640516	0.0127504822
Malta7AM91.HO	Maltese	0.0158993886	-0.0310335002	-0.0287170230	0.0039548049	0.0464672064	0.0009729642	0.0249073003	-0.0043281684	0.0104094676	-0.0314784318	-0.0058601476
Malta8AM91.HO	Maltese	0.0123966181	-0.0165299731	-0.0446344441	-0.0040428062	0.0246517496	-0.0063180659	0.0216324383	0.0086601059	0.0145637841	-0.0174990856	0.0062181694
NA17372.HO	Greek	0.0127527963	-0.0214914414	-0.0426680078	-0.0013021058	0.0336080694	-0.0175019606	-0.0042664284	0.0202619625	0.0193063149	-0.0173523211	-0.0019746429
NA17373.HO	Greek	0.0160628018	-0.0467912405	-0.0627599590	0.0281127522	-0.0182076540	-0.0065916867	-0.0058752305	0.0180912230	0.0190632492	0.0068208347	-0.0223105176
NA17375.HO	Greek	0.0115888598	-0.0248655832	-0.0332315888	0.0184604467	-0.0039611168	-0.0037936656	-0.0012393818	0.0306562608	0.0076467019	-0.0164975660	-0.0234741833
NA17376.HO	Greek	0.0114194918	-0.0149898205	-0.0283304383	-0.0008675236	0.0216283257	-0.0024402214	0.0057045211	0.0084429942	0.0089424593	-0.0476650564	0.0045125835
NaN129RT.HO	Italian_South	0.0128833777	-0.0302563749	-0.0447130668	0.0222760770	0.0175853872	0.0123597643	0.0097576761	0.0135744004	0.0053740003	-0.0264258614	0.0067657524
Nei18.HO	Italian_North	0.0202513716	-0.0554233519	-0.0729731789	0.0547236868	0.0041099434	-0.0209138883	-0.0140404100	0.0022703482	-0.0015352357	-0.0113173980	-0.0459198106
Nei27.HO	Italian_North	0.0231275075	-0.0533937942	-0.0822336813	0.0546079279	0.0032051963	-0.0323008571	-0.0133014080	0.0204406580	-0.0105681950	0.0067386853	-0.0076172003
PG128.HO	Italian_Central	0.0124110520	-0.0192830594	-0.0441140546	0.0246181511	0.0007114636	-0.0052999727	-0.0270037178	0.0218045713	0.0108221925	-0.0266042182	-0.0123211372
PG2012_242.HO	Italian_Central	0.0129607209	-0.0366619976	-0.0634082312	0.0126949172	-0.0057260824	-0.0232367081	-0.0060231495	0.0089714983	0.0249414602	-0.0125304863	-0.0086360070
PG2012_398.HO	Italian_South	0.0159076711	-0.0326550928	-0.0377232312	0.0034050827	-0.0223557824	-0.0027671385	0.0291237063	-0.0235946811	-0.0081721125	0.0203943716	0.0030441598
PG2012_424.HO	Italian_South	0.0143932034	-0.0186966850	-0.0490410099	0.0102600188	-0.0358777712	0.0040382599	-0.0112522984	-0.0079383967	0.0214926506	-0.0108181311	0.0021098234
PG2012_477.HO	Italian_Central	0.0158683677	-0.0377672239	-0.0640391497	0.0043920841	0.0140016966	-0.0312420479	-0.0152656788	-0.0054632644	0.0184037673	-0.0125883899	-0.0022917091
PG2012_625.HO	Italian_Central	0.0130793830	-0.0311418473	-0.0553545224	0.0344399736	0.0170820782	-0.0175683086	-0.0060136534	0.0127286320	0.0045941756	-0.0044017937	-0.0226900719
PG2012_639.HO	Italian_Central	0.0137753091	-0.0308483865	-0.0518937917	0.0373335026	0.0012009663	-0.0267770509	0.0018156358	0.0226976905	0.0019089049	-0.0313999475	-0.0162977737
PG2012_642.HO	Italian_Central	0.0175730070	-0.0434077829	-0.0517457978	0.0118307643	-0.0000570433	-0.0251576384	0.0061348802	-0.0153558170	0.0143291359	0.0157076666	0.0021229586
PG2012_647.HO	Italian_Central	0.0131405010	-0.0347561680	-0.0583000059	0.0325007755	-0.0089240587	-0.0106492339	0.0030298840	0.0104404393	0.0018376599	-0.0078012526	-0.0093897528
PG2012_699.HO	Italian_South	0.0116981898	-0.0125476273	-0.0296437674	0.0199521294	0.0301534511	-0.0020928970	0.0015231499	0.0118172523	-0.0021031545	-0.0005124057	-0.0144311040
PG470.HO	Italian_Central	0.0192536620	-0.0217017989	-0.0496864150	0.0548547066	0.0386625382	-0.0211786467	0.0023403085	0.0103427236	-0.0063487601	-0.0267548602	-0.0044189645
PG720.HO	Italian_Central	0.0149684042	-0.0293905101	-0.0467740052	0.0194930236	0.0255268287	0.0001556957	-0.0089935120	0.0136233329	0.0252302257	-0.0242705344	-0.0147269122
PG722.HO	Italian_Central	0.0141943073	-0.0312497455	-0.0479539574	0.0345575743	0.0079084520	-0.0119255943	0.0034810211	0.0207008226	0.0015626092	-0.0149780398	0.0001386153
PG723.HO	Italian_Central	0.0174074935	-0.0459177705	-0.0606478871	0.0282246390	0.0097765089	-0.0037819702	-0.0025490742	0.0116970073	0.0087120930	0.0114003819	-0.0021454437
PG731.HO	Italian_Central	0.0149507790	-0.0243783881	-0.0521779508	0.0288258011	-0.0121093896	-0.0227348378	0.0010158939	0.0246323449	-0.0114213379	0.0039512950	-0.0046013148
PG734.HO	Italian_Central	0.0122552099	-0.0345086992	-0.0543651230	0.0030764265	-0.0081056035	-0.0156108241	0.0025886163	0.0193706071	0.0238433373	-0.0184108496	-0.0253670412
PG739.HO	Italian_Central	0.0126255598	-0.0293911493	-0.0543285796	0.0131211951	-0.0179221092	-0.0213182283	-0.0186025755	0.0267858862	0.0141826623	-0.0303069287	-0.0146132801
PG775.HO	Italian_Central	0.0146361844	-0.0274646666	-0.0622121784	0.0077081451	0.0017060117	-0.0054850972	0.0060064046	0.0258784147	0.0166231439	-0.0023922155	-0.0162988658
PuG12.HO	Italian_South	0.0099694788	-0.0188324700	-0.0452243652	0.0055938784	0.0002335933	-0.0016628723	-0.0268360473	-0.0018732863	0.0067120321	-0.0088403246	-0.0221306852
PuG17.HO	Italian_South	0.2179999980	-0.0075124109	-0.0966580907	0.0377488295	-0.0774746369	0.5404324054	-0.3733488735	-0.1775455094	-0.0308624448	-0.0506351582	0.0136120148
PuG20.HO	Italian_South	0.2173650277	-0.0014233457	-0.0768325710	0.0344080966	-0.0804238186	0.5394303289	-0.3732661267	-0.1706655731	-0.0273415385	-0.0592605024	0.0088166116
PuG28.HO	Italian_South	0.0137717623	-0.0375921099	-0.0432929406	0.0023741870	-0.0176194940	-0.0237616733	0.0059706183	-0.0115762997	-0.0173090237	-0.0065128590	-0.0000621947
PuG33.HO	Italian_South	0.0139549095	-0.0325089740	-0.0479641079	0.0129629920	-0.0216108948	-0.0111340646	0.0131700432	-0.0184878475	-0.0047130955	0.0069976631	-0.0207571915
PuG37.HO	Italian_South	0.0172091890	-0.0184566933	-0.0517772535	-0.0056067251	-0.0243987259	-0.0094576271	0.0155845582	0.0303361608	0.0129229746	-0.0050000876	0.0160664359
PuG46.HO	Italian_South	0.0145348273	-0.0384992815	-0.0476470468	0.0256661797	-0.0177133440	-0.0087562368	0.0081479045	-0.0031270249	0.0011543843	0.0047822560	-0.0010979827
PuG58.HO	Italian_South	0.0128080486	-0.0119687247	-0.0481895851	0.0245933124	-0.0049397205	-0.0088384498	-0.0049397931	0.0157328624	0.0278241805	-0.0220369147	-0.0093765943
PuG66.HO	Italian_South	0.0138118459	-0.0339456584	-0.0433490279	0.0352347741	-0.0075536910	0.0028445014	0.0121599826	-0.0057110182	0.0229803109	-0.0202144936	-0.0006520686
PuG74.HO	Italian_South	0.0163737314	-0.0221968430	-0.0424810164	0.0126877315	-0.0111383721	-0.0296029071	-0.0022439231	0.0069072140	0.0217821094	-0.0526768721	-0.0042058048
SR23.HO	Sicilian	0.0167589631	-0.0192025909	-0.0410166570	0.0149421625	-0.0234427512	-0.0325206866	0.0131244344	0.0136010821	0.0288844227	-0.0238939474	-0.0075087925
SR44.HO	Sicilian	0.0117135895	-0.0167824410	-0.0415200872	-0.0020818648	0.0039113655	-0.0233796457	0.0138975271	0.0013189688	0.0133781413	-0.0316430285	-0.0100865815
SR48R.HO	Sicilian	0.0129832873	-0.0230989297	-0.0507549484	-0.0194682295	-0.0280729750	0.0073248683	0.0029094132	0.0018394168	-0.0088090016	-0.0250359427	-0.0147304273
SR60.HO	Sicilian	0.0169130798	-0.0228449228	-0.0291631761	-0.0198684435	0.0131298403	-0.0038900521	0.0141125537	0.0314877858	0.0126078937	-0.0404594813	-0.0182230407
SR64.HO	Sicilian	0.0113211904	-0.0119257771	-0.0412580774	0.0230806314	-0.0065199034	-0.0238305384	-0.0002111311	-0.0095952547	-0.0086495173	-0.0154712598	0.0033699368
SephardiJewTurkey4950.HO	Jew_Turkish	0.0075893175	-0.0086348702	-0.0275574363	-0.0022915092	0.0062185872	0.0162773393	0.0008776751	0.0177839793	0.0031576563	-0.0116531023	-0.0244938687
SephardiJewTurkey4953.HO	Jew_Turkish	0.0156541123	-0.0032535802	-0.0185836892	0.0030564319	-0.0101631825	0.0303822526	0.0305570869	0.0115007030	0.0186146991	-0.0189365257	0.0044589453
SephardiJewTurkey4955.HO	Jew_Turkish	0.0231739128	-0.0010704998	-0.0265615420	-0.0078061992	0.0659355805	-0.0116985700	0.0014189322	-0.0111141275	0.0331629391	-0.0162455275	-0.0063264399
SephardiJewTurkey5033.HO	Jew_Turkish	0.0181014355	-0.0036327910	-0.0163535935	-0.0273664783	-0.0121811437	-0.0019089611	0.0101573111	0.0050085680	0.0204344192	-0.0555886505	-0.0204359992
SephardiJewTurkey5075.HO	Jew_Turkish	0.0148860178	-0.0168064246	-0.0341932098	-0.0129504421	0.0057509892	0.0356529380	0.0205683537	0.0099749720	-0.0118718472	-0.0095007733	0.0031439853
SephardiJewTurkey5832.HO	Jew_Turkish	0.0108047024	-0.0058675534	-0.0203606154	-0.0186353117	0.0146718895	0.0135544241	0.0190830355	0.0057805450	-0.0015880725	-0.0132346353	-0.0051731870
SephardiJewTurkey5877.HO	Jew_Turkish	0.0142751698	-0.0100468653	-0.0237022835	-0.0311903185	0.0072238766	0.0148972414	0.0076865626	-0.0187169252	0.0203039048	-0.0003989529	-0.0308090363
SephardiJewTurkey6077.HO	Jew_Turkish	0.0182019309	-0.0130158471	-0.0117196688	-0.0256914485	0.0186901648	0.0040205373	0.0285491207	0.0248356741	0.0237416011	-0.0307248136	0.0011934513
TP04.HO	Sicilian	0.0138287837	-0.0278800970	-0.0508910250	0.0272924816	-0.0067350020	0.0005677660	0.0069446319	0.0063198287	-0.0057753245	-0.0006876599	-0.0417392748
TP05.HO	Sicilian	0.0117516129	-0.0212588895	-0.0440793660	0.0003126068	0.0216207548	0.0028968191	0.0005136852	-0.0104582861	0.0163943860	-0.0135784499	0.0075477405
TP06.HO	Sicilian	0.0138574059	-0.0246295598	-0.0405003426	0.0317529516	0.0119322071	-0.0197229589	0.0110053283	0.0002836399	0.0167584949	-0.0241583547	-0.0101563282
TP07.HO	Sicilian	0.0066199607	-0.0099857197	-0.0450675681	0.0127389021	-0.0090004061	-0.0101590738	0.0113497520	-0.0046049960	0.0088478535	-0.0108720113	-0.0079753923
TP08.HO	Sicilian	0.0211896473	-0.0295140519	-0.0515900208	0.0577147981	0.0147735528	0.0064480439	0.0176235338	-0.0108484004	0.0050721517	0.0010204265	0.0113393809
TP25.HO	Sicilian	0.0141023835	-0.0186452482	-0.0479956897	-0.0180133863	0.0198578464	-0.0047902617	0.0088628064	0.0233304690	-0.0061990164	0.0058299801	-0.0177016796
VT035.HO	Italian_Central	0.0191871631	-0.0297111360	-0.0509106637	0.0449370360	-0.0310312358	-0.0201982473	-0.0019663408	-0.0114240461	0.0349200951	-0.0266885880	-0.0032857129
YemeniteJew4667.HO	Jew_Yemenite	0.1104617043	0.0425948713	0.0838089775	0.1781591244	0.0469318742	0.1000571263	0.2108427622	-0.1063701695	-0.0726760045	-0.1543751399	-0.0393794388
YemeniteJew4675.HO	Jew_Yemenite	0.0790345728	0.0548194970	0.0695133422	0.0931101882	-0.0179749664	0.0597886262	0.1503068775	-0.0244857603	-0.0547257306	-0.1589059096	-0.0398098240
YemeniteJew4684.HO	Jew_Yemenite	0.1447244008	0.0339814723	0.1098877386	0.2474640048	0.0332012342	0.1196772022	0.2408987870	-0.0907461733	-0.1356474155	-0.2053327069	-0.0532263633
YemeniteJew4695.HO	Jew_Yemenite	0.1266331432	0.0472466253	0.1002417801	0.2342000502	0.0270307338	0.1001417201	0.2254421208	-0.0713015029	-0.1141054671	-0.1993154475	-0.0236672726
YemeniteJew4937.HO	Jew_Yemenite	0.0977496363	0.0668723014	0.0882234182	0.1294600566	-0.0330194321	0.0816850374	0.1740758815	-0.0057908556	-0.1114206034	-0.1485961561	-0.0636720366
YemeniteJew4938.HO	Jew_Yemenite	0.0722637649	0.0441490878	0.0722774221	0.0698030929	-0.0152992492	0.0785933907	0.1615423706	-0.0342318754	-0.0525765652	-0.1164169574	-0.0386995985
YemeniteJew4960.HO	Jew_Yemenite	0.0655743332	0.0480619217	0.0632067161	0.0565212148	-0.0082780211	0.0786126279	0.1282327455	-0.0417253046	-0.0603815957	-0.1110469426	-0.0416503454
YemeniteJew5433.HO	Jew_Yemenite	0.0709597232	0.0466888803	0.0779460615	0.0513722645	-0.0010339183	0.1089486093	0.1461753731	-0.0457417622	-0.0811719790	-0.1180263227	-0.0406446710
